origin_country_name,dispatch_country_name,commodity_code,steel_product_group,tonnes,value,active_months,origin_dispatch_different
India,India,72071210,Semi-finished steel,751703.693,297352414,26,False
India,India,72249014,Alloy steel ingots and semi-finished,671039.886,258986175,20,False
Turkey,Turkey,72142000,Other bars and rods,301097.945,143536463,26,False
Vietnam,Vietnam,72104900,Coated or plated flat products,283306.952,173882907,29,False
Spain,Spain,72163291,Angles shapes and sections,279427.205,176290878,29,False
Netherlands,Netherlands,72253090,Other alloy flat products,273348.739,147919279,28,False
South Korea,South Korea,72071210,Semi-finished steel,258557.58000000002,115247732,12,False
Brazil,Brazil,72071210,Semi-finished steel,256831.382,116054612,12,False
France,France,72253090,Other alloy flat products,248834.82200000001,149043742,29,False
France,France,72104900,Coated or plated flat products,229824.108,175746181,29,False
Unknown / not supplied,Ireland,72044910,Ferrous waste and scrap,226848.63400000002,42471687,29,True
South Korea,South Korea,72104900,Coated or plated flat products,219360.115,138745338,28,False
India,India,72104900,Coated or plated flat products,212135.157,135467884,23,False
India,India,72249038,Alloy steel ingots and semi-finished,206045.451,85120398,7,False
Netherlands,Netherlands,72071210,Semi-finished steel,204362.182,98666159,21,False
Taiwan,Taiwan,72104900,Coated or plated flat products,200028.174,120270628,25,False
Portugal,Portugal,72142000,Other bars and rods,177186.76,90109781,26,False
Spain,Spain,72163390,Angles shapes and sections,170332.951,107474125,29,False
Netherlands,Netherlands,72083900,Hot-rolled flat products,164875.572,83986382,28,False
South Korea,South Korea,72107080,Coated or plated flat products,159495.801,167564570,27,False
Belgium,Belgium,72104900,Coated or plated flat products,148746.96,121142456,29,False
Germany,Germany,72071210,Semi-finished steel,145734.677,71130794,16,False
Germany,Netherlands,72071210,Semi-finished steel,123105.45599999999,57075846,16,True
Portugal,Portugal,72131000,Hot-rolled bars and rods,122772.11,64628935,27,False
Netherlands,Netherlands,72104900,Coated or plated flat products,122702.76000000001,112674045,29,False
Algeria,Algeria,72142000,Other bars and rods,117469.75,57464280,17,False
Turkey,Turkey,72104900,Coated or plated flat products,116151.905,68945395,23,False
Belgium,Belgium,72259200,Other alloy flat products,115206.987,109125126,29,False
France,France,72083900,Hot-rolled flat products,113671.823,70952414,29,False
Netherlands,Netherlands,72249014,Alloy steel ingots and semi-finished,109949.44900000001,53052733,15,False
India,India,72083900,Hot-rolled flat products,109861.686,53248711,13,False
Germany,Germany,72104900,Coated or plated flat products,109442.691,88066360,29,False
South Korea,South Korea,72091690,Cold-rolled flat products,109360.994,60146653,28,False
Netherlands,Netherlands,72085120,Hot-rolled flat products,105590.068,85221336,29,False
Netherlands,Netherlands,72083700,Hot-rolled flat products,102651.429,57311541,29,False
Netherlands,Netherlands,72083800,Hot-rolled flat products,102566.174,53381698,29,False
Belgium,Belgium,72107080,Coated or plated flat products,98288.437,133513985,29,False
Belgium,Belgium,72082700,Hot-rolled flat products,91155.662,57284605,29,False
Spain,Spain,72163211,Angles shapes and sections,88991.973,55898515,29,False
Netherlands,Netherlands,72083600,Hot-rolled flat products,84200.711,49370983,29,False
Japan,Japan,72091690,Cold-rolled flat products,82751.43,45755565,19,False
Germany,Germany,72139149,Hot-rolled bars and rods,80970.883,44678553,28,False
South Korea,South Korea,72085120,Hot-rolled flat products,79870.431,49716437,22,False
France,France,72259200,Other alloy flat products,77983.818,68706107,29,False
Spain,Spain,72287010,Other alloy bars rods and sections,75475.444,47855762,29,False
France,France,72083700,Hot-rolled flat products,73073.605,48330215,29,False
Ireland,Ireland,72044110,Ferrous waste and scrap,69162.259,15183911,26,False
Turkey,Turkey,72071210,Semi-finished steel,68432.515,30368407,3,False
Brazil,Brazil,72249014,Alloy steel ingots and semi-finished,68356.739,28379111,8,False
Belgium,Belgium,72091690,Cold-rolled flat products,67837.244,42630118,29,False
South Korea,South Korea,72091790,Cold-rolled flat products,67676.969,37717199,28,False
India,India,72083700,Hot-rolled flat products,60221.568,31379804,15,False
India,India,72083800,Hot-rolled flat products,59923.707,30198726,13,False
Ireland,Ireland,72043000,Ferrous waste and scrap,59174.389,8743857,29,False
France,France,72259900,Other alloy flat products,59132.492,67158943,29,False
China,China,72071210,Semi-finished steel,58647.676,29179275,10,False
Germany,Germany,72259200,Other alloy flat products,57563.797,55492376,29,False
Portugal,Spain,72142000,Other bars and rods,56849.84,29511365,16,True
Germany,Germany,72163390,Angles shapes and sections,56161.493,38008300,29,False
Germany,Germany,72083700,Hot-rolled flat products,54602.367,31798519,29,False
Spain,Spain,72163110,Angles shapes and sections,53629.87,34429892,29,False
Egypt,Egypt,72083900,Hot-rolled flat products,53613.81,25441202,11,False
Austria,Netherlands,72085198,Hot-rolled flat products,52454.467000000004,51789257,9,True
Turkey,Turkey,72083700,Hot-rolled flat products,48605.252,27295490,16,False
Turkey,Turkey,72083600,Hot-rolled flat products,48552.79,26392098,19,False
China,China,72101220,Coated or plated flat products,48272.983,43656353,29,False
Luxembourg,Luxembourg,72163390,Angles shapes and sections,48063.491,36731919,26,False
Japan,Japan,72083900,Hot-rolled flat products,47248.716,21341255,12,False
Egypt,Egypt,72142000,Other bars and rods,45698.712999999996,21461750,8,False
South Korea,South Korea,72106900,Coated or plated flat products,45110.455,32209406,29,False
France,France,72142000,Other bars and rods,44827.815,24322327,24,False
South Africa,Netherlands,72024190,Ferro-alloys,44755.701,38041049,13,True
Austria,Austria,72259200,Other alloy flat products,44682.987,46079929,29,False
Spain,Spain,72163310,Angles shapes and sections,44636.041,28328636,29,False
Netherlands,Netherlands,72085299,Hot-rolled flat products,44084.996,30507618,29,False
Taiwan,Taiwan,72083900,Hot-rolled flat products,43042.515,21273328,20,False
Egypt,Egypt,72083700,Hot-rolled flat products,42636.683,19052163,10,False
Belgium,Belgium,72091790,Cold-rolled flat products,41813.726,25778549,29,False
Belgium,Belgium,72083700,Hot-rolled flat products,41311.246999999996,23724818,29,False
France,France,72149110,Other bars and rods,40821.461,25190560,29,False
Sweden,Sweden,72254060,Other alloy flat products,40576.504,44819170,29,False
Turkey,Turkey,72163110,Angles shapes and sections,40399.364,25076635,23,False
Belgium,Belgium,72103000,Coated or plated flat products,39214.531,28360158,29,False
South Korea,South Korea,72083700,Hot-rolled flat products,38312.93,18698127,10,False
Germany,Germany,72163291,Angles shapes and sections,37920.518,25418682,29,False
South Korea,South Korea,72083900,Hot-rolled flat products,37576.76,18184417,13,False
Germany,Germany,72083600,Hot-rolled flat products,37573.193,20910606,29,False
France,France,72131000,Hot-rolled bars and rods,36071.867,19988412,23,False
Unknown / not supplied,Ireland,72043000,Ferrous waste and scrap,34698.092,7007535,29,True
Luxembourg,Luxembourg,72163291,Angles shapes and sections,32965.32,24189793,22,False
Unknown / not supplied,Germany,72083700,Hot-rolled flat products,32783.598,17349376,21,True
Norway,Norway,72023000,Ferro-alloys,32603.17,32032043,27,False
Belgium,Belgium,72082600,Hot-rolled flat products,31715.636,19348451,29,False
Taiwan,Taiwan,72083700,Hot-rolled flat products,31408.005,15668103,16,False
Netherlands,Netherlands,72259200,Other alloy flat products,31188.423,29416411,29,False
Turkey,Turkey,72164010,Angles shapes and sections,31028.561999999998,20048980,18,False
Spain,Portugal,72142000,Other bars and rods,30369.927,15764762,17,True
Unknown / not supplied,Spain,72163211,Angles shapes and sections,30344.218,19156157,29,True
Germany,Netherlands,72259200,Other alloy flat products,29819.058,31252748,20,True
France,France,72107080,Coated or plated flat products,29434.434,38793308,29,False
Unknown / not supplied,Spain,72163291,Angles shapes and sections,29111.672,17342888,29,True
Belgium,Belgium,72083800,Hot-rolled flat products,28705.464,16030175,29,False
China,China,72193310,Stainless steel flat products,28429.672,50502902,29,False
Mexico,Norway,72042900,Ferrous waste and scrap,28297.355,9951298,15,True
Egypt,Egypt,72131000,Hot-rolled bars and rods,28248.66,13429274,8,False
South Korea,South Korea,72103000,Coated or plated flat products,28215.432,17263867,27,False
Unknown / not supplied,Luxembourg,72163390,Angles shapes and sections,27347.495,20454269,26,True
India,India,72091690,Cold-rolled flat products,26726.517,16003958,13,False
Turkey,Turkey,72083900,Hot-rolled flat products,26293.118000000002,13786979,19,False
India,India,72083600,Hot-rolled flat products,26140.172,13672672,13,False
Netherlands,Brazil,72071210,Semi-finished steel,26099.814,15784618,1,True
Japan,Germany,72091690,Cold-rolled flat products,25211.285,14901323,4,True
Germany,Germany,72085120,Hot-rolled flat products,25180.753,21726626,29,False
Netherlands,Netherlands,72085198,Hot-rolled flat products,25126.968,17370290,29,False
Indonesia,Vietnam,72071210,Semi-finished steel,25013.41,11201187,1,True
Unknown / not supplied,Germany,72139149,Hot-rolled bars and rods,24414.814000000002,12404798,12,True
France,France,72083600,Hot-rolled flat products,24274.419,14952748,26,False
Turkey,Turkey,72172030,Wire,23844.747,19910277,29,False
Belgium,Belgium,72255080,Other alloy flat products,23760.847,21938512,29,False
Sweden,Sweden,72254040,Other alloy flat products,23267.962,38493798,29,False
China,China,72284090,Other alloy bars rods and sections,22877.938,21596921,29,False
Finland,Finland,72085299,Hot-rolled flat products,22760.096,14296689,26,False
Sweden,Sweden,72253090,Other alloy flat products,22752.607,20995667,29,False
Brazil,France,72071210,Semi-finished steel,22610.019,10031604,1,True
Germany,Germany,72083900,Hot-rolled flat products,22544.867,12737447,28,False
Germany,Germany,72163211,Angles shapes and sections,22436.653,14548064,27,False
Turkey,Turkey,72163211,Angles shapes and sections,22371.463,13368457,19,False
Turkey,Turkey,72131000,Hot-rolled bars and rods,22228.488,11230404,12,False
Austria,Austria,72269930,Other alloy flat products under 600mm,21609.603,26817592,29,False
Spain,Spain,72283070,Other alloy bars rods and sections,21512.947,13127964,29,False
Vietnam,Vietnam,72142000,Other bars and rods,21183.76,9528792,1,False
Portugal,Spain,72131000,Hot-rolled bars and rods,21091.2,11123188,14,True
Vietnam,Germany,72104900,Coated or plated flat products,20940.681,13117466,13,True
Indonesia,Indonesia,72026000,Ferro-alloys,20893.487,25213423,3,False
Belgium,Belgium,72083900,Hot-rolled flat products,20886.171000000002,11711273,29,False
Vietnam,Vietnam,72083900,Hot-rolled flat products,20578.989999999998,10158660,8,False
Vietnam,Vietnam,72083700,Hot-rolled flat products,20439.765,11072865,10,False
France,Belgium,72149110,Other bars and rods,20407.061,12763162,20,True
Austria,Austria,72104900,Coated or plated flat products,20171.059,19200918,29,False
India,India,72071116,Semi-finished steel,20023.368,9787040,2,False
Vietnam,Vietnam,72249014,Alloy steel ingots and semi-finished,19827.528,9957147,2,False
China,China,72071116,Semi-finished steel,19535.94,9751810,1,False
Turkey,Turkey,72162100,Angles shapes and sections,19472.757,11023365,24,False
China,China,72171090,Wire,19380.578,10659919,29,False
Japan,Japan,72091790,Cold-rolled flat products,19083.55,10729591,19,False
China,China,72299090,Alloy steel wire,18982.769,14565472,29,False
Spain,Spain,72085120,Hot-rolled flat products,18607.726,14857972,24,False
Denmark,Denmark,72085120,Hot-rolled flat products,18595.809,14386336,26,False
Unknown / not supplied,Ireland,72163299,Angles shapes and sections,18410.323,12616201,29,True
Germany,Germany,72139990,Hot-rolled bars and rods,18250.827999999998,14259924,28,False
Confidential / unknown,Confidential / unknown,72022100,Ferro-alloys,18212.486,21570011,8,False
Germany,Netherlands,72083700,Hot-rolled flat products,18014.386,11471173,17,True
Japan,Norway,72042900,Ferrous waste and scrap,17851.301,7271454,10,True
Unknown / not supplied,Spain,72163390,Angles shapes and sections,17702.708,10653994,29,True
Czechia,Poland,72139190,Hot-rolled bars and rods,17356.48,10766471,27,True
Taiwan,Taiwan,72091690,Cold-rolled flat products,16808.346,8704450,12,False
Spain,Spain,72163190,Angles shapes and sections,16736.13,12145613,29,False
Ukraine,Ukraine,72071116,Semi-finished steel,16703.37,9151592,1,False
South Korea,Germany,72103000,Coated or plated flat products,16239.231,10958746,15,True
South Korea,South Korea,72163390,Angles shapes and sections,16115.78,9948493,4,False
Finland,Finland,72107080,Coated or plated flat products,16061.497000000001,20096929,29,False
Czechia,Poland,72139170,Hot-rolled bars and rods,15960.685,10111090,27,True
Portugal,Portugal,72139110,Hot-rolled bars and rods,15812.7,8017123,10,False
Taiwan,Taiwan,72082700,Hot-rolled flat products,15774.602,9296591,16,False
Sweden,Sweden,72082700,Hot-rolled flat products,15508.216,12362958,29,False
Turkey,Turkey,72149939,Other bars and rods,15316.834,8274510,22,False
Vietnam,Vietnam,72107080,Coated or plated flat products,15213.059000000001,11903530,15,False
Unknown / not supplied,Portugal,72142000,Other bars and rods,15059.406,7982717,13,True
Germany,Germany,72083800,Hot-rolled flat products,14963.763,8696007,29,False
Indonesia,Netherlands,72026000,Ferro-alloys,14825.724999999999,16262437,2,True
Finland,Finland,72083700,Hot-rolled flat products,14780.526,8075537,22,False
South Korea,Germany,72104900,Coated or plated flat products,14762.07,9621699,12,True
Germany,Germany,72163310,Angles shapes and sections,14689.573,9661446,29,False
Austria,Austria,72255080,Other alloy flat products,14636.339,16270419,29,False
Turkey,Turkey,72083800,Hot-rolled flat products,14520.534,7690592,17,False
South Korea,South Korea,72249038,Alloy steel ingots and semi-finished,14488.71,5283248,1,False
Spain,Spain,72249007,Alloy steel ingots and semi-finished,14404.138,21538389,26,False
Finland,Finland,72085198,Hot-rolled flat products,14373.729,9154684,28,False
France,France,72162100,Angles shapes and sections,14259.313,8885645,29,False
Belgium,Belgium,72082500,Hot-rolled flat products,14259.1,8111238,29,False
Netherlands,Netherlands,72172030,Wire,14053.412,10527729,29,False
Denmark,Denmark,72254040,Other alloy flat products,13668.33,12087406,25,False
Sweden,Sweden,72254090,Other alloy flat products,13450.78,16006165,29,False
Japan,Japan,72083800,Hot-rolled flat products,13439.116,6445659,10,False
Sweden,Sweden,72085299,Hot-rolled flat products,13414.226999999999,9387835,29,False
Egypt,Egypt,72083800,Hot-rolled flat products,13390.68,6335292,10,False
Czechia,Poland,72283061,Other alloy bars rods and sections,13364.537,16914797,27,True
Germany,Netherlands,72104900,Coated or plated flat products,13346.167,14428873,20,True
Sweden,Sweden,72083700,Hot-rolled flat products,13306.066,7972737,27,False
South Korea,South Korea,72083600,Hot-rolled flat products,13278.77,6404084,10,False
Italy,Italy,72085120,Hot-rolled flat products,13270.229,9720005,25,False
Czechia,Poland,72272000,Alloy bars and rods hot-rolled,13260.42,8942992,27,True
Georgia,Georgia,72023000,Ferro-alloys,13258.35,10642907,19,False
Turkey,Turkey,72163219,Angles shapes and sections,13249.756,7282714,16,False
Turkey,Turkey,72155019,Other bars and rods,13191.596,8918089,29,False
Unknown / not supplied,Ireland,72044990,Ferrous waste and scrap,13148.53,3204175,29,True
Spain,Spain,72171090,Wire,13037.253,9877603,29,False
Spain,Spain,72149110,Other bars and rods,12877.945,7473165,28,False
Turkey,Netherlands,72164010,Angles shapes and sections,12828.74,9806665,21,True
Spain,Portugal,72131000,Hot-rolled bars and rods,12622.16,6836155,14,True
Finland,Finland,72085120,Hot-rolled flat products,12531.975999999999,9816557,29,False
Netherlands,Netherlands,72091690,Cold-rolled flat products,12452.893,9437816,29,False
Belgium,Belgium,72044990,Ferrous waste and scrap,12446.834,2337382,10,False
France,France,72082700,Hot-rolled flat products,12379.682,9163633,29,False
China,China,72172030,Wire,12291.733,8560881,27,False
Finland,Finland,72083600,Hot-rolled flat products,12289.493,7002458,25,False
Malaysia,Malaysia,72142000,Other bars and rods,12280.76,5106771,2,False
Turkey,Turkey,72149110,Other bars and rods,12243.396,6818906,18,False
Kazakhstan,Kazakhstan,72024190,Ferro-alloys,12195.028,15372106,26,False
Germany,Germany,72081000,Hot-rolled flat products,12097.725,7038670,27,False
Egypt,Egypt,72083600,Hot-rolled flat products,12053.941,5558379,10,False
South Korea,South Korea,72106100,Coated or plated flat products,11982.07,9232837,19,False
Unknown / not supplied,France,72083700,Hot-rolled flat products,11965.539999999999,6142616,25,True
Taiwan,Taiwan,72083800,Hot-rolled flat products,11831.047,5736209,18,False
France,France,72085120,Hot-rolled flat products,11806.023,11517186,29,False
Turkey,Turkey,72299090,Alloy steel wire,11683.935,9048460,29,False
Indonesia,Indonesia,72085120,Hot-rolled flat products,11581.385,6271661,2,False
Sweden,Sweden,72082500,Hot-rolled flat products,11569.84,7254748,27,False
Unknown / not supplied,Germany,72083800,Hot-rolled flat products,11504.16,5969064,20,True
Spain,Spain,72171039,Wire,11466.656,9862469,29,False
Unknown / not supplied,Luxembourg,72163291,Angles shapes and sections,11430.016,8813515,26,True
Brazil,Brazil,72026000,Ferro-alloys,11397.131,35265640,18,False
Sweden,Sweden,72282091,Other alloy bars rods and sections,11392.424,8870937,29,False
Belgium,Belgium,72253090,Other alloy flat products,11138.303,5985396,28,False
Italy,Italy,72107080,Coated or plated flat products,11061.588,13471042,29,False
Belgium,Belgium,72192210,Stainless steel flat products,11018.896,28490721,29,False
Spain,Spain,72164010,Angles shapes and sections,10976.374,7053132,29,False
France,France,72051000,Granules and powders,10896.030999999999,7447863,29,False
Unknown / not supplied,France,72104900,Coated or plated flat products,10842.565,7254852,26,True
Finland,Netherlands,72193310,Stainless steel flat products,10724.76,29718400,26,True
Finland,Belgium,72193310,Stainless steel flat products,10679.075,27720509,29,True
Finland,Finland,72254060,Other alloy flat products,10662.267,8925779,28,False
Japan,Japan,72083700,Hot-rolled flat products,10651.64,5203839,8,False
Germany,Netherlands,72044990,Ferrous waste and scrap,10619.628,2393911,4,True
Germany,Germany,72071116,Semi-finished steel,10587.737000000001,5226633,11,False
Germany,Netherlands,72085299,Hot-rolled flat products,10577.476999999999,7370538,23,True
Belgium,Belgium,72254040,Other alloy flat products,10534.649,15899928,29,False
China,China,72292000,Alloy steel wire,10389.211,7447686,29,False
France,France,72101220,Coated or plated flat products,10364.925,14587496,29,False
Finland,Finland,72085390,Hot-rolled flat products,10352.385,6157799,20,False
Germany,Netherlands,72085120,Hot-rolled flat products,10335.923,10466111,29,True
Japan,Japan,72085120,Hot-rolled flat products,10113.433,9450489,1,False
India,India,72072017,Semi-finished steel,10038.69,5526891,1,False
Sweden,Sweden,72071210,Semi-finished steel,9999.37,5357769,1,False
Germany,Netherlands,72083600,Hot-rolled flat products,9927.935,6745849,16,True
Vietnam,Vietnam,72083800,Hot-rolled flat products,9914.296,5336140,10,False
Vietnam,Vietnam,72071210,Semi-finished steel,9864.528,4658517,3,False
Spain,Spain,72172030,Wire,9817.689,9102954,29,False
South Korea,South Korea,72083800,Hot-rolled flat products,9674.05,4683048,9,False
Spain,Spain,72131000,Hot-rolled bars and rods,9389.380000000001,4872902,8,False
China,China,72193410,Stainless steel flat products,9359.694,15593754,29,False
Spain,Spain,72142000,Other bars and rods,9340.853000000001,4666834,15,False
Turkey,Turkey,72165010,Angles shapes and sections,9307.441,5456279,14,False
Unknown / not supplied,France,72083800,Hot-rolled flat products,9238.314,4673191,20,True
Turkey,Turkey,72165091,Angles shapes and sections,9172.234,5532301,18,False
Italy,Italy,72139910,Hot-rolled bars and rods,9151.212,7458864,23,False
India,Belgium,72163299,Angles shapes and sections,9078.219,6188973,3,True
Brazil,Netherlands,72011090,Pig iron,9065.591,4514315,7,True
France,France,72106900,Coated or plated flat products,9006.993,8997799,29,False
France,France,72149939,Other bars and rods,8918.968,5465988,29,False
Ukraine,Poland,72011090,Pig iron,8889.6,3186326,3,True
Spain,Spain,72155011,Other bars and rods,8876.201000000001,9369248,29,False
France,France,72132000,Hot-rolled bars and rods,8865.913,6170966,28,False
Spain,Spain,72193310,Stainless steel flat products,8757.39,21477537,26,False
France,Belgium,72162100,Angles shapes and sections,8754.009,5579228,21,True
Norway,Netherlands,72022100,Ferro-alloys,8737.744,11049080,21,True
China,China,72193390,Stainless steel flat products,8669.223,9985130,29,False
Italy,Italy,72151000,Other bars and rods,8663.802,7567510,29,False
Portugal,Portugal,72123000,Coated flat products under 600mm,8657.388,6145229,28,False
Finland,Finland,72082500,Hot-rolled flat products,8617.191,4960930,18,False
Italy,Italy,72173041,Wire,8598.132,7128097,29,False
Spain,Spain,72222021,Stainless steel bars sections and wire,8560.343,27246812,29,False
Turkey,Turkey,72085120,Hot-rolled flat products,8517.478,4697040,21,False
Luxembourg,Luxembourg,72172030,Wire,8495.907000000001,8899392,28,False
India,India,72091790,Cold-rolled flat products,8481.816,4811039,11,False
Finland,Finland,72193310,Stainless steel flat products,8383.834,22222776,29,False
Spain,Spain,72162100,Angles shapes and sections,8243.565,4826731,29,False
Germany,Germany,72112900,Flat products under 600mm,8215.417,15065715,29,False
South Korea,South Korea,72085291,Hot-rolled flat products,8159.375999999999,4714060,20,False
Unknown / not supplied,Spain,72142000,Other bars and rods,8099.57,4469321,13,True
Netherlands,Netherlands,72091790,Cold-rolled flat products,8089.74,6871377,25,False
Germany,Germany,72285069,Other alloy bars rods and sections,8079.667,12731309,29,False
Luxembourg,Netherlands,72163390,Angles shapes and sections,8045.268,6284660,28,True
Germany,Germany,72051000,Granules and powders,8035.718,7321414,29,False
Turkey,Egypt,72142000,Other bars and rods,8010.04,3520747,2,True
Czechia,Czechia,72292000,Alloy steel wire,7995.097,11159866,29,False
Unknown / not supplied,Ireland,72083900,Hot-rolled flat products,7994.281,7655098,29,True
Netherlands,Netherlands,72042110,Ferrous waste and scrap,7892.102000000001,10901094,6,False
Unknown / not supplied,Finland,72254040,Other alloy flat products,7835.482,10691142,29,True
Netherlands,Netherlands,72166110,Angles shapes and sections,7823.955,13223186,29,False
Turkey,Turkey,72085299,Hot-rolled flat products,7775.262,4520293,15,False
China,China,72163291,Angles shapes and sections,7747.357999999999,3781648,4,False
France,France,72111300,Flat products under 600mm,7717.464,4834167,29,False
Turkey,Turkey,72155080,Other bars and rods,7686.423,5467971,29,False
Norway,Norway,72021180,Ferro-alloys,7676.85,7046573,17,False
Czechia,Poland,72149931,Other bars and rods,7650.57,5586395,27,True
South Africa,Netherlands,72011090,Pig iron,7597.45,4521433,4,True
Spain,Spain,72051000,Granules and powders,7581.364,5265446,28,False
Unknown / not supplied,Portugal,72139110,Hot-rolled bars and rods,7563.1,3902577,7,True
Germany,Germany,72254040,Other alloy flat products,7561.108,9784539,29,False
Belgium,Belgium,72089080,Hot-rolled flat products,7559.464,8158559,24,False
Finland,Finland,72024190,Ferro-alloys,7510.54,6824543,4,False
Unknown / not supplied,Spain,72163110,Angles shapes and sections,7418.761,4569926,26,True
Turkey,Turkey,72163190,Angles shapes and sections,7410.473,5094852,15,False
China,China,72179020,Wire,7313.843,4551410,24,False
South Africa,South Africa,72024190,Ferro-alloys,7290.785,3625195,4,False
Italy,Italy,72284090,Other alloy bars rods and sections,7282.964,14497972,29,False
Brazil,Germany,72091690,Cold-rolled flat products,7274.83,4148399,1,True
France,France,72149910,Other bars and rods,7271.668,11644590,17,False
China,China,72107010,Coated or plated flat products,7268.264,5038339,24,False
Turkey,Turkey,72249007,Alloy steel ingots and semi-finished,7260.908,7070852,25,False
Slovakia,Slovakia,72172030,Wire,7242.943,7245234,27,False
Ukraine,Ukraine,72083900,Hot-rolled flat products,7232.96,3995662,3,False
France,France,72164010,Angles shapes and sections,7222.333,4623919,29,False
Spain,Spain,72139141,Hot-rolled bars and rods,7200.041,3815000,13,False
Unknown / not supplied,Ireland,72085299,Hot-rolled flat products,7181.37,4462855,29,True
India,India,72071290,Semi-finished steel,7127.075,3780095,5,False
Italy,Italy,72104900,Coated or plated flat products,7119.918000000001,4398080,25,False
France,France,72091790,Cold-rolled flat products,7110.54,5936640,29,False
India,India,72085120,Hot-rolled flat products,7099.2609999999995,3843240,7,False
Czechia,Poland,72149971,Other bars and rods,7091.731,5256133,27,True
Turkey,Turkey,72111900,Flat products under 600mm,7084.951,3802185,22,False
Germany,Germany,72139141,Hot-rolled bars and rods,7081.3279999999995,3677422,19,False
Turkey,Turkey,72165099,Angles shapes and sections,7066.84,3972735,19,False
Spain,Spain,72192210,Stainless steel flat products,7064.388,16260699,25,False
Italy,Italy,72222011,Stainless steel bars sections and wire,7032.666,30139212,29,False
Sweden,Sweden,72082600,Hot-rolled flat products,7030.3,4370549,27,False
Germany,Germany,72142000,Other bars and rods,6988.809,8863330,29,False
India,India,72253090,Other alloy flat products,6925.12,3380740,3,False
Sweden,Sweden,72192210,Stainless steel flat products,6910.426,19974328,29,False
France,France,72254040,Other alloy flat products,6837.139,33649692,29,False
Brazil,Brazil,72163390,Angles shapes and sections,6823.269,3496838,3,False
Sweden,Sweden,72283069,Other alloy bars rods and sections,6811.29,7905726,29,False
Germany,Germany,72131000,Hot-rolled bars and rods,6777.219,4265647,28,False
Taiwan,Taiwan,72083600,Hot-rolled flat products,6754.57,3429976,13,False
Sweden,Sweden,72085198,Hot-rolled flat products,6733.83,4514157,28,False
South Africa,South Africa,72193390,Stainless steel flat products,6701.427,9342109,22,False
Belgium,Belgium,72091891,Cold-rolled flat products,6694.177,4710997,29,False
Austria,Austria,72254040,Other alloy flat products,6665.287,7091044,23,False
Germany,Germany,72193310,Stainless steel flat products,6664.571,17064652,29,False
Belgium,Belgium,72199080,Stainless steel flat products,6599.603,16779492,29,False
South Korea,South Korea,72085191,Hot-rolled flat products,6587.687,3857693,21,False
Thailand,Thailand,72163390,Angles shapes and sections,6570.915,2963597,1,False
Portugal,Portugal,72171090,Wire,6569.866,5175695,29,False
Turkey,Turkey,72149950,Other bars and rods,6548.055,4100147,21,False
Unknown / not supplied,Ireland,72142000,Other bars and rods,6539.774,4135891,28,True
Spain,Spain,72285069,Other alloy bars rods and sections,6514.231,11630916,29,False
China,China,72193490,Stainless steel flat products,6468.531,7785882,29,False
Sweden,Sweden,72202041,Stainless steel flat products under 600mm,6434.464,36243407,28,False
Germany,Germany,72249014,Alloy steel ingots and semi-finished,6414.629,13353985,26,False
Unknown / not supplied,Belgium,72091690,Cold-rolled flat products,6346.383,3888622,24,True
Turkey,Turkey,72042110,Ferrous waste and scrap,6216.252,10292285,17,False
Sweden,Sweden,72149110,Other bars and rods,6191.497,4436750,29,False
Turkey,Turkey,72042190,Ferrous waste and scrap,6053.972000000001,6494428,7,False
Germany,Netherlands,72083800,Hot-rolled flat products,6041.048,4014287,18,True
Austria,Austria,72171090,Wire,6022.803,13535859,22,False
Ireland,Ireland,72042110,Ferrous waste and scrap,6009.577,6383727,29,False
Germany,Germany,72272000,Alloy bars and rods hot-rolled,5955.2339999999995,4144380,23,False
Ireland,Ireland,72142000,Other bars and rods,5950.116,4027267,29,False
Finland,Netherlands,72024190,Ferro-alloys,5909.762,7976020,7,True
Italy,Italy,72249007,Alloy steel ingots and semi-finished,5892.521,5747151,19,False
Italy,Italy,72287010,Other alloy bars rods and sections,5891.376,6640546,29,False
Czechia,Czechia,72172030,Wire,5867.217000000001,5782870,27,False
China,China,72141000,Other bars and rods,5852.01,5124893,28,False
Germany,Netherlands,72249014,Alloy steel ingots and semi-finished,5840.57,3650267,9,True
Spain,Spain,72269191,Other alloy flat products under 600mm,5770.533,4473165,28,False
Finland,Finland,72104900,Coated or plated flat products,5767.72,4403991,25,False
Germany,Germany,72091690,Cold-rolled flat products,5728.204,4347699,28,False
Unknown / not supplied,Ireland,72044199,Ferrous waste and scrap,5719.462,1269484,28,True
Ireland,Ireland,72042190,Ferrous waste and scrap,5697.3,7075655,29,False
Germany,Germany,72171039,Wire,5671.044,6289028,29,False
Japan,Germany,72091790,Cold-rolled flat products,5657.67,3440356,4,True
Unknown / not supplied,Netherlands,72104900,Coated or plated flat products,5608.89,3622763,28,True
Belgium,Belgium,72083600,Hot-rolled flat products,5570.587,3373128,21,False
Germany,Netherlands,72042190,Ferrous waste and scrap,5550.246999999999,5524688,2,True
India,India,72230019,Stainless steel wire,5534.398,14020852,29,False
China,China,72155019,Other bars and rods,5523.383,2982390,26,False
Sweden,Sweden,72083800,Hot-rolled flat products,5485.8949999999995,3223475,25,False
Finland,Finland,72283061,Other alloy bars rods and sections,5481.887,8594371,29,False
China,China,72149971,Other bars and rods,5469.078,3264389,26,False
Spain,Spain,72249014,Alloy steel ingots and semi-finished,5459.836,4427163,28,False
South Korea,Netherlands,72163291,Angles shapes and sections,5437.25,3639014,17,True
Germany,Germany,72111300,Flat products under 600mm,5434.638,3746972,23,False
France,France,72082500,Hot-rolled flat products,5415.867,3280080,29,False
Netherlands,Netherlands,72043000,Ferrous waste and scrap,5406.93,582008,2,False
Japan,Japan,72249038,Alloy steel ingots and semi-finished,5397.386,2185469,1,False
Turkey,Turkey,72024190,Ferro-alloys,5386.649,6819038,12,False
Denmark,Denmark,72085291,Hot-rolled flat products,5355.4169999999995,4395935,26,False
Netherlands,Netherlands,72255080,Other alloy flat products,5351.308,4318022,28,False
Sweden,Sweden,72193490,Stainless steel flat products,5348.448,15677215,29,False
Germany,Germany,72171090,Wire,5329.333,10442289,28,False
United Kingdom,Ireland,72044990,Ferrous waste and scrap,5300.0,1098885,15,True
Ukraine,Netherlands,72139110,Hot-rolled bars and rods,5276.636,2860529,1,True
China,China,72149931,Other bars and rods,5232.352,3129344,23,False
Spain,Spain,72222031,Stainless steel bars sections and wire,5222.7029999999995,15537688,29,False
Germany,Netherlands,72253090,Other alloy flat products,5217.005,3393354,9,True
Ireland,Ireland,72044930,Ferrous waste and scrap,5207.12,683750,29,False
Malaysia,Malaysia,72192110,Stainless steel flat products,5194.785,3113532,5,False
Greece,Greece,72124020,Coated flat products under 600mm,5191.921,3803440,29,False
Japan,Japan,72083600,Hot-rolled flat products,5150.33,2462664,6,False
Finland,Finland,72254040,Other alloy flat products,5134.967000000001,5755447,28,False
Luxembourg,France,72299090,Alloy steel wire,5101.068,6680007,29,True
Austria,Germany,72259200,Other alloy flat products,5100.85,4953791,11,True
Belgium,Belgium,72169110,Angles shapes and sections,5100.2,7621077,29,False
Taiwan,Taiwan,72071210,Semi-finished steel,5081.76,2111934,1,False
Brazil,Brazil,72163291,Angles shapes and sections,5079.025,2628231,3,False
Sweden,Sweden,72085390,Hot-rolled flat products,5054.894,8812534,27,False
Turkey,Turkey,72285069,Other alloy bars rods and sections,5041.792,4054313,26,False
Sweden,Sweden,72083600,Hot-rolled flat products,4990.784,2948838,21,False
China,China,72072080,Semi-finished steel,4960.508,19061531,29,False
Sweden,Sweden,72192110,Stainless steel flat products,4945.074,15998383,29,False
Turkey,Turkey,72171090,Wire,4928.927,3931296,29,False
Finland,Netherlands,72193210,Stainless steel flat products,4925.769,13315468,24,True
Portugal,Portugal,72171039,Wire,4916.043,3246832,25,False
Turkey,Turkey,72163310,Angles shapes and sections,4910.024,3295115,9,False
France,France,72149950,Other bars and rods,4906.879,3056542,29,False
Spain,Spain,72193410,Stainless steel flat products,4894.009,12487556,25,False
Germany,Germany,72193410,Stainless steel flat products,4888.415,12517004,29,False
Finland,Finland,72259200,Other alloy flat products,4877.888,4763954,28,False
Vietnam,Spain,72083700,Hot-rolled flat products,4872.715,2413281,1,True
Ireland,Ireland,72044990,Ferrous waste and scrap,4869.883,2063262,26,False
Netherlands,Netherlands,72024190,Ferro-alloys,4864.084,5813908,4,False
China,China,72193210,Stainless steel flat products,4858.574,8871584,29,False
Vietnam,Vietnam,72106100,Coated or plated flat products,4854.005,2976132,14,False
India,India,72172010,Wire,4852.698,6329200,28,False
France,France,72083800,Hot-rolled flat products,4814.668,2550758,28,False
Unknown / not supplied,Germany,72083600,Hot-rolled flat products,4787.744,2568714,16,True
Brazil,Brazil,72042110,Ferrous waste and scrap,4774.4,6726403,6,False
Netherlands,Netherlands,72082700,Hot-rolled flat products,4771.829,3140713,28,False
Greece,Greece,72119080,Flat products under 600mm,4762.995,3800275,29,False
Belgium,Belgium,72259100,Other alloy flat products,4721.856,3899265,29,False
Vietnam,South Korea,72104900,Coated or plated flat products,4710.355,2922852,6,True
Finland,Belgium,72193210,Stainless steel flat products,4706.038,12276483,29,True
Norway,Spain,72023000,Ferro-alloys,4693.26,4414957,8,True
Brazil,France,72249090,Alloy steel ingots and semi-finished,4691.348,1905024,1,True
Italy,Italy,72149110,Other bars and rods,4687.467,3316283,29,False
Germany,Netherlands,72083900,Hot-rolled flat products,4675.566,3047508,17,True
Belgium,Belgium,72052100,Granules and powders,4663.468,42451218,29,False
Sweden,Sweden,72283070,Other alloy bars rods and sections,4657.292,3900379,29,False
China,China,72192210,Stainless steel flat products,4648.99,7822995,29,False
Norway,Netherlands,72022990,Ferro-alloys,4639.742,7216519,21,True
Unknown / not supplied,Ireland,72042900,Ferrous waste and scrap,4633.326,1535234,24,True
Japan,Japan,72104900,Coated or plated flat products,4611.555,2684572,14,False
Turkey,Turkey,72085198,Hot-rolled flat products,4587.084,2596935,19,False
India,India,72023000,Ferro-alloys,4587.0,3772962,16,False
France,Belgium,72149939,Other bars and rods,4582.4220000000005,2837015,21,True
Turkey,Turkey,72091690,Cold-rolled flat products,4553.135,2391101,8,False
Turkey,Turkey,72172090,Wire,4539.142,3604103,29,False
Spain,Spain,72179020,Wire,4523.693,3824816,29,False
Germany,Germany,72193490,Stainless steel flat products,4523.356,8266584,29,False
China,China,72163390,Angles shapes and sections,4515.966,2388163,4,False
Unknown / not supplied,Spain,72163310,Angles shapes and sections,4515.727,2733984,27,True
Germany,Germany,72123000,Coated flat products under 600mm,4510.557,5032033,29,False
Netherlands,Netherlands,72085390,Hot-rolled flat products,4506.979,3411568,29,False
Denmark,Denmark,72085191,Hot-rolled flat products,4505.927,3452629,25,False
Morocco,Morocco,72104900,Coated or plated flat products,4504.57,3636728,5,False
Austria,Netherlands,72082500,Hot-rolled flat products,4495.08,2756450,12,True
India,Netherlands,72023000,Ferro-alloys,4478.86,4175512,14,True
Brazil,Brazil,72091690,Cold-rolled flat products,4447.43,2227239,1,False
Turkey,Turkey,72151000,Other bars and rods,4422.029,3473963,29,False
Italy,Italy,72249038,Alloy steel ingots and semi-finished,4404.171,4022983,23,False
Turkey,Turkey,72161000,Angles shapes and sections,4402.402,2764195,13,False
Unknown / not supplied,Finland,72254060,Other alloy flat products,4385.441,5986053,29,True
Italy,Italy,72222021,Stainless steel bars sections and wire,4381.544,19453408,29,False
Slovakia,Slovakia,72172090,Wire,4367.175,6385311,28,False
France,Belgium,72193310,Stainless steel flat products,4337.893,10313944,29,True
Slovakia,Slovakia,72083700,Hot-rolled flat products,4328.033,2999405,17,False
Italy,Italy,72155011,Other bars and rods,4320.394,4545762,29,False
South Korea,Germany,72091690,Cold-rolled flat products,4309.79,2629772,9,True
Netherlands,Netherlands,72259900,Other alloy flat products,4297.774,5058616,29,False
Finland,Germany,72193310,Stainless steel flat products,4292.78,10175053,28,True
South Korea,Netherlands,72163390,Angles shapes and sections,4211.552,3126212,26,True
Germany,Germany,72112330,Flat products under 600mm,4206.735,5181022,29,False
Ukraine,Ukraine,72091690,Cold-rolled flat products,4181.7300000000005,2533223,3,False
Germany,Germany,72072015,Semi-finished steel,4173.67,3320723,10,False
Germany,Germany,72085299,Hot-rolled flat products,4153.114,3288127,29,False
Italy,Italy,72282091,Other alloy bars rods and sections,4137.198,3227788,24,False
Italy,Italy,72111300,Flat products under 600mm,4128.975,3009912,29,False
Turkey,Netherlands,72163110,Angles shapes and sections,4127.960999999999,2721800,6,True
Vietnam,Vietnam,72091790,Cold-rolled flat products,4091.9900000000002,2176447,10,False
Germany,Netherlands,72163390,Angles shapes and sections,4077.679,3398983,29,True
Poland,Poland,72283061,Other alloy bars rods and sections,4057.578,4932119,29,False
India,India,72159000,Other bars and rods,4018.233,4544318,29,False
Unknown / not supplied,Netherlands,72163390,Angles shapes and sections,4016.182,3228982,27,True
France,France,72151000,Other bars and rods,4009.654,3573764,29,False
Ireland,Ireland,72251990,Other alloy flat products,3990.088,6908074,29,False
Spain,Spain,72085191,Hot-rolled flat products,3953.062,3220696,26,False
Italy,Italy,72149950,Other bars and rods,3935.744,2770723,29,False
Norway,Norway,72021900,Ferro-alloys,3935.0,4868713,19,False
Italy,Italy,72283061,Other alloy bars rods and sections,3933.003,4640486,29,False
Germany,Germany,72052900,Granules and powders,3930.192,4314041,29,False
Spain,Spain,72071116,Semi-finished steel,3917.6,1670371,1,False
Poland,Poland,72169180,Angles shapes and sections,3907.636,4829112,29,False
Italy,Italy,72299050,Alloy steel wire,3898.958,6938054,29,False
China,China,72163310,Angles shapes and sections,3890.951,2016821,4,False
Germany,Germany,72085191,Hot-rolled flat products,3884.358,3444782,27,False
Vietnam,Vietnam,72091690,Cold-rolled flat products,3865.535,2130516,9,False
Brazil,Brazil,72022100,Ferro-alloys,3805.8,3286911,14,False
Taiwan,Taiwan,72091790,Cold-rolled flat products,3805.695,2051201,12,False
Malaysia,Malaysia,72022100,Ferro-alloys,3794.386,3071825,13,False
Italy,Italy,72285069,Other alloy bars rods and sections,3792.929,5346078,29,False
Germany,Germany,72101220,Coated or plated flat products,3789.81,4562677,29,False
Poland,France,72169180,Angles shapes and sections,3779.898,4026784,20,True
Germany,Germany,72299090,Alloy steel wire,3765.007,7389928,29,False
Poland,Poland,72179020,Wire,3761.886,3391322,28,False
Vietnam,Vietnam,72082700,Hot-rolled flat products,3758.002,1967389,2,False
Germany,Netherlands,72085191,Hot-rolled flat products,3754.5710000000004,3470874,15,True
India,India,72172030,Wire,3737.417,7477666,19,False
Finland,Sweden,72107080,Coated or plated flat products,3711.833,4414350,18,True
Finland,Finland,72193210,Stainless steel flat products,3707.238,9401758,29,False
Unknown / not supplied,France,72142000,Other bars and rods,3684.377,1979950,2,True
Indonesia,Indonesia,72085291,Hot-rolled flat products,3667.617,2048806,2,False
Italy,Italy,72193310,Stainless steel flat products,3660.853,7385259,22,False
India,India,72021180,Ferro-alloys,3655.36,2626305,13,False
France,Spain,72021180,Ferro-alloys,3627.2000000000003,3391720,18,True
Unknown / not supplied,Netherlands,72083700,Hot-rolled flat products,3621.885,2113490,24,True
Spain,Spain,72223051,Stainless steel bars sections and wire,3615.8559999999998,14753514,27,False
France,France,72255080,Other alloy flat products,3611.638,3558156,29,False
Italy,Italy,72287090,Other alloy bars rods and sections,3608.146,3960797,29,False
France,France,72029980,Ferro-alloys,3600.61,3083,14,False
Indonesia,China,72193310,Stainless steel flat products,3597.001,5871737,19,True
Spain,Spain,72151000,Other bars and rods,3591.151,3663530,29,False
Ireland,Ireland,72163110,Angles shapes and sections,3589.7799999999997,7032623,21,False
United Arab Emirates,United Arab Emirates,72163291,Angles shapes and sections,3589.342,3109209,1,False
Germany,Germany,72105000,Coated or plated flat products,3577.398,3531638,16,False
Netherlands,Netherlands,72082500,Hot-rolled flat products,3567.914,2342006,26,False
Germany,Germany,72202041,Stainless steel flat products under 600mm,3552.51,12041749,29,False
Zimbabwe,South Africa,72024190,Ferro-alloys,3537.6,3188478,1,True
Poland,Poland,72283069,Other alloy bars rods and sections,3519.38,3645268,29,False
Netherlands,Netherlands,72299090,Alloy steel wire,3507.888,4356153,29,False
Unknown / not supplied,Spain,72163190,Angles shapes and sections,3491.712,2414411,26,True
Unknown / not supplied,Germany,72083900,Hot-rolled flat products,3485.92,1838913,20,True
Canada,Poland,72011090,Pig iron,3477.239,1243054,2,True
China,China,72171039,Wire,3456.3779999999997,2939916,29,False
Finland,Finland,72192210,Stainless steel flat products,3445.729,8472007,29,False
Italy,Italy,72222081,Stainless steel bars sections and wire,3435.989,10630333,29,False
Kazakhstan,Latvia,72022100,Ferro-alloys,3428.44,3860687,10,True
France,France,72166110,Angles shapes and sections,3424.205,3310561,26,False
Sweden,Sweden,72107080,Coated or plated flat products,3418.988,3910683,29,False
China,Hong Kong,72149931,Other bars and rods,3418.0969999999998,2209880,5,True
Tunisia,Tunisia,72104900,Coated or plated flat products,3416.901,2497820,1,False
United Arab Emirates,United Arab Emirates,72163390,Angles shapes and sections,3413.782,2118786,1,False
Egypt,Egypt,72091690,Cold-rolled flat products,3389.5519999999997,2027761,4,False
South Korea,South Korea,72255080,Other alloy flat products,3383.715,1912171,5,False
South Korea,South Korea,72091891,Cold-rolled flat products,3382.636,2293638,15,False
Unknown / not supplied,Ireland,72210010,Stainless steel bars and rods,3370.6749999999997,3954529,13,True
Finland,Finland,72193390,Stainless steel flat products,3363.224,5586060,29,False
France,France,72285061,Other alloy bars rods and sections,3359.336,6430323,29,False
China,China,72172090,Wire,3356.041,3281351,29,False
Austria,Poland,72011090,Pig iron,3334.139,1109160,2,True
Spain,Spain,72149979,Other bars and rods,3332.682,1963671,9,False
France,Belgium,72111300,Flat products under 600mm,3326.9790000000003,2131733,16,True
Finland,Finland,72083800,Hot-rolled flat products,3326.705,1865049,15,False
China,Hong Kong,72149971,Other bars and rods,3319.1890000000003,2085782,5,True
France,Belgium,72199080,Stainless steel flat products,3305.985,8205750,29,True
China,China,72022100,Ferro-alloys,3288.161,3056408,15,False
Netherlands,Netherlands,72085400,Hot-rolled flat products,3287.459,2505448,29,False
China,China,72199080,Stainless steel flat products,3284.354,9477353,29,False
Indonesia,Vietnam,72104900,Coated or plated flat products,3273.88,1532485,1,True
China,China,72166110,Angles shapes and sections,3249.591,2840832,26,False
Germany,Germany,72163110,Angles shapes and sections,3242.598,2567317,29,False
Spain,Spain,72085291,Hot-rolled flat products,3241.2070000000003,2865442,23,False
Germany,Netherlands,72259900,Other alloy flat products,3229.259,4058283,15,True
Italy,San Marino,72107080,Coated or plated flat products,3216.922,6409521,23,True
Unknown / not supplied,Ireland,72042190,Ferrous waste and scrap,3213.606,1217992,29,True
Czechia,Poland,72143000,Other bars and rods,3198.407,2339082,27,True
Slovenia,Slovenia,72192110,Stainless steel flat products,3187.583,8773877,29,False
Germany,Germany,72082500,Hot-rolled flat products,3181.025,2094003,21,False
Italy,Italy,72149939,Other bars and rods,3157.33,2204225,29,False
France,France,72279095,Alloy bars and rods hot-rolled,3149.63,5419810,29,False
Netherlands,Taiwan,72071210,Semi-finished steel,3145.735,1412870,1,True
Belgium,Belgium,72085191,Hot-rolled flat products,3145.003,3274178,22,False
Netherlands,Germany,72071210,Semi-finished steel,3135.893,1410495,1,True
Unknown / not supplied,Belgium,72082700,Hot-rolled flat products,3133.46,1710541,18,True
Turkey,Taiwan,72104900,Coated or plated flat products,3130.595,1924455,1,True
Italy,Italy,72155019,Other bars and rods,3129.799,2776815,29,False
Taiwan,Taiwan,72193310,Stainless steel flat products,3107.012,6661608,29,False
Japan,Japan,72279095,Alloy bars and rods hot-rolled,3093.823,3990233,17,False
Vietnam,Vietnam,72202041,Stainless steel flat products under 600mm,3082.071,4894145,24,False
Netherlands,Netherlands,72082600,Hot-rolled flat products,3078.587,1877458,24,False
Belgium,Belgium,72192300,Stainless steel flat products,3071.272,6884899,29,False
South Africa,South Africa,72172030,Wire,3061.752,2735579,21,False
Finland,Finland,72285069,Other alloy bars rods and sections,3054.646,5550571,29,False
Spain,Spain,72193210,Stainless steel flat products,3047.772,7222734,25,False
India,India,72112900,Flat products under 600mm,3040.291,3614326,28,False
Taiwan,Taiwan,72101220,Coated or plated flat products,3030.681,2838470,12,False
Austria,Netherlands,72083700,Hot-rolled flat products,3028.96,1819570,12,True
Czechia,Poland,72149939,Other bars and rods,3017.4249999999997,2020669,27,True
Egypt,Egypt,72104900,Coated or plated flat products,3015.65,1983885,2,False
Germany,Germany,72139170,Hot-rolled bars and rods,2992.957,3656089,28,False
Austria,France,72269930,Other alloy flat products under 600mm,2989.223,3610011,12,True
Poland,Poland,72149979,Other bars and rods,2988.834,2249223,29,False
China,China,72155011,Other bars and rods,2985.92,1816658,22,False
Belgium,Belgium,72192110,Stainless steel flat products,2971.5099999999998,9379741,29,False
Germany,Germany,72124080,Coated flat products under 600mm,2964.175,4682168,29,False
Taiwan,Taiwan,72230019,Stainless steel wire,2962.738,6310708,29,False
China,Taiwan,72101220,Coated or plated flat products,2954.8559999999998,2167958,7,True
Poland,Poland,72072080,Semi-finished steel,2952.304,11967076,29,False
Czechia,Czechia,72285069,Other alloy bars rods and sections,2940.566,3749459,29,False
Egypt,Spain,72083700,Hot-rolled flat products,2932.045,1474241,1,True
Germany,Netherlands,72082700,Hot-rolled flat products,2930.335,1995879,16,True
France,France,72091690,Cold-rolled flat products,2927.946,2222492,29,False
Sweden,Finland,72104900,Coated or plated flat products,2927.606,2132480,1,True
Sweden,Sweden,72193310,Stainless steel flat products,2927.1910000000003,9011246,29,False
Thailand,Thailand,72104900,Coated or plated flat products,2919.0,1803374,1,False
China,China,72230019,Stainless steel wire,2896.5,5617505,29,False
Spain,Spain,72193510,Stainless steel flat products,2895.967,6670878,25,False
Germany,Netherlands,72085198,Hot-rolled flat products,2881.125,1982340,25,True
Czechia,Poland,72283069,Other alloy bars rods and sections,2881.051,3297842,26,True
Germany,Germany,72139910,Hot-rolled bars and rods,2880.091,1837044,24,False
Germany,Germany,72092690,Cold-rolled flat products,2877.205,2523612,28,False
Italy,Italy,72222031,Stainless steel bars sections and wire,2875.749,11805002,29,False
Sweden,Sweden,72024190,Ferro-alloys,2875.0,4786620,6,False
Vietnam,Vietnam,72106900,Coated or plated flat products,2874.49,2133526,3,False
France,Belgium,72085120,Hot-rolled flat products,2872.333,1703822,28,True
Austria,Belgium,72254040,Other alloy flat products,2868.67,2844272,2,True
Germany,Germany,72085198,Hot-rolled flat products,2866.724,2144518,19,False
Italy,Belgium,72299090,Alloy steel wire,2861.793,3793626,19,True
Spain,Spain,72172050,Wire,2860.5860000000002,3030108,27,False
Germany,Germany,72202081,Stainless steel flat products under 600mm,2848.508,22402460,29,False
Finland,Netherlands,72193390,Stainless steel flat products,2824.924,4161727,23,True
Finland,Finland,72254090,Other alloy flat products,2824.014,2970554,25,False
Unknown / not supplied,France,72083900,Hot-rolled flat products,2819.4,1479318,21,True
United Arab Emirates,United Arab Emirates,72172030,Wire,2791.703,2455499,22,False
Sweden,Sweden,72085291,Hot-rolled flat products,2780.614,9913558,28,False
Spain,Spain,72192110,Stainless steel flat products,2778.554,7495107,25,False
China,China,72202049,Stainless steel flat products under 600mm,2764.112,3170768,27,False
Canada,Netherlands,72011090,Pig iron,2761.6769999999997,1092582,2,True
Germany,Germany,72253090,Other alloy flat products,2756.8360000000002,1415599,21,False
Germany,Netherlands,72103000,Coated or plated flat products,2756.8,2904715,13,True
Italy,Italy,72085291,Hot-rolled flat products,2747.59,2081831,14,False
South Africa,France,72024190,Ferro-alloys,2743.776,4746456,1,True
France,Belgium,72164010,Angles shapes and sections,2743.3,1772164,17,True
Czechia,Czechia,72173090,Wire,2732.4809999999998,3337998,25,False
France,Belgium,72149950,Other bars and rods,2728.002,1691504,19,True
Poland,Poland,72042110,Ferrous waste and scrap,2717.858,4645603,1,False
Finland,Belgium,72193410,Stainless steel flat products,2716.517,7177884,29,True
France,France,72124020,Coated flat products under 600mm,2713.678,3997083,28,False
India,India,72101220,Coated or plated flat products,2710.462,4109990,12,False
Poland,Poland,72083900,Hot-rolled flat products,2699.365,1646631,1,False
South Korea,South Korea,72163291,Angles shapes and sections,2695.163,1742039,3,False
Finland,Netherlands,72192210,Stainless steel flat products,2688.826,6997715,24,True
Colombia,Netherlands,72026000,Ferro-alloys,2687.984,8382316,7,True
South Korea,South Korea,72085198,Hot-rolled flat products,2684.669,1504312,17,False
Finland,Germany,72202041,Stainless steel flat products under 600mm,2675.997,10126376,29,True
South Africa,Netherlands,72193390,Stainless steel flat products,2675.4900000000002,3620745,14,True
Luxembourg,Belgium,72163291,Angles shapes and sections,2671.525,1993365,2,True
Germany,Germany,72222011,Stainless steel bars sections and wire,2665.657,14401488,29,False
Unknown / not supplied,Sweden,72269199,Other alloy flat products under 600mm,2665.136,1459194,24,True
Spain,Spain,72279095,Alloy bars and rods hot-rolled,2662.622,3123203,29,False
Sweden,Sweden,72091690,Cold-rolled flat products,2658.704,2616254,29,False
Germany,Germany,72111900,Flat products under 600mm,2651.696,3095136,29,False
Germany,Germany,72259900,Other alloy flat products,2644.401,3471417,15,False
South Korea,South Korea,72249014,Alloy steel ingots and semi-finished,2636.96,1074492,2,False
Vietnam,South Korea,72083700,Hot-rolled flat products,2630.515,1537214,1,True
Unknown / not supplied,Ireland,72044110,Ferrous waste and scrap,2629.339,1691837,25,True
France,France,72222031,Stainless steel bars sections and wire,2612.33,8577831,29,False
Finland,Finland,72082600,Hot-rolled flat products,2605.265,1524892,14,False
South Africa,Netherlands,72192300,Stainless steel flat products,2598.31,3094472,15,True
Sweden,Sweden,72052900,Granules and powders,2595.331,4039999,29,False
Sweden,Sweden,72149939,Other bars and rods,2586.912,1991753,25,False
United States,United States,72171050,Wire,2578.863,6037454,12,False
Confidential / unknown,Confidential / unknown,72022990,Ferro-alloys,2575.811,4010243,8,False
Unknown / not supplied,Belgium,72103000,Coated or plated flat products,2575.32,1849806,24,True
Finland,Netherlands,72193410,Stainless steel flat products,2556.904,7294588,25,True
Germany,Germany,72193390,Stainless steel flat products,2554.516,4169319,29,False
Turkey,Turkey,72101220,Coated or plated flat products,2554.318,2313441,15,False
Spain,Spain,72285061,Other alloy bars rods and sections,2552.0570000000002,4651687,29,False
Spain,Spain,72042110,Ferrous waste and scrap,2548.919,3245013,3,False
Belgium,Belgium,72091500,Cold-rolled flat products,2530.92,1845639,28,False
Austria,Austria,72222011,Stainless steel bars sections and wire,2525.754,21158438,29,False
Zimbabwe,Netherlands,72024190,Ferro-alloys,2520.42,2513612,2,True
Portugal,Ireland,72142000,Other bars and rods,2501.87,2563773,18,True
Germany,Germany,72172030,Wire,2501.846,2993261,29,False
Germany,Germany,72085291,Hot-rolled flat products,2499.772,2604950,26,False
France,France,72283069,Other alloy bars rods and sections,2496.888,4988137,29,False
France,Germany,72085120,Hot-rolled flat products,2494.866,2703812,25,True
Turkey,Turkey,72163390,Angles shapes and sections,2489.89,1420991,3,False
Italy,Italy,72181000,Stainless steel ingots and semi-finished,2487.079,13897066,22,False
Belgium,Belgium,72193310,Stainless steel flat products,2482.667,6944340,29,False
Taiwan,Taiwan,72082500,Hot-rolled flat products,2482.5950000000003,1321316,7,False
Egypt,Turkey,72142000,Other bars and rods,2475.08,1228786,2,True
Indonesia,Indonesia,72193310,Stainless steel flat products,2447.898,4293567,6,False
Spain,Netherlands,72163291,Angles shapes and sections,2436.268,1476995,15,True
Unknown / not supplied,Ireland,72085198,Hot-rolled flat products,2430.257,1583847,28,True
Unknown / not supplied,Belgium,72082500,Hot-rolled flat products,2429.803,1290898,17,True
Unknown / not supplied,Belgium,72083700,Hot-rolled flat products,2428.02,1630226,1,True
Unknown / not supplied,Ireland,72101280,Coated or plated flat products,2419.764,2330978,27,True
Spain,Spain,72283061,Other alloy bars rods and sections,2416.231,4382985,29,False
Germany,Austria,72259200,Other alloy flat products,2402.629,2373842,11,True
Spain,Spain,72284090,Other alloy bars rods and sections,2401.622,4133472,29,False
China,China,72283061,Other alloy bars rods and sections,2399.773,2654818,19,False
Germany,Spain,72163211,Angles shapes and sections,2397.149,1555808,7,True
Canada,Canada,72042110,Ferrous waste and scrap,2395.764,3530333,12,False
Vietnam,Vietnam,72083600,Hot-rolled flat products,2395.437,1262554,8,False
Germany,Netherlands,72091690,Cold-rolled flat products,2380.23,1635393,16,True
China,China,72192300,Stainless steel flat products,2379.834,3745976,26,False
Greece,Malta,72085120,Hot-rolled flat products,2379.031,3017375,1,True
United Arab Emirates,United Arab Emirates,72042190,Ferrous waste and scrap,2374.3269999999998,2575166,8,False
Unknown / not supplied,Netherlands,72083800,Hot-rolled flat products,2362.98,1357859,9,True
Sweden,Sweden,72202049,Stainless steel flat products under 600mm,2361.814,10792749,29,False
Austria,Germany,72104900,Coated or plated flat products,2359.66,1812446,14,True
Finland,Netherlands,72202041,Stainless steel flat products under 600mm,2346.936,5889227,26,True
France,France,72143000,Other bars and rods,2346.647,1685153,17,False
Austria,Germany,72103000,Coated or plated flat products,2334.27,1728846,17,True
South Africa,South Africa,72192290,Stainless steel flat products,2325.204,3378801,16,False
Finland,Belgium,72193390,Stainless steel flat products,2316.4429999999998,3198467,26,True
Ukraine,Ukraine,72082700,Hot-rolled flat products,2298.955,1229915,1,False
Brazil,Brazil,72071116,Semi-finished steel,2292.905,1127301,1,False
Luxembourg,Luxembourg,72163310,Angles shapes and sections,2288.1349999999998,1614168,12,False
Indonesia,Indonesia,72230019,Stainless steel wire,2281.38,4480825,21,False
Taiwan,Vietnam,72104900,Coated or plated flat products,2280.815,1451289,2,True
Czechia,Czechia,72230019,Stainless steel wire,2273.589,9010869,29,False
China,China,72051000,Granules and powders,2265.987,1345848,29,False
Sweden,Sweden,72159000,Other bars and rods,2258.295,4769551,29,False
Italy,Italy,72112330,Flat products under 600mm,2247.902,2064738,29,False
Austria,Austria,72222021,Stainless steel bars sections and wire,2245.35,20108099,29,False
Turkey,Turkey,72287010,Other alloy bars rods and sections,2233.599,1227216,11,False
Finland,Netherlands,72192300,Stainless steel flat products,2228.163,5279788,25,True
Germany,Germany,72132000,Hot-rolled bars and rods,2227.896,1842413,26,False
India,India,72106100,Coated or plated flat products,2223.0,1742737,13,False
China,China,72202041,Stainless steel flat products under 600mm,2221.92,5000717,29,False
Spain,Spain,72192300,Stainless steel flat products,2219.092,4939870,26,False
Vietnam,Taiwan,72104900,Coated or plated flat products,2211.799,1358846,2,True
United States,China,72044990,Ferrous waste and scrap,2207.37,465300,1,True
Sweden,Sweden,72085191,Hot-rolled flat products,2192.875,5643807,28,False
Spain,Netherlands,72164010,Angles shapes and sections,2191.7019999999998,1378353,4,True
Unknown / not supplied,Ireland,72163390,Angles shapes and sections,2182.134,2015226,29,True
Italy,Italy,72283069,Other alloy bars rods and sections,2178.361,2348435,29,False
Turkey,Turkey,72249014,Alloy steel ingots and semi-finished,2176.717,1205948,3,False
South Korea,South Korea,72091610,Cold-rolled flat products,2174.87,1294318,3,False
Taiwan,Taiwan,72202041,Stainless steel flat products under 600mm,2174.753,4857376,28,False
Germany,Germany,72143000,Other bars and rods,2173.379,1833390,26,False
Sweden,Sweden,72193210,Stainless steel flat products,2171.237,6568433,29,False
Malaysia,Malaysia,72193310,Stainless steel flat products,2168.698,3914504,17,False
Turkey,South Korea,72104900,Coated or plated flat products,2162.28,1262457,1,True
Belgium,Belgium,72254060,Other alloy flat products,2161.536,3308740,29,False
Finland,Belgium,72192210,Stainless steel flat products,2159.739,5268782,29,True
Vietnam,Vietnam,72123000,Coated flat products under 600mm,2156.648,1411145,3,False
Egypt,Egypt,72285069,Other alloy bars rods and sections,2154.472,2467965,20,False
Turkey,Netherlands,72163211,Angles shapes and sections,2145.332,1340659,3,True
Unknown / not supplied,Belgium,72082600,Hot-rolled flat products,2141.35,1149720,13,True
Czechia,Germany,72172030,Wire,2130.547,2050284,14,True
Brazil,Brazil,72171090,Wire,2117.397,6630314,14,False
Germany,Germany,72026000,Ferro-alloys,2103.401,4167986,16,False
Spain,Italy,72163291,Angles shapes and sections,2099.371,1350858,4,True
South Africa,South Africa,72172050,Wire,2092.92,2034417,13,False
Japan,Netherlands,72251100,Other alloy flat products,2091.338,6164196,17,True
Austria,Austria,72112900,Flat products under 600mm,2079.521,8322819,29,False
China,China,72171050,Wire,2076.928,1991330,23,False
South Korea,Germany,72091891,Cold-rolled flat products,2075.9610000000002,1907585,3,True
Sweden,Sweden,72192300,Stainless steel flat products,2060.223,5325841,28,False
Czechia,Netherlands,72172050,Wire,2056.696,2216218,17,True
France,Belgium,72193210,Stainless steel flat products,2055.724,5267797,27,True
Taiwan,Taiwan,72106100,Coated or plated flat products,2051.219,1438952,7,False
Finland,Netherlands,72085291,Hot-rolled flat products,2049.766,3489448,29,True
Spain,Spain,72283069,Other alloy bars rods and sections,2047.888,2451350,27,False
Unknown / not supplied,Germany,72163390,Angles shapes and sections,2039.0629999999999,1357458,3,True
Germany,Germany,72082600,Hot-rolled flat products,2037.329,1167192,23,False
Netherlands,Netherlands,72044990,Ferrous waste and scrap,2031.882,118451,17,False
Germany,Germany,72082700,Hot-rolled flat products,2025.686,1347474,24,False
France,France,72024190,Ferro-alloys,2025.05,2435634,1,False
Taiwan,Taiwan,72107080,Coated or plated flat products,2021.9499999999998,1979570,9,False
Sweden,Sweden,72104900,Coated or plated flat products,2016.9540000000002,1374404,7,False
Czechia,Germany,72172050,Wire,2015.312,2054778,13,True
Germany,South Korea,72071210,Semi-finished steel,2010.89,936586,1,True
Spain,Spain,72224010,Stainless steel bars sections and wire,2009.263,6039400,28,False
Spain,Netherlands,72042110,Ferrous waste and scrap,2006.42,2027531,1,True
Belgium,Belgium,72085120,Hot-rolled flat products,2005.546,1884224,25,False
United States,United States,72169180,Angles shapes and sections,2001.178,5691549,16,False
United Arab Emirates,United Arab Emirates,72169900,Angles shapes and sections,1999.171,3626094,28,False
South Africa,South Africa,72193310,Stainless steel flat products,1992.025,3888372,19,False
France,France,72082600,Hot-rolled flat products,1980.1899999999998,1318544,22,False
South Korea,South Korea,72163310,Angles shapes and sections,1979.766,1164942,1,False
Spain,Spain,72222029,Stainless steel bars sections and wire,1976.386,4804236,29,False
Turkey,Turkey,72124080,Coated flat products under 600mm,1972.242,1881199,28,False
Taiwan,Taiwan,72222021,Stainless steel bars sections and wire,1968.688,14874936,29,False
Portugal,Portugal,72155080,Other bars and rods,1955.032,2040084,23,False
Germany,Germany,72103000,Coated or plated flat products,1951.846,2852229,24,False
Spain,Spain,72112320,Flat products under 600mm,1940.335,2293007,28,False
Czechia,Poland,72172030,Wire,1935.609,1857805,13,True
Unknown / not supplied,Ireland,72163291,Angles shapes and sections,1931.801,1748609,29,True
Italy,Italy,72162100,Angles shapes and sections,1927.144,1471546,26,False
Slovakia,Netherlands,72172030,Wire,1920.766,2014780,18,True
Spain,Spain,72193490,Stainless steel flat products,1917.038,3403799,25,False
Finland,Belgium,72202041,Stainless steel flat products under 600mm,1916.259,4565552,29,True
India,Belgium,72163310,Angles shapes and sections,1915.958,1178111,2,True
Poland,Poland,72091690,Cold-rolled flat products,1915.915,1281442,1,False
Malaysia,South Korea,72103000,Coated or plated flat products,1915.49,1266414,2,True
Germany,Netherlands,72082500,Hot-rolled flat products,1913.14,1148144,13,True
Netherlands,Netherlands,72107080,Coated or plated flat products,1911.6580000000001,2849495,26,False
Unknown / not supplied,Ireland,72163211,Angles shapes and sections,1906.3410000000001,1487329,29,True
India,India,72230099,Stainless steel wire,1904.24,5399318,29,False
South Africa,South Africa,72042110,Ferrous waste and scrap,1899.2910000000002,2921636,7,False
South Korea,China,72163291,Angles shapes and sections,1899.172,1262949,1,True
Sweden,Sweden,72255080,Other alloy flat products,1892.886,2331535,28,False
Unknown / not supplied,Spain,72164010,Angles shapes and sections,1891.345,1316381,17,True
Turkey,Netherlands,72149950,Other bars and rods,1890.55,1457518,5,True
Taiwan,Taiwan,72193410,Stainless steel flat products,1885.511,3696452,26,False
Czechia,Poland,72172050,Wire,1884.375,1937484,13,True
Taiwan,Taiwan,72222011,Stainless steel bars sections and wire,1880.635,13609112,29,False
Austria,Netherlands,72085120,Hot-rolled flat products,1879.8740000000003,1904405,23,True
Ireland,Ireland,72044910,Ferrous waste and scrap,1878.767,764368,28,False
Czechia,Poland,72149979,Other bars and rods,1872.706,1221676,27,True
Germany,Netherlands,72082600,Hot-rolled flat products,1869.02,1069969,14,True
France,France,72105000,Coated or plated flat products,1868.698,1783208,9,False
Turkey,Turkey,72179090,Wire,1868.349,1335129,20,False
Italy,Italy,72085191,Hot-rolled flat products,1865.871,1541910,15,False
South Korea,Belgium,72163390,Angles shapes and sections,1865.53,1244868,1,True
Norway,Ireland,72139149,Hot-rolled bars and rods,1859.2199999999998,924001,2,True
Vietnam,Germany,72083700,Hot-rolled flat products,1856.214,869107,2,True
Czechia,Poland,72279095,Alloy bars and rods hot-rolled,1853.442,1246706,15,True
Turkey,Turkey,72193310,Stainless steel flat products,1844.131,3418634,29,False
Germany,Germany,72283061,Other alloy bars rods and sections,1842.568,3811095,29,False
Spain,Germany,72171039,Wire,1842.373,2405892,29,True
Spain,Spain,72287090,Other alloy bars rods and sections,1833.806,1178400,6,False
Unknown / not supplied,Ireland,72163110,Angles shapes and sections,1824.832,1692408,29,True
Brazil,Brazil,72163310,Angles shapes and sections,1816.801,924018,3,False
Taiwan,Taiwan,72082600,Hot-rolled flat products,1814.78,937029,6,False
Poland,Germany,72139990,Hot-rolled bars and rods,1811.676,1445918,9,True
Spain,Spain,72139170,Hot-rolled bars and rods,1808.595,1132288,22,False
Netherlands,Germany,72083800,Hot-rolled flat products,1807.72,1021953,2,True
Turkey,Turkey,72082500,Hot-rolled flat products,1806.12,934176,1,False
Finland,Netherlands,72259900,Other alloy flat products,1804.516,3838497,29,True
Italy,Italy,72143000,Other bars and rods,1802.776,1484604,22,False
Belgium,Belgium,72166190,Angles shapes and sections,1801.512,2796065,27,False
Sweden,Sweden,72221111,Stainless steel bars sections and wire,1796.523,8704983,29,False
Turkey,Turkey,72253090,Other alloy flat products,1794.7,836073,1,False
Finland,Finland,72082700,Hot-rolled flat products,1793.181,1153260,11,False
Germany,Netherlands,72163291,Angles shapes and sections,1792.417,1338907,27,True
China,China,72071114,Semi-finished steel,1782.219,1397466,15,False
Austria,Germany,72254040,Other alloy flat products,1780.6999999999998,1859062,23,True
Belgium,Belgium,72085291,Hot-rolled flat products,1771.059,1755066,25,False
China,China,72104900,Coated or plated flat products,1770.5320000000002,1967627,16,False
Netherlands,Germany,72083900,Hot-rolled flat products,1769.585,998844,2,True
Unknown / not supplied,Germany,72104900,Coated or plated flat products,1768.627,1158128,6,True
Unknown / not supplied,Spain,72151000,Other bars and rods,1764.916,1385689,21,True
China,Hong Kong,72283061,Other alloy bars rods and sections,1761.413,1938523,9,True
Unknown / not supplied,Belgium,72104900,Coated or plated flat products,1759.597,1202335,15,True
Sweden,Sweden,72124080,Coated flat products under 600mm,1740.481,1840639,29,False
Germany,Germany,72179050,Wire,1735.007,2516823,24,False
Colombia,Colombia,72026000,Ferro-alloys,1734.96,6283024,3,False
South Africa,Germany,72024190,Ferro-alloys,1732.06,1610422,1,True
Germany,Germany,72151000,Other bars and rods,1729.738,1605328,28,False
Austria,Austria,72169180,Angles shapes and sections,1728.285,1633769,10,False
Netherlands,Netherlands,72092790,Cold-rolled flat products,1725.029,1197866,21,False
China,China,72123000,Coated flat products under 600mm,1722.565,1128429,25,False
Brazil,Netherlands,72026000,Ferro-alloys,1719.275,4563994,3,True
Unknown / not supplied,Ireland,72169110,Angles shapes and sections,1716.031,1212436,29,True
Indonesia,Turkey,72193390,Stainless steel flat products,1712.582,3272405,23,True
France,France,72202081,Stainless steel flat products under 600mm,1711.293,8119549,29,False
France,France,72171039,Wire,1708.985,1379944,28,False
China,Czechia,72285020,Other alloy bars rods and sections,1697.436,4295843,29,True
Germany,Germany,72249007,Alloy steel ingots and semi-finished,1690.971,3162710,12,False
Germany,Germany,72179020,Wire,1668.722,2311524,26,False
Finland,Netherlands,72193100,Stainless steel flat products,1668.352,4382303,22,True
Brazil,Brazil,72163211,Angles shapes and sections,1664.6200000000001,852445,3,False
Finland,Finland,72193410,Stainless steel flat products,1658.328,4575927,27,False
India,India,72285069,Other alloy bars rods and sections,1657.043,2385189,23,False
South Africa,South Africa,72192300,Stainless steel flat products,1653.397,2275851,15,False
Poland,Poland,72107080,Coated or plated flat products,1650.675,2286265,27,False
Turkey,Turkey,72111400,Flat products under 600mm,1649.281,1038862,18,False
Iceland,Iceland,72022100,Ferro-alloys,1645.0,1551250,13,False
Portugal,Ireland,72131000,Hot-rolled bars and rods,1643.819,1098096,22,True
Turkey,Netherlands,72149110,Other bars and rods,1636.967,1135183,2,True
Czechia,Netherlands,72172030,Wire,1623.1589999999999,1640138,19,True
Germany,France,72299090,Alloy steel wire,1619.257,2063547,21,True
India,India,72107080,Coated or plated flat products,1618.76,1304842,7,False
Japan,Japan,72071114,Semi-finished steel,1615.944,2749582,7,False
Finland,Finland,72202041,Stainless steel flat products under 600mm,1613.553,4006947,29,False
Austria,Austria,72029980,Ferro-alloys,1608.479,10614561,29,False
India,India,72230091,Stainless steel wire,1603.739,3316947,27,False
Sweden,Sweden,72269120,Other alloy flat products under 600mm,1600.867,1516063,26,False
France,France,72299090,Alloy steel wire,1598.964,2362306,29,False
Italy,Italy,72052900,Granules and powders,1594.974,1963771,29,False
Unknown / not supplied,Netherlands,72163291,Angles shapes and sections,1582.892,1272578,25,True
Unknown / not supplied,Spain,72287010,Other alloy bars rods and sections,1577.885,974867,12,True
Netherlands,Netherlands,72101220,Coated or plated flat products,1570.1390000000001,1599989,20,False
United States,United States,72254040,Other alloy flat products,1561.6970000000001,6450122,24,False
Japan,Netherlands,72261100,Other alloy flat products under 600mm,1560.539,4607278,19,True
Germany,Germany,72222021,Stainless steel bars sections and wire,1558.262,10562656,29,False
South Korea,Germany,72106100,Coated or plated flat products,1554.087,1337123,8,True
Spain,Spain,72132000,Hot-rolled bars and rods,1548.422,1137826,28,False
India,India,72085191,Hot-rolled flat products,1543.754,820887,1,False
Canada,Canada,72052900,Granules and powders,1542.5430000000001,1564909,21,False
Austria,Austria,72123000,Coated flat products under 600mm,1540.513,1751939,9,False
Sweden,Sweden,72269191,Other alloy flat products under 600mm,1537.164,1188859,14,False
Finland,Belgium,72193100,Stainless steel flat products,1533.842,3786801,29,True
Poland,Poland,72285069,Other alloy bars rods and sections,1530.974,1923828,25,False
China,Germany,72163390,Angles shapes and sections,1530.0,803251,1,True
Czechia,Czechia,72285061,Other alloy bars rods and sections,1526.271,2316942,28,False
Turkey,Turkey,72085390,Hot-rolled flat products,1525.056,872471,12,False
Turkey,Netherlands,72149939,Other bars and rods,1524.1399999999999,841006,3,True
South Africa,Netherlands,72011030,Pig iron,1522.531,540847,1,True
Czechia,Czechia,72287010,Other alloy bars rods and sections,1521.846,1757854,10,False
France,France,72222021,Stainless steel bars sections and wire,1514.619,5977965,29,False
South Korea,Germany,72085120,Hot-rolled flat products,1509.997,916756,10,True
India,India,72222021,Stainless steel bars sections and wire,1509.432,4084688,29,False
Germany,France,72142000,Other bars and rods,1503.019,1851844,27,True
Unknown / not supplied,Netherlands,72083900,Hot-rolled flat products,1497.88,835378,16,True
New Caledonia,Netherlands,72026000,Ferro-alloys,1490.801,8464172,10,True
Belgium,Belgium,72193410,Stainless steel flat products,1488.897,4144823,29,False
China,Belgium,72163390,Angles shapes and sections,1488.722,784078,2,True
China,China,72171010,Wire,1484.351,1267410,26,False
Italy,Italy,72112900,Flat products under 600mm,1481.18,2862274,28,False
United Arab Emirates,United Arab Emirates,72163211,Angles shapes and sections,1480.6779999999999,909731,4,False
Algeria,Algeria,72083700,Hot-rolled flat products,1477.44,633535,1,False
Italy,Italy,72071912,Semi-finished steel,1470.6100000000001,2210985,18,False
India,India,72021900,Ferro-alloys,1468.475,1436719,12,False
North Macedonia,Greece,72085191,Hot-rolled flat products,1466.961,1307062,1,True
Germany,Germany,72091790,Cold-rolled flat products,1466.644,1172032,24,False
India,India,72224010,Stainless steel bars sections and wire,1466.359,3548022,29,False
France,France,72172030,Wire,1466.318,1688051,28,False
Turkey,Turkey,72193410,Stainless steel flat products,1462.404,3063015,29,False
Egypt,Egypt,72052900,Granules and powders,1460.0,1630385,28,False
China,China,72173090,Wire,1448.141,1662545,25,False
Sweden,Sweden,72111300,Flat products under 600mm,1448.109,1120268,28,False
Belgium,Belgium,72193210,Stainless steel flat products,1447.824,3778691,29,False
Finland,Finland,72192300,Stainless steel flat products,1446.554,2976716,29,False
Germany,Czechia,72112330,Flat products under 600mm,1444.021,1651934,26,True
South Korea,South Korea,72101220,Coated or plated flat products,1438.481,1479997,10,False
Sweden,Sweden,72123000,Coated flat products under 600mm,1436.736,1504112,22,False
Turkey,Turkey,72072017,Semi-finished steel,1436.11,1379973,11,False
Spain,Spain,72072052,Semi-finished steel,1432.104,1679053,29,False
Germany,Germany,72169110,Angles shapes and sections,1431.442,2371575,29,False
Germany,Germany,72285061,Other alloy bars rods and sections,1431.057,3751506,28,False
Spain,Spain,72166110,Angles shapes and sections,1430.786,2504552,20,False
Czechia,Czechia,72283061,Other alloy bars rods and sections,1425.354,1867678,27,False
South Korea,Spain,72104900,Coated or plated flat products,1422.6599999999999,808773,2,True
Unknown / not supplied,Ireland,72085120,Hot-rolled flat products,1420.097,978990,27,True
Germany,France,72166110,Angles shapes and sections,1417.824,12011353,28,True
Spain,Spain,72172090,Wire,1415.2,1371077,21,False
Vietnam,Vietnam,72125069,Coated flat products under 600mm,1414.512,1207193,9,False
Czechia,Czechia,72299090,Alloy steel wire,1413.676,2586953,29,False
Unknown / not supplied,Luxembourg,72163211,Angles shapes and sections,1412.428,1054210,20,True
Turkey,Netherlands,72162100,Angles shapes and sections,1411.566,903390,8,True
Denmark,Denmark,72072052,Semi-finished steel,1411.508,1684291,29,False
Italy,Italy,72285061,Other alloy bars rods and sections,1411.3110000000001,2220203,21,False
Sweden,Sweden,72083900,Hot-rolled flat products,1404.494,760210,13,False
Vietnam,Ireland,72104900,Coated or plated flat products,1401.685,123136,2,True
France,France,72286080,Other alloy bars rods and sections,1396.842,3719513,27,False
Unknown / not supplied,Ireland,72163190,Angles shapes and sections,1392.173,1596788,29,True
India,India,72072032,Semi-finished steel,1387.754,7033185,29,False
Germany,France,72259200,Other alloy flat products,1387.306,1337482,13,True
Spain,Spain,72155080,Other bars and rods,1386.221,1599558,29,False
Turkey,Turkey,72283069,Other alloy bars rods and sections,1384.71,1597312,13,False
Czechia,Poland,72285061,Other alloy bars rods and sections,1380.188,1906088,26,True
Canada,Turkey,72042190,Ferrous waste and scrap,1376.071,1545747,3,True
Czechia,Luxembourg,72173090,Wire,1369.754,1599897,21,True
South Korea,South Korea,72082700,Hot-rolled flat products,1369.3,806153,5,False
Germany,Germany,72149950,Other bars and rods,1368.311,1031541,23,False
Brazil,Poland,72011090,Pig iron,1365.606,476669,2,True
Japan,Germany,72071114,Semi-finished steel,1365.574,1981543,21,True
Turkey,Turkey,72107080,Coated or plated flat products,1365.323,1012107,7,False
Poland,Poland,72149971,Other bars and rods,1361.483,990217,29,False
Spain,Spain,72222011,Stainless steel bars sections and wire,1359.691,4446470,29,False
Sweden,Sweden,72189911,Stainless steel ingots and semi-finished,1349.432,1822231,7,False
Turkey,Turkey,72230019,Stainless steel wire,1349.037,1308992,20,False
Germany,Germany,72221111,Stainless steel bars sections and wire,1346.55,6378542,29,False
Norway,Spain,72021180,Ferro-alloys,1346.3,1049414,3,True
Czechia,Poland,72139910,Hot-rolled bars and rods,1344.4979999999998,866946,24,True
Spain,Spain,72193390,Stainless steel flat products,1337.916,2070957,25,False
South Korea,South Korea,72085299,Hot-rolled flat products,1337.748,879830,10,False
Finland,Belgium,72192300,Stainless steel flat products,1336.027,2929791,29,True
Indonesia,India,72085120,Hot-rolled flat products,1328.212,706901,1,True
South Korea,Vietnam,72103000,Coated or plated flat products,1327.295,800136,3,True
Czechia,Poland,72132000,Hot-rolled bars and rods,1324.188,864227,23,True
Germany,Spain,72085120,Hot-rolled flat products,1320.422,1274188,8,True
China,China,72159000,Other bars and rods,1319.126,2171625,27,False
Taiwan,Taiwan,72193390,Stainless steel flat products,1316.439,2449065,17,False
Czechia,Czechia,72172050,Wire,1313.021,1359593,16,False
Netherlands,Netherlands,72254040,Other alloy flat products,1312.12,1325793,20,False
Iceland,Iceland,72052900,Granules and powders,1310.398,1112,23,False
United Kingdom,Germany,72071114,Semi-finished steel,1309.62,1853512,22,True
India,India,72222031,Stainless steel bars sections and wire,1308.051,3613144,29,False
Spain,Netherlands,72163211,Angles shapes and sections,1292.382,828493,15,True
India,Netherlands,72021900,Ferro-alloys,1291.75,1323026,13,True
South Africa,Netherlands,72192290,Stainless steel flat products,1290.929,1549123,14,True
South Africa,South Africa,72193490,Stainless steel flat products,1290.866,2411365,14,False
Ukraine,Poland,72083900,Hot-rolled flat products,1290.23,687921,1,True
South Korea,South Korea,72104100,Coated or plated flat products,1280.4,727514,1,False
Germany,Germany,72269200,Other alloy flat products under 600mm,1274.864,3759400,29,False
Taiwan,Taiwan,72286080,Other alloy bars rods and sections,1274.544,8179186,29,False
Netherlands,Netherlands,72269970,Other alloy flat products under 600mm,1265.737,1856036,29,False
China,China,72061000,Ingots and primary forms,1264.358,1021948,19,False
Germany,Germany,72283069,Other alloy bars rods and sections,1258.416,1798126,28,False
Germany,Germany,72223051,Stainless steel bars sections and wire,1257.2549999999999,5697064,29,False
Germany,Germany,72163190,Angles shapes and sections,1254.363,900976,25,False
China,Belgium,72101220,Coated or plated flat products,1249.182,1203305,11,True
Austria,Austria,72082600,Hot-rolled flat products,1245.504,687093,5,False
Denmark,Denmark,72089080,Hot-rolled flat products,1245.118,537090,8,False
Austria,Germany,72255080,Other alloy flat products,1238.179,1357134,14,True
Italy,Italy,72124080,Coated flat products under 600mm,1238.033,1785163,25,False
Taiwan,Taiwan,72210010,Stainless steel bars and rods,1237.798,3251334,24,False
Mexico,GY,72042900,Ferrous waste and scrap,1236.657,512078,1,True
Italy,Italy,72172090,Wire,1233.082,1939098,19,False
Germany,Germany,72230019,Stainless steel wire,1232.28,5988626,29,False
Taiwan,Taiwan,72201200,Stainless steel flat products under 600mm,1231.93,2865879,22,False
Netherlands,Netherlands,72123000,Coated flat products under 600mm,1231.824,1220449,22,False
China,China,72288000,Other alloy bars rods and sections,1228.538,754729,18,False
Turkey,Germany,72149939,Other bars and rods,1227.81,717993,2,True
Portugal,Portugal,72221910,Stainless steel bars sections and wire,1227.415,5867235,29,False
South Korea,Spain,72083700,Hot-rolled flat products,1224.95,535506,1,True
Spain,Netherlands,72163390,Angles shapes and sections,1223.064,847163,21,True
Germany,Netherlands,72165099,Angles shapes and sections,1222.35,1881332,28,True
Turkey,Turkey,72166900,Angles shapes and sections,1221.819,1462506,25,False
Romania,France,72251990,Other alloy flat products,1217.88,1500570,19,True
China,China,72026000,Ferro-alloys,1213.525,22789657,27,False
France,France,72023000,Ferro-alloys,1205.622,1107653,4,False
Turkey,Turkey,72249038,Alloy steel ingots and semi-finished,1204.906,1171431,10,False
France,France,72111900,Flat products under 600mm,1202.374,1493557,17,False
Egypt,Egypt,72082700,Hot-rolled flat products,1202.1,593110,1,False
Netherlands,Austria,72166110,Angles shapes and sections,1201.642,1056336,8,True
Austria,Austria,72139910,Hot-rolled bars and rods,1201.4370000000001,1000175,16,False
Spain,Spain,72155019,Other bars and rods,1199.434,1278685,29,False
United States,United States,72042110,Ferrous waste and scrap,1195.6950000000002,1492914,11,False
Finland,Finland,72193100,Stainless steel flat products,1192.532,2958703,25,False
India,India,72193310,Stainless steel flat products,1186.599,869281,5,False
Italy,Italy,72172030,Wire,1183.229,1210344,27,False
Germany,Germany,72202049,Stainless steel flat products under 600mm,1182.396,1832646,29,False
Turkey,Netherlands,72165010,Angles shapes and sections,1182.27,1080061,5,True
Egypt,Spain,72083900,Hot-rolled flat products,1180.89,594235,1,True
Czechia,Poland,72111300,Flat products under 600mm,1176.764,926224,14,True
Netherlands,Netherlands,72279050,Alloy bars and rods hot-rolled,1175.926,1840041,18,False
Unknown / not supplied,Spain,72141000,Other bars and rods,1175.857,772893,6,True
Germany,Germany,72255080,Other alloy flat products,1174.06,1262718,28,False
Sweden,Sweden,72287010,Other alloy bars rods and sections,1171.401,1388055,22,False
Unknown / not supplied,Ireland,72083600,Hot-rolled flat products,1167.33,1228855,29,True
China,China,72230099,Stainless steel wire,1165.991,847236,29,False
France,Spain,72085120,Hot-rolled flat products,1158.216,835359,10,True
Morocco,Morocco,72107080,Coated or plated flat products,1151.72,1052944,6,False
Czechia,Czechia,72139190,Hot-rolled bars and rods,1151.664,793745,9,False
Albania,Albania,72024190,Ferro-alloys,1150.334,2085589,18,False
Germany,Germany,72166190,Angles shapes and sections,1143.965,2360975,29,False
Netherlands,Netherlands,72254060,Other alloy flat products,1136.483,1021459,21,False
Indonesia,Indonesia,72085191,Hot-rolled flat products,1134.6779999999999,634324,2,False
Germany,Germany,72125069,Coated flat products under 600mm,1133.952,1578654,27,False
Belgium,Netherlands,72166190,Angles shapes and sections,1133.926,1210452,14,True
Italy,Italy,72155080,Other bars and rods,1129.422,1297692,29,False
Finland,Finland,72253090,Other alloy flat products,1128.002,834390,12,False
Unknown / not supplied,Ireland,72164010,Angles shapes and sections,1126.596,1003930,29,True
Japan,Japan,72071210,Semi-finished steel,1126.56,462436,1,False
China,Hong Kong,72101220,Coated or plated flat products,1126.239,1023054,4,True
Netherlands,Germany,72083700,Hot-rolled flat products,1122.23,641310,2,True
Switzerland,Switzerland,72269200,Other alloy flat products under 600mm,1121.1589999999999,3525562,25,False
Spain,Spain,72165091,Angles shapes and sections,1119.653,1359242,9,False
Malaysia,France,72299090,Alloy steel wire,1119.623,1294268,13,True
Vietnam,Germany,72106100,Coated or plated flat products,1117.525,766714,4,True
Germany,Germany,72172050,Wire,1116.981,1326958,21,False
Unknown / not supplied,Ireland,72162100,Angles shapes and sections,1112.672,1072526,29,True
Japan,Japan,72072011,Semi-finished steel,1112.474,1946488,6,False
Germany,France,72085120,Hot-rolled flat products,1112.28,1105466,19,True
Turkey,Germany,72163110,Angles shapes and sections,1110.505,729750,3,True
Vietnam,Spain,72083600,Hot-rolled flat products,1100.93,550914,1,True
Brazil,Brazil,72024950,Ferro-alloys,1099.0,1967028,14,False
Turkey,Turkey,72081000,Hot-rolled flat products,1096.99,551948,2,False
Greece,Greece,72123000,Coated flat products under 600mm,1094.9,753343,29,False
Belgium,Belgium,72193100,Stainless steel flat products,1093.7,2730600,29,False
South Korea,South Korea,72163211,Angles shapes and sections,1090.908,646224,2,False
South Korea,Germany,72230019,Stainless steel wire,1090.601,6769055,29,True
Finland,Finland,72255080,Other alloy flat products,1089.122,1139014,23,False
Poland,Poland,72164010,Angles shapes and sections,1086.76,906627,14,False
Thailand,Netherlands,72171039,Wire,1080.046,6828614,28,True
Austria,Austria,72082700,Hot-rolled flat products,1078.597,689516,4,False
Taiwan,Taiwan,72230099,Stainless steel wire,1074.695,1968863,28,False
Germany,Germany,72045000,Ferrous waste and scrap,1074.147,3196745,14,False
Austria,Austria,72254060,Other alloy flat products,1064.072,1440710,21,False
Sweden,Sweden,72283061,Other alloy bars rods and sections,1059.77,1755041,26,False
France,France,72202049,Stainless steel flat products under 600mm,1058.893,4176769,28,False
Turkey,Germany,72164010,Angles shapes and sections,1057.353,135503,8,True
Germany,Netherlands,72254040,Other alloy flat products,1055.707,1324285,22,True
Algeria,Algeria,72083900,Hot-rolled flat products,1055.66,452673,1,False
Unknown / not supplied,France,72082500,Hot-rolled flat products,1053.1200000000001,594268,14,True
Israel,Israel,72042110,Ferrous waste and scrap,1053.0819999999999,2132260,18,False
Italy,Italy,72286080,Other alloy bars rods and sections,1052.439,1786508,29,False
Belgium,Germany,72202041,Stainless steel flat products under 600mm,1052.082,4335689,29,True
Czechia,Czechia,72171050,Wire,1051.157,871039,21,False
Turkey,Netherlands,72111900,Flat products under 600mm,1049.466,651422,2,True
Unknown / not supplied,Ireland,72139110,Hot-rolled bars and rods,1045.964,747468,21,True
Germany,Austria,72169180,Angles shapes and sections,1045.825,887299,7,True
Thailand,Thailand,72142000,Other bars and rods,1045.472,6157865,10,False
Turkey,South Korea,72106900,Coated or plated flat products,1044.82,738368,1,True
Unknown / not supplied,Sweden,72193490,Stainless steel flat products,1041.749,1556846,20,True
Unknown / not supplied,Italy,72159000,Other bars and rods,1041.5910000000001,1484198,25,True
China,Hong Kong,72172090,Wire,1039.841,703494,8,True
Germany,Germany,72223091,Stainless steel bars sections and wire,1039.0430000000001,2892872,29,False
Germany,Germany,72222019,Stainless steel bars sections and wire,1037.599,2735895,29,False
United Kingdom,AQ,72044990,Ferrous waste and scrap,1032.4,129050,1,True
Unknown / not supplied,Finland,72085291,Hot-rolled flat products,1032.181,1377682,27,True
Germany,Netherlands,72081000,Hot-rolled flat products,1024.52,604744,8,True
Belgium,Belgium,72171090,Wire,1021.877,2439323,18,False
Japan,Japan,72255080,Other alloy flat products,1020.0699999999999,1054287,3,False
Italy,Italy,72230019,Stainless steel wire,1015.941,3908066,29,False
Sweden,Sweden,72221181,Stainless steel bars sections and wire,1013.605,5846350,29,False
Algeria,Algeria,72083800,Hot-rolled flat products,1006.75,431700,1,False
Finland,Finland,72191390,Stainless steel flat products,1005.98,1274815,15,False
Ireland,Ireland,72041000,Ferrous waste and scrap,1005.66,956148,29,False
Kazakhstan,Kazakhstan,72024950,Ferro-alloys,1004.86,2258663,10,False
Sweden,Sweden,72189920,Stainless steel ingots and semi-finished,1003.759,4499445,21,False
Italy,Italy,72299090,Alloy steel wire,1001.034,2901897,29,False
Sweden,Sweden,72092790,Cold-rolled flat products,1000.5930000000001,1039228,20,False
France,Netherlands,72021900,Ferro-alloys,1000.0,937339,1,True
South Africa,Switzerland,72024190,Ferro-alloys,1000.0,833872,1,True
China,China,72224090,Stainless steel bars sections and wire,998.829,2596931,29,False
Germany,Germany,72166110,Angles shapes and sections,995.4350000000001,2407051,29,False
Spain,Spain,72221111,Stainless steel bars sections and wire,993.52,4035921,29,False
Vietnam,Taiwan,72083900,Hot-rolled flat products,993.22,609648,1,True
China,China,72029980,Ferro-alloys,992.105,1916957,23,False
Spain,Germany,72163291,Angles shapes and sections,991.81,651786,5,True
France,Spain,72023000,Ferro-alloys,991.0200000000001,926945,6,True
Finland,Finland,72283069,Other alloy bars rods and sections,989.908,1613923,27,False
Japan,Taiwan,72103000,Coated or plated flat products,989.02,520729,1,True
France,France,72119080,Flat products under 600mm,987.408,1354344,19,False
United Arab Emirates,United Arab Emirates,72042110,Ferrous waste and scrap,986.501,1605189,12,False
Brazil,Brazil,72251100,Other alloy flat products,983.902,1350508,11,False
China,China,72107080,Coated or plated flat products,982.619,1652287,29,False
North Macedonia,Greece,72085120,Hot-rolled flat products,982.5999999999999,875497,1,True
Spain,Spain,72281090,Other alloy bars rods and sections,980.385,4522199,28,False
China,China,72202081,Stainless steel flat products under 600mm,980.313,3520338,22,False
Germany,Germany,72254060,Other alloy flat products,979.668,2236866,29,False
Unknown / not supplied,Ireland,72107080,Coated or plated flat products,975.5989999999999,1675578,28,True
Spain,France,72163110,Angles shapes and sections,974.915,645856,6,True
Taiwan,Taiwan,72192300,Stainless steel flat products,972.804,1712491,22,False
Ukraine,Ukraine,72023000,Ferro-alloys,971.9,823620,5,False
Italy,Italy,72149931,Other bars and rods,964.876,813108,28,False
Germany,Spain,72163390,Angles shapes and sections,962.312,671751,13,True
Finland,Belgium,72193490,Stainless steel flat products,957.694,1603987,25,True
Indonesia,China,72192210,Stainless steel flat products,955.352,1438160,7,True
France,Netherlands,72286080,Other alloy bars rods and sections,954.952,1493431,28,True
Unknown / not supplied,Spain,72171039,Wire,953.626,727282,15,True
Belgium,Luxembourg,72222081,Stainless steel bars sections and wire,952.8870000000001,2268011,29,True
Indonesia,Turkey,72192290,Stainless steel flat products,952.358,1595134,17,True
Sweden,Sweden,72189980,Stainless steel ingots and semi-finished,950.912,4490888,18,False
Unknown / not supplied,Sweden,72254040,Other alloy flat products,950.853,1377107,27,True
France,France,72283070,Other alloy bars rods and sections,948.709,610835,28,False
Italy,Italy,72166190,Angles shapes and sections,946.65,2779732,29,False
Italy,Italy,72149979,Other bars and rods,946.463,721366,28,False
Turkey,Turkey,72193490,Stainless steel flat products,945.857,1441199,27,False
Brazil,Belgium,72011019,Pig iron,944.76,573227,27,True
Spain,Spain,72083900,Hot-rolled flat products,944.244,399582,17,False
South Africa,South Africa,72191390,Stainless steel flat products,944.159,1108306,9,False
Turkey,Turkey,72193390,Stainless steel flat products,942.7379999999999,1514281,28,False
Italy,Italy,72149971,Other bars and rods,942.6610000000001,823404,29,False
Spain,Spain,72021180,Ferro-alloys,939.8199999999999,1105178,14,False
Spain,Spain,72139149,Hot-rolled bars and rods,938.231,510322,8,False
Turkey,Turkey,72285061,Other alloy bars rods and sections,937.317,730347,13,False
Belgium,Netherlands,72259200,Other alloy flat products,934.433,956825,16,True
United States,United States,72222011,Stainless steel bars sections and wire,933.706,7630208,29,False
Italy,Italy,72283070,Other alloy bars rods and sections,932.347,760576,17,False
South Korea,South Korea,72091500,Cold-rolled flat products,929.96,473010,5,False
South Africa,South Africa,72193410,Stainless steel flat products,926.871,2357657,12,False
India,India,72221111,Stainless steel bars sections and wire,921.635,2302873,27,False
Belgium,Netherlands,72104900,Coated or plated flat products,919.08,865951,19,True
Ireland,Ireland,72103000,Coated or plated flat products,909.482,3005914,29,False
China,China,72169180,Angles shapes and sections,901.86,934884,26,False
Luxembourg,Germany,72163390,Angles shapes and sections,900.331,684282,20,True
China,China,72230011,Stainless steel wire,899.975,3276529,28,False
Spain,Spain,72112900,Flat products under 600mm,898.261,1360257,24,False
United Kingdom,Sweden,72189110,Stainless steel ingots and semi-finished,895.368,2674250,7,True
Finland,Sweden,72254060,Other alloy flat products,894.3589999999999,1028690,18,True
Malaysia,Malaysia,72299090,Alloy steel wire,891.886,1372566,5,False
Poland,Poland,72149931,Other bars and rods,888.5799999999999,680262,23,False
France,France,72202041,Stainless steel flat products under 600mm,888.173,4026640,29,False
South Korea,South Korea,72299090,Alloy steel wire,883.488,1261529,17,False
Unknown / not supplied,Ireland,72085390,Hot-rolled flat products,882.392,547761,26,True
South Africa,South Africa,72022990,Ferro-alloys,882.0,940743,13,False
United Arab Emirates,United Arab Emirates,72085198,Hot-rolled flat products,881.2919999999999,559124,6,False
Unknown / not supplied,Belgium,72083600,Hot-rolled flat products,879.38,591547,1,True
Italy,Germany,72202081,Stainless steel flat products under 600mm,878.448,4415220,29,True
South Korea,South Korea,72210010,Stainless steel bars and rods,877.879,1890223,13,False
Ukraine,Poland,72091690,Cold-rolled flat products,877.815,511399,1,True
Romania,Romania,72159000,Other bars and rods,876.143,1399523,27,False
Poland,Poland,72249007,Alloy steel ingots and semi-finished,875.55,838603,21,False
Australia,Australia,72124080,Coated flat products under 600mm,868.857,1063880,17,False
Switzerland,Switzerland,72283069,Other alloy bars rods and sections,867.604,954183,15,False
Turkey,Netherlands,72163190,Angles shapes and sections,867.288,542432,5,True
Unknown / not supplied,Sweden,72254060,Other alloy flat products,866.53,1280614,29,True
India,India,72222011,Stainless steel bars sections and wire,862.788,2620665,25,False
Unknown / not supplied,Portugal,72085400,Hot-rolled flat products,861.883,607643,11,True
Finland,Germany,72193210,Stainless steel flat products,861.841,2075942,22,True
Germany,Netherlands,72163190,Angles shapes and sections,861.32,745320,29,True
France,France,72287010,Other alloy bars rods and sections,853.927,645445,26,False
China,China,72052100,Granules and powders,852.227,1241870,23,False
Spain,Sweden,72164010,Angles shapes and sections,849.855,563977,2,True
Netherlands,Netherlands,72085191,Hot-rolled flat products,849.669,794613,26,False
China,Belgium,72149971,Other bars and rods,847.8489999999999,683712,22,True
Austria,Austria,72285061,Other alloy bars rods and sections,846.829,6718106,29,False
Germany,Finland,72193310,Stainless steel flat products,844.329,2173620,16,True
Turkey,Turkey,72084000,Hot-rolled flat products,841.99,486859,7,False
Italy,Italy,72222019,Stainless steel bars sections and wire,841.78,2578070,28,False
Germany,Germany,72122000,Coated flat products under 600mm,838.989,1464883,17,False
Austria,Austria,72091790,Cold-rolled flat products,837.5,757588,16,False
Germany,Austria,72104900,Coated or plated flat products,836.1,759428,9,True
Netherlands,Netherlands,72104100,Coated or plated flat products,833.123,2096543,29,False
Austria,Germany,72085120,Hot-rolled flat products,832.3870000000001,890328,14,True
Egypt,Egypt,72149971,Other bars and rods,830.856,459858,10,False
Austria,Germany,72071114,Semi-finished steel,829.931,1186139,14,True
Spain,Spain,72171050,Wire,829.778,1017751,15,False
Germany,Germany,72155011,Other bars and rods,829.5,664257,13,False
South Korea,South Korea,72091710,Cold-rolled flat products,829.41,483830,2,False
Germany,Germany,72284010,Other alloy bars rods and sections,825.176,2655230,29,False
Germany,Germany,72279010,Alloy bars and rods hot-rolled,823.581,508931,17,False
Taiwan,Taiwan,72202049,Stainless steel flat products under 600mm,823.469,915573,25,False
Austria,Austria,72249002,Alloy steel ingots and semi-finished,816.287,5203541,29,False
France,France,72283061,Other alloy bars rods and sections,815.549,4218597,28,False
China,China,72089080,Hot-rolled flat products,813.688,1031714,27,False
India,India,72163211,Angles shapes and sections,810.099,409044,1,False
Spain,Spain,72149939,Other bars and rods,808.683,490706,10,False
Italy,Belgium,72287010,Other alloy bars rods and sections,808.444,644194,21,True
Germany,Netherlands,72091790,Cold-rolled flat products,803.38,746935,16,True
Italy,Italy,72051000,Granules and powders,802.799,1900138,28,False
United States,United States,72173041,Wire,800.23,5371680,27,False
South Africa,South Africa,72021180,Ferro-alloys,799.62,687648,5,False
Spain,Germany,72139170,Hot-rolled bars and rods,796.974,984923,29,True
France,France,72221111,Stainless steel bars sections and wire,793.558,3029095,29,False
Italy,Italy,72164010,Angles shapes and sections,792.947,589535,24,False
Poland,Poland,72284090,Other alloy bars rods and sections,791.154,1978951,19,False
Sweden,Sweden,72193100,Stainless steel flat products,790.804,2478330,28,False
Australia,Australia,72107080,Coated or plated flat products,788.695,1046477,16,False
Taiwan,Taiwan,72193490,Stainless steel flat products,786.186,1557880,20,False
Indonesia,China,72191410,Stainless steel flat products,786.1,1067505,1,True
Romania,Romania,72072080,Semi-finished steel,784.577,6291475,29,False
Turkey,Turkey,72085291,Hot-rolled flat products,782.175,557361,2,False
Denmark,Denmark,72169180,Angles shapes and sections,781.2719999999999,1572149,18,False
Finland,Finland,72085400,Hot-rolled flat products,778.304,488246,13,False
Germany,Germany,72024910,Ferro-alloys,778.15,3617729,21,False
Zimbabwe,Sweden,72025000,Ferro-alloys,776.347,607891,11,True
Taiwan,Taiwan,72085120,Hot-rolled flat products,774.1840000000001,412431,2,False
Serbia and Montenegro aggregate,France,72101220,Coated or plated flat products,770.523,936743,10,True
Kazakhstan,Kazakhstan,72022100,Ferro-alloys,770.37,671774,6,False
France,Netherlands,72085120,Hot-rolled flat products,769.433,884839,19,True
France,France,72042110,Ferrous waste and scrap,768.282,5039276,29,False
Luxembourg,Luxembourg,72299090,Alloy steel wire,764.931,1282608,26,False
Spain,Spain,72083800,Hot-rolled flat products,763.663,312650,15,False
China,China,72286080,Other alloy bars rods and sections,762.743,1990840,28,False
Netherlands,Netherlands,72069000,Ingots and primary forms,760.244,431037,10,False
Taiwan,Germany,72104900,Coated or plated flat products,757.52,446681,1,True
Unknown / not supplied,Netherlands,72163110,Angles shapes and sections,757.353,706858,26,True
Indonesia,Netherlands,72085120,Hot-rolled flat products,755.851,515868,8,True
Denmark,Denmark,72125090,Coated flat products under 600mm,755.098,460022,1,False
India,India,72022910,Ferro-alloys,752.9,1088261,12,False
China,China,72192400,Stainless steel flat products,751.833,1398325,17,False
Vietnam,South Korea,72106100,Coated or plated flat products,751.67,516897,5,True
Unknown / not supplied,Ireland,72111400,Flat products under 600mm,746.754,547968,29,True
India,India,72085291,Hot-rolled flat products,746.088,400741,1,False
India,Belgium,72163219,Angles shapes and sections,746.046,457851,2,True
Germany,Czechia,72112900,Flat products under 600mm,745.299,1108908,21,True
Germany,Germany,72285020,Other alloy bars rods and sections,744.169,2700156,29,False
Iceland,Iceland,72042110,Ferrous waste and scrap,743.745,604132,28,False
Italy,Italy,72202081,Stainless steel flat products under 600mm,742.026,3407918,29,False
Spain,Spain,72193100,Stainless steel flat products,741.496,1799118,22,False
Spain,Germany,72107080,Coated or plated flat products,741.322,2430061,29,True
Italy,Italy,72283089,Other alloy bars rods and sections,740.352,774040,20,False
Denmark,Denmark,72085299,Hot-rolled flat products,739.569,601815,20,False
Italy,Italy,72159000,Other bars and rods,738.8,1103455,25,False
Sweden,Sweden,72072017,Semi-finished steel,738.462,2347254,29,False
Czechia,Poland,72279010,Alloy bars and rods hot-rolled,737.516,594565,21,True
Unknown / not supplied,Italy,72085400,Hot-rolled flat products,734.201,523315,12,True
Ukraine,Poland,72083800,Hot-rolled flat products,734.065,395359,1,True
Unknown / not supplied,Belgium,72085120,Hot-rolled flat products,731.961,537887,1,True
Unknown / not supplied,Ireland,72123000,Coated flat products under 600mm,729.233,1815805,29,True
Indonesia,China,72191310,Stainless steel flat products,729.023,1044323,3,True
France,France,72251990,Other alloy flat products,727.998,853759,17,False
India,India,72286080,Other alloy bars rods and sections,726.758,1326375,19,False
Spain,Italy,72287010,Other alloy bars rods and sections,726.653,463330,1,True
Unknown / not supplied,Denmark,72163211,Angles shapes and sections,726.1949999999999,492392,2,True
Belgium,Belgium,72085299,Hot-rolled flat products,726.028,693403,25,False
China,China,72191310,Stainless steel flat products,725.761,1133622,9,False
Italy,France,72085120,Hot-rolled flat products,724.7570000000001,550112,7,True
China,Hong Kong,72284090,Other alloy bars rods and sections,724.168,907681,14,True
Sweden,Sweden,72189180,Stainless steel ingots and semi-finished,724.049,4608866,21,False
Indonesia,China,72193210,Stainless steel flat products,723.245,1200929,12,True
India,India,72085299,Hot-rolled flat products,723.158,396323,2,False
United Arab Emirates,United Arab Emirates,72172090,Wire,722.842,457339,7,False
China,China,72172050,Wire,722.213,824170,23,False
Denmark,Denmark,72254060,Other alloy flat products,720.199,665867,22,False
South Africa,South Africa,72159000,Other bars and rods,718.058,1633989,20,False
Italy,Belgium,72179050,Wire,717.747,876919,9,True
India,India,72082600,Hot-rolled flat products,715.403,350379,3,False
Norway,Netherlands,72021900,Ferro-alloys,714.0,757382,5,True
China,China,72162100,Angles shapes and sections,713.7439999999999,503294,11,False
South Korea,Turkey,72107080,Coated or plated flat products,713.699,781724,2,True
Spain,Spain,72259200,Other alloy flat products,712.941,344259,18,False
Italy,Italy,72085299,Hot-rolled flat products,711.982,924280,12,False
Sweden,Sweden,72085120,Hot-rolled flat products,710.582,1077023,21,False
Germany,France,72104900,Coated or plated flat products,707.442,666208,24,True
Spain,Spain,72222081,Stainless steel bars sections and wire,707.27,2755884,28,False
Germany,Czechia,72119080,Flat products under 600mm,706.5740000000001,845775,13,True
Austria,Austria,72241090,Alloy steel ingots and semi-finished,705.5,2433133,10,False
China,China,72202021,Stainless steel flat products under 600mm,703.567,1604864,13,False
Belgium,Belgium,72092790,Cold-rolled flat products,703.2189999999999,943413,24,False
Austria,Germany,72091790,Cold-rolled flat products,703.1700000000001,555865,11,True
Sweden,Sweden,72165099,Angles shapes and sections,702.356,654162,14,False
Thailand,Thailand,72163190,Angles shapes and sections,701.602,391039,1,False
India,India,72141000,Other bars and rods,701.367,843273,14,False
Germany,France,72259900,Other alloy flat products,698.225,1190527,10,True
France,Germany,72254040,Other alloy flat products,696.678,808872,12,True
Italy,Belgium,72286080,Other alloy bars rods and sections,695.687,974176,17,True
Unknown / not supplied,Germany,72166110,Angles shapes and sections,695.271,711559,8,True
United States,United States,72163110,Angles shapes and sections,695.175,2744537,11,False
Belgium,Belgium,72222081,Stainless steel bars sections and wire,693.62,1628124,21,False
Germany,Germany,72149110,Other bars and rods,691.577,523408,22,False
Taiwan,Taiwan,72224010,Stainless steel bars sections and wire,691.382,5913790,24,False
Finland,Netherlands,72191390,Stainless steel flat products,690.77,940630,11,True
Finland,Finland,72081000,Hot-rolled flat products,689.935,465794,8,False
China,China,72103000,Coated or plated flat products,688.204,483394,22,False
Germany,Germany,72169180,Angles shapes and sections,688.124,1031037,29,False
Spain,Spain,72104900,Coated or plated flat products,686.433,472428,21,False
China,China,72221990,Stainless steel bars sections and wire,685.306,1084491,15,False
Vietnam,Germany,72083600,Hot-rolled flat products,682.999,351008,3,True
United Kingdom,Germany,72139170,Hot-rolled bars and rods,680.7520000000001,870317,23,True
Spain,Turkey,72172030,Wire,680.153,548762,4,True
Spain,Italy,72163211,Angles shapes and sections,677.848,438206,5,True
France,France,72221181,Stainless steel bars sections and wire,675.0459999999999,2854768,29,False
Germany,Spain,72163310,Angles shapes and sections,673.016,473083,10,True
Italy,Italy,72141000,Other bars and rods,671.806,957748,20,False
Unknown / not supplied,Portugal,72141000,Other bars and rods,669.971,449752,6,True
China,China,72284010,Other alloy bars rods and sections,669.464,1190385,22,False
Austria,Germany,72091690,Cold-rolled flat products,669.12,402308,4,True
Turkey,Turkey,72166110,Angles shapes and sections,668.0989999999999,595441,11,False
Turkey,Turkey,72269191,Other alloy flat products under 600mm,667.94,763138,2,False
Finland,Sweden,72104900,Coated or plated flat products,667.79,486318,2,True
Taiwan,Taiwan,72171039,Wire,667.591,527595,11,False
Japan,Japan,72082700,Hot-rolled flat products,665.96,333254,1,False
Taiwan,Taiwan,72192210,Stainless steel flat products,665.721,1223509,23,False
Vietnam,Germany,72083800,Hot-rolled flat products,665.652,312574,2,True
Unknown / not supplied,France,72253090,Other alloy flat products,665.22,394596,8,True
Germany,Germany,72269191,Other alloy flat products under 600mm,665.016,1709832,26,False
Taiwan,Taiwan,72109080,Coated or plated flat products,663.61,513119,3,False
Indonesia,Indonesia,72191410,Stainless steel flat products,663.44,1022407,1,False
Germany,Netherlands,72123000,Coated flat products under 600mm,663.27,746717,17,True
Sweden,Finland,72192210,Stainless steel flat products,663.149,1869711,24,True
China,China,72163211,Angles shapes and sections,660.646,353479,5,False
Slovakia,United States,72071912,Semi-finished steel,659.497,562065,17,True
Belgium,Netherlands,72202041,Stainless steel flat products under 600mm,658.879,1378586,29,True
India,India,72082500,Hot-rolled flat products,652.174,322738,4,False
United States,United States,72202041,Stainless steel flat products under 600mm,650.631,6709995,28,False
Belgium,Netherlands,72082600,Hot-rolled flat products,645.4300000000001,414789,2,True
Germany,Netherlands,72111900,Flat products under 600mm,644.774,815156,21,True
Vietnam,Switzerland,72193310,Stainless steel flat products,644.343,1181614,15,True
India,India,72166110,Angles shapes and sections,643.628,710125,19,False
South Korea,Belgium,72163291,Angles shapes and sections,641.653,428175,1,True
Switzerland,Switzerland,72230099,Stainless steel wire,641.457,4367912,27,False
Germany,Netherlands,72261980,Other alloy flat products under 600mm,638.567,573104,14,True
India,India,72165099,Angles shapes and sections,637.4879999999999,752836,14,False
France,France,72159000,Other bars and rods,636.318,1057349,21,False
Hong Kong,Hong Kong,72299090,Alloy steel wire,635.909,336364,4,False
Finland,Netherlands,72193490,Stainless steel flat products,634.316,1115463,20,True
China,China,72165010,Angles shapes and sections,632.972,525542,16,False
Germany,Spain,72085191,Hot-rolled flat products,631.15,656325,7,True
Estonia,Estonia,72042110,Ferrous waste and scrap,630.075,1502060,1,False
Unknown / not supplied,Netherlands,72163211,Angles shapes and sections,628.102,489353,25,True
Unknown / not supplied,Netherlands,72163310,Angles shapes and sections,625.995,476844,23,True
Sweden,Sweden,72222011,Stainless steel bars sections and wire,625.77,2484883,22,False
Unknown / not supplied,Luxembourg,72163310,Angles shapes and sections,625.17,431848,14,True
Romania,Romania,72052900,Granules and powders,623.021,728350,25,False
China,China,72210010,Stainless steel bars and rods,622.446,1454590,16,False
Italy,Italy,72269200,Other alloy flat products under 600mm,620.931,934367,24,False
Austria,Netherlands,72083900,Hot-rolled flat products,618.14,364949,7,True
South Korea,Germany,72085191,Hot-rolled flat products,617.131,381253,9,True
Egypt,Egypt,72022100,Ferro-alloys,616.6,517719,3,False
Unknown / not supplied,Portugal,72085299,Hot-rolled flat products,616.517,411184,13,True
Unknown / not supplied,Ireland,72155080,Other bars and rods,615.812,683069,29,True
Germany,Netherlands,72255080,Other alloy flat products,614.88,548918,12,True
Indonesia,China,72193410,Stainless steel flat products,614.854,1012383,14,True
Spain,Spain,72299090,Alloy steel wire,614.644,815124,23,False
Italy,Italy,72249090,Alloy steel ingots and semi-finished,612.531,3000623,29,False
Germany,Germany,72172090,Wire,612.102,1359743,29,False
Germany,Netherlands,72163310,Angles shapes and sections,607.416,505204,29,True
Brazil,Netherlands,72029300,Ferro-alloys,606.316,17739774,28,True
Spain,Italy,72163390,Angles shapes and sections,605.419,398281,2,True
Austria,Netherlands,72103000,Coated or plated flat products,605.1500000000001,421620,4,True
Austria,Germany,72082700,Hot-rolled flat products,604.4,366212,4,True
Vietnam,Spain,72083800,Hot-rolled flat products,604.2,298771,1,True
Germany,Germany,72091500,Cold-rolled flat products,602.068,470953,14,False
Germany,Germany,72285080,Other alloy bars rods and sections,601.85,535732,15,False
India,India,72222019,Stainless steel bars sections and wire,600.699,1481667,18,False
Spain,Spain,72124080,Coated flat products under 600mm,600.463,928389,26,False
Thailand,Thailand,72172030,Wire,600.262,578001,8,False
China,China,72259200,Other alloy flat products,598.746,741873,6,False
Spain,Spain,72249002,Alloy steel ingots and semi-finished,598.342,6321551,26,False
Egypt,Egypt,72149995,Other bars and rods,598.144,322999,2,False
Vietnam,Spain,72083900,Hot-rolled flat products,595.515,292225,1,True
Italy,Italy,72109030,Coated or plated flat products,594.213,1332687,24,False
Sweden,Sweden,72223051,Stainless steel bars sections and wire,594.04,2288384,28,False
Germany,Malta,72024910,Ferro-alloys,591.948,2724596,19,True
Japan,Japan,72171090,Wire,591.542,714829,14,False
Finland,Netherlands,72191310,Stainless steel flat products,590.638,1372873,21,True
Spain,Sweden,72287010,Other alloy bars rods and sections,588.2159999999999,390935,2,True
Italy,Italy,72171039,Wire,588.15,557465,26,False
Taiwan,Vietnam,72083900,Hot-rolled flat products,587.005,305480,2,True
Poland,Netherlands,72169180,Angles shapes and sections,586.055,712844,25,True
Finland,Germany,72193410,Stainless steel flat products,585.443,1513093,21,True
Japan,Germany,72085120,Hot-rolled flat products,584.698,32099,2,True
Sweden,Sweden,72282010,Other alloy bars rods and sections,584.013,572321,23,False
Austria,Austria,72286080,Other alloy bars rods and sections,583.5360000000001,4540884,29,False
China,China,72071980,Semi-finished steel,583.532,2246087,29,False
Brazil,Brazil,72269200,Other alloy flat products under 600mm,582.75,1844507,24,False
Spain,Spain,72085299,Hot-rolled flat products,582.634,489498,19,False
Italy,Italy,72165099,Angles shapes and sections,582.378,989223,22,False
Belgium,Netherlands,72085291,Hot-rolled flat products,581.466,588474,23,True
Finland,Sweden,72254040,Other alloy flat products,579.373,870802,16,True
Germany,Netherlands,72163110,Angles shapes and sections,579.345,492986,27,True
Indonesia,Indonesia,72209080,Stainless steel flat products under 600mm,578.8199999999999,2739688,18,False
Unknown / not supplied,Germany,72081000,Hot-rolled flat products,578.3199999999999,315445,7,True
Unknown / not supplied,Ireland,72169900,Angles shapes and sections,578.24,534268,29,True
India,India,72299090,Alloy steel wire,577.936,1192106,18,False
Finland,Netherlands,72085120,Hot-rolled flat products,577.849,865709,26,True
Malaysia,Malaysia,72192210,Stainless steel flat products,576.268,1002697,11,False
Sweden,Spain,72189110,Stainless steel ingots and semi-finished,576.068,2341518,9,True
Spain,Germany,72299090,Alloy steel wire,574.6899999999999,719998,25,True
Netherlands,Netherlands,72166190,Angles shapes and sections,572.259,1869594,29,False
Romania,Romania,72286080,Other alloy bars rods and sections,571.513,1062181,28,False
Slovenia,Germany,72192110,Stainless steel flat products,570.033,1964110,28,True
United States,United States,72223051,Stainless steel bars sections and wire,568.882,7607380,29,False
Germany,Netherlands,72254060,Other alloy flat products,568.041,537652,22,True
Turkey,Turkey,72112900,Flat products under 600mm,567.498,830110,27,False
Germany,Netherlands,72139170,Hot-rolled bars and rods,566.779,324602,2,True
Turkey,Turkey,72091790,Cold-rolled flat products,566.568,306088,6,False
Germany,Germany,72042110,Ferrous waste and scrap,566.481,1504433,10,False
Austria,Austria,72285020,Other alloy bars rods and sections,566.425,3075835,29,False
Spain,Spain,72199080,Stainless steel flat products,565.969,1719577,23,False
United States,United States,72285061,Other alloy bars rods and sections,565.423,8780935,29,False
Sweden,Denmark,72169180,Angles shapes and sections,562.353,1059118,22,True
Netherlands,Netherlands,72179020,Wire,562.143,578645,10,False
Austria,Austria,72285069,Other alloy bars rods and sections,561.633,4439703,29,False
Spain,Spain,72253090,Other alloy flat products,560.783,236774,11,False
China,Hong Kong,72141000,Other bars and rods,560.773,571503,10,True
Turkey,Turkey,72269970,Other alloy flat products under 600mm,560.433,368811,7,False
Slovakia,Germany,72172030,Wire,559.578,571222,10,True
Ireland,Ireland,72224090,Stainless steel bars sections and wire,557.457,774084,28,False
Poland,Germany,72249007,Alloy steel ingots and semi-finished,555.3199999999999,504231,3,True
Portugal,Portugal,72222081,Stainless steel bars sections and wire,554.658,2788508,28,False
Spain,Spain,72139910,Hot-rolled bars and rods,554.653,373622,14,False
Germany,Germany,72121010,Coated flat products under 600mm,549.352,867700,28,False
Sweden,Sweden,72189110,Stainless steel ingots and semi-finished,548.39,2268366,13,False
Germany,Germany,72221119,Stainless steel bars sections and wire,545.634,1472532,29,False
Spain,France,72163190,Angles shapes and sections,545.415,430300,2,True
France,Norway,72023000,Ferro-alloys,544.83,497322,2,True
South Korea,Vietnam,72106900,Coated or plated flat products,544.27,388391,1,True
Malaysia,Malaysia,72193210,Stainless steel flat products,541.192,926089,11,False
Unknown / not supplied,Belgium,72091790,Cold-rolled flat products,540.25,326507,15,True
Finland,Belgium,72193290,Stainless steel flat products,539.382,713583,14,True
Spain,Spain,72286080,Other alloy bars rods and sections,538.512,1080689,16,False
China,China,72149939,Other bars and rods,538.33,306124,13,False
Vietnam,Vietnam,72192300,Stainless steel flat products,536.808,880777,7,False
Italy,Italy,72071116,Semi-finished steel,536.49,301597,1,False
Switzerland,Switzerland,72112900,Flat products under 600mm,535.214,1439930,20,False
Canada,Canada,72284010,Other alloy bars rods and sections,535.106,1174509,9,False
Slovakia,Poland,72172030,Wire,534.977,527960,7,True
Spain,Spain,72085198,Hot-rolled flat products,534.403,435020,17,False
Spain,Spain,72189919,Stainless steel ingots and semi-finished,534.132,2551832,10,False
Czechia,Czechia,72284090,Other alloy bars rods and sections,534.07,1055159,17,False
Finland,Finland,72259900,Other alloy flat products,533.2860000000001,583250,17,False
Poland,Poland,72061000,Ingots and primary forms,532.59,705202,6,False
India,India,72022100,Ferro-alloys,532.56,1360743,16,False
Sweden,Sweden,72193290,Stainless steel flat products,532.42,1438131,24,False
China,China,72201200,Stainless steel flat products under 600mm,531.68,1663222,23,False
Thailand,Thailand,72107080,Coated or plated flat products,529.29,427785,2,False
Egypt,Egypt,72179090,Wire,529.0799999999999,318488,10,False
United Arab Emirates,United Arab Emirates,72085210,Hot-rolled flat products,528.758,313358,3,False
Unknown / not supplied,Spain,72107080,Coated or plated flat products,527.525,1013006,19,True
Germany,Germany,72279095,Alloy bars and rods hot-rolled,525.193,457604,21,False
India,India,72221910,Stainless steel bars sections and wire,524.863,1427794,29,False
Poland,Poland,72241090,Alloy steel ingots and semi-finished,522.4399999999999,810035,10,False
Turkey,Turkey,72085400,Hot-rolled flat products,522.3100000000001,295710,10,False
China,Germany,72285020,Other alloy bars rods and sections,519.713,1369700,28,True
Brazil,Brazil,72112900,Flat products under 600mm,519.103,1027708,20,False
Germany,France,72112900,Flat products under 600mm,518.865,871435,21,True
Spain,Germany,72163390,Angles shapes and sections,518.71,345830,8,True
Finland,Finland,72193290,Stainless steel flat products,517.562,729896,17,False
Germany,Finland,72193410,Stainless steel flat products,517.4979999999999,1443466,12,True
Brazil,South Africa,72042110,Ferrous waste and scrap,517.26,635071,1,True
Croatia,Croatia,72171090,Wire,517.15,604829,17,False
South Africa,South Africa,72042190,Ferrous waste and scrap,516.38,582183,1,False
France,Netherlands,72026000,Ferro-alloys,516.0,1617351,1,True
Netherlands,Netherlands,72171031,Wire,515.925,297025,9,False
Kazakhstan,Lithuania,72024190,Ferro-alloys,513.85,528244,1,True
Italy,Netherlands,72202041,Stainless steel flat products under 600mm,513.413,1170331,29,True
Germany,Germany,72172010,Wire,513.055,797058,24,False
Italy,Italy,72123000,Coated flat products under 600mm,511.565,468126,17,False
Luxembourg,Netherlands,72163291,Angles shapes and sections,509.73699999999997,399405,10,True
India,Netherlands,72024190,Ferro-alloys,509.102,667723,11,True
Finland,Finland,72285061,Other alloy bars rods and sections,508.078,866450,27,False
Japan,Japan,72039000,Direct reduced iron,508.0,2079625,15,False
Belgium,Netherlands,72082700,Hot-rolled flat products,506.89,318364,1,True
India,India,72125090,Coated flat products under 600mm,505.85699999999997,409519,4,False
Germany,Spain,72163291,Angles shapes and sections,505.15900000000005,301752,10,True
Italy,Netherlands,72254090,Other alloy flat products,504.9,462804,23,True
India,France,72023000,Ferro-alloys,504.8,516753,4,True
Egypt,Spain,72083600,Hot-rolled flat products,504.72,251373,1,True
Italy,Italy,72285080,Other alloy bars rods and sections,504.029,591657,20,False
Finland,Netherlands,72085191,Hot-rolled flat products,502.104,759270,28,True
Italy,Italy,72171090,Wire,501.76800000000003,656886,25,False
Indonesia,Indonesia,72083700,Hot-rolled flat products,500.07,304136,1,False
France,France,72166190,Angles shapes and sections,499.906,1209596,29,False
Unknown / not supplied,France,72082700,Hot-rolled flat products,499.86,292218,7,True
United Kingdom,Netherlands,72163390,Angles shapes and sections,499.805,413193,17,True
Germany,Germany,72287090,Other alloy bars rods and sections,499.456,3152062,29,False
Italy,Italy,72165010,Angles shapes and sections,496.738,446541,15,False
Germany,Germany,72284090,Other alloy bars rods and sections,494.77299999999997,1068568,28,False
Spain,Spain,72224090,Stainless steel bars sections and wire,493.459,953865,20,False
China,China,72192110,Stainless steel flat products,492.96500000000003,851181,21,False
Unknown / not supplied,Ireland,72163219,Angles shapes and sections,492.721,405250,1,True
Denmark,Denmark,72085198,Hot-rolled flat products,492.202,403645,22,False
Spain,France,72163291,Angles shapes and sections,492.072,324768,2,True
Finland,Belgium,72191390,Stainless steel flat products,490.12,631322,8,True
Czechia,Czechia,72119080,Flat products under 600mm,489.50600000000003,605191,7,False
Netherlands,Netherlands,72163390,Angles shapes and sections,489.477,402145,12,False
Germany,Germany,72222031,Stainless steel bars sections and wire,489.391,4814888,29,False
Spain,Switzerland,72107080,Coated or plated flat products,489.19,1653804,29,True
China,China,72072059,Semi-finished steel,488.992,516024,9,False
Germany,Germany,72249018,Alloy steel ingots and semi-finished,487.825,3658259,23,False
United Arab Emirates,United Arab Emirates,72169110,Angles shapes and sections,487.658,855179,10,False
Ukraine,Italy,72026000,Ferro-alloys,487.642,1036864,1,True
Finland,Netherlands,72193290,Stainless steel flat products,487.64000000000004,653076,12,True
Netherlands,Netherlands,72042190,Ferrous waste and scrap,486.81199999999995,399033,8,False
Austria,Austria,72221910,Stainless steel bars sections and wire,486.665,4533695,29,False
Unknown / not supplied,Ireland,72155019,Other bars and rods,485.93,451571,29,True
Japan,Netherlands,72085291,Hot-rolled flat products,483.868,653570,24,True
South Africa,South Africa,72193210,Stainless steel flat products,483.78,775890,8,False
Turkey,Turkey,72139149,Hot-rolled bars and rods,482.0,251849,3,False
China,Belgium,72283061,Other alloy bars rods and sections,481.235,513374,25,True
Egypt,Spain,72083800,Hot-rolled flat products,479.71,242090,1,True
South Korea,China,72163390,Angles shapes and sections,478.835,318425,1,True
Austria,Austria,72281090,Other alloy bars rods and sections,478.424,6220591,29,False
Spain,France,72222021,Stainless steel bars sections and wire,477.323,1443268,14,True
Finland,Belgium,72191310,Stainless steel flat products,476.22,978853,19,True
China,Turkey,72193390,Stainless steel flat products,476.078,686804,20,True
Egypt,Egypt,72091790,Cold-rolled flat products,473.43,287943,3,False
Poland,Poland,72149939,Other bars and rods,473.385,362504,16,False
Spain,Italy,72164010,Angles shapes and sections,472.176,312361,5,True
India,India,72072080,Semi-finished steel,471.667,1753893,24,False
Turkey,Netherlands,72163310,Angles shapes and sections,471.31399999999996,302460,7,True
Malaysia,Malaysia,72163390,Angles shapes and sections,471.284,219651,1,False
France,Germany,72085191,Hot-rolled flat products,470.84000000000003,489015,10,True
Spain,Italy,72287090,Other alloy bars rods and sections,470.157,305749,2,True
Singapore,China,72193310,Stainless steel flat products,468.78599999999994,786069,5,True
Austria,Austria,72254090,Other alloy flat products,467.688,1093642,18,False
China,Pakistan,72292000,Alloy steel wire,467.04,385282,2,True
Sweden,Sweden,72149190,Other bars and rods,466.846,358531,19,False
Belgium,Belgium,72123000,Coated flat products under 600mm,466.787,227301,13,False
China,China,72193510,Stainless steel flat products,466.155,1068171,15,False
Turkey,Turkey,72259200,Other alloy flat products,466.02700000000004,327403,8,False
Estonia,Estonia,72029100,Ferro-alloys,465.682,1395821,19,False
India,India,72089020,Hot-rolled flat products,464.97,377705,5,False
Sweden,Sweden,72193390,Stainless steel flat products,464.207,1313507,23,False
Egypt,Egypt,72149939,Other bars and rods,461.239,263095,8,False
Turkey,Turkey,72193210,Stainless steel flat products,461.048,957757,21,False
Spain,Spain,72221181,Stainless steel bars sections and wire,460.702,1387651,29,False
Spain,Netherlands,72287010,Other alloy bars rods and sections,459.994,290452,1,True
Ireland,Ireland,72192190,Stainless steel flat products,458.551,8894044,29,False
Czechia,Czechia,72107010,Coated or plated flat products,457.294,863760,8,False
South Korea,South Korea,72131000,Hot-rolled bars and rods,456.94,205523,1,False
Sweden,Sweden,72193410,Stainless steel flat products,454.05,1543675,15,False
Egypt,Egypt,72149931,Other bars and rods,453.394,247959,5,False
Italy,Germany,72085120,Hot-rolled flat products,452.776,418570,15,True
Taiwan,Taiwan,72085291,Hot-rolled flat products,452.64699999999993,258752,2,False
Italy,Italy,72191310,Stainless steel flat products,452.494,845028,2,False
Luxembourg,Belgium,72163390,Angles shapes and sections,451.998,375847,1,True
Oman,Oman,72172030,Wire,450.578,391179,7,False
France,France,72285069,Other alloy bars rods and sections,449.945,1721114,28,False
Austria,Netherlands,72091690,Cold-rolled flat products,449.86,259358,1,True
France,France,72279050,Alloy bars and rods hot-rolled,449.308,659486,5,False
Norway,Norway,72022990,Ferro-alloys,447.845,572771,14,False
Chile,Chile,72042190,Ferrous waste and scrap,447.774,488412,11,False
China,China,72072032,Semi-finished steel,446.62399999999997,2282455,18,False
Netherlands,Netherlands,72165091,Angles shapes and sections,443.337,645069,27,False
Indonesia,China,72191210,Stainless steel flat products,441.743,606221,2,True
Spain,Spain,72112330,Flat products under 600mm,441.517,602819,22,False
France,France,72241010,Alloy steel ingots and semi-finished,440.9,646097,5,False
India,India,72202081,Stainless steel flat products under 600mm,440.777,2444469,15,False
Unknown / not supplied,Ireland,72149110,Other bars and rods,439.70799999999997,388800,29,True
China,Belgium,72149931,Other bars and rods,439.622,352306,21,True
Finland,Finland,72166110,Angles shapes and sections,438.875,588516,24,False
China,China,72112380,Flat products under 600mm,438.841,271211,7,False
Vietnam,South Korea,72083600,Hot-rolled flat products,438.505,258179,1,True
South Korea,Netherlands,72085291,Hot-rolled flat products,438.24,591186,21,True
Vietnam,Germany,72091690,Cold-rolled flat products,436.95000000000005,248667,2,True
India,India,72085198,Hot-rolled flat products,436.544,236609,2,False
Sweden,Sweden,72285020,Other alloy bars rods and sections,434.976,2584736,29,False
Austria,Austria,72222031,Stainless steel bars sections and wire,434.404,4955805,29,False
Germany,Spain,72085291,Hot-rolled flat products,434.287,472788,7,True
China,China,72069000,Ingots and primary forms,432.369,5587151,29,False
Thailand,Thailand,72163110,Angles shapes and sections,432.004,239577,1,False
Germany,Belgium,72172030,Wire,431.625,378782,12,True
Sweden,Sweden,72251990,Other alloy flat products,430.034,746523,21,False
Germany,Germany,72283020,Other alloy bars rods and sections,429.269,1622617,28,False
Italy,Italy,72222029,Stainless steel bars sections and wire,429.207,1334024,29,False
China,China,72122000,Coated flat products under 600mm,428.542,375025,25,False
Finland,Finland,72166190,Angles shapes and sections,427.728,731348,24,False
Indonesia,China,72192300,Stainless steel flat products,427.06,683118,4,True
Italy,Italy,72139990,Hot-rolled bars and rods,425.556,384578,13,False
Germany,Germany,72024190,Ferro-alloys,425.436,383338,6,False
Taiwan,Taiwan,72283061,Other alloy bars rods and sections,425.001,2822221,17,False
Netherlands,Netherlands,72171039,Wire,423.844,391861,11,False
Indonesia,Turkey,72193310,Stainless steel flat products,418.20799999999997,827949,17,True
China,China,72285061,Other alloy bars rods and sections,417.916,556971,7,False
Czechia,Czechia,72149971,Other bars and rods,417.362,335394,20,False
Ukraine,Poland,72023000,Ferro-alloys,417.15999999999997,388933,2,True
China,China,72172010,Wire,416.827,582725,19,False
India,India,72287090,Other alloy bars rods and sections,415.789,869263,26,False
United States,United States,72193310,Stainless steel flat products,414.08,3966408,29,False
United States,United States,72249090,Alloy steel ingots and semi-finished,413.761,2781430,25,False
China,Turkey,72172090,Wire,413.601,336318,8,True
Poland,Poland,72104900,Coated or plated flat products,413.538,391829,3,False
Vietnam,Vietnam,72192210,Stainless steel flat products,413.468,668780,6,False
Italy,Italy,72223051,Stainless steel bars sections and wire,413.092,3406612,22,False
Belgium,Netherlands,72084000,Hot-rolled flat products,412.677,349513,3,True
Belgium,Germany,72192110,Stainless steel flat products,412.249,1432588,28,True
Brazil,Brazil,72024190,Ferro-alloys,412.0,339567,2,False
Canada,Canada,72052100,Granules and powders,409.66700000000003,447183,18,False
China,China,72202029,Stainless steel flat products under 600mm,409.474,874106,16,False
Germany,Netherlands,72163211,Angles shapes and sections,409.079,329819,21,True
Vietnam,South Korea,72083900,Hot-rolled flat products,408.9,236188,1,True
Unknown / not supplied,Ireland,72071111,Semi-finished steel,408.842,427638,29,True
Canada,Netherlands,72011019,Pig iron,408.678,153305,1,True
France,France,72022100,Ferro-alloys,408.652,1059699,15,False
United Kingdom,Ireland,72163291,Angles shapes and sections,406.34999999999997,816378,19,True
United Kingdom,Ireland,72107080,Coated or plated flat products,405.634,1182727,23,True
Luxembourg,Luxembourg,72163211,Angles shapes and sections,403.786,275174,5,False
Sweden,Sweden,72085400,Hot-rolled flat products,403.69399999999996,281227,13,False
Unknown / not supplied,Ireland,72071210,Semi-finished steel,403.311,354807,29,True
France,France,72210010,Stainless steel bars and rods,403.034,1891434,22,False
Germany,Germany,72092790,Cold-rolled flat products,399.61,792544,27,False
Taiwan,Taiwan,72285061,Other alloy bars rods and sections,399.384,2824439,27,False
Finland,Sweden,72083600,Hot-rolled flat products,399.243,250729,6,True
Taiwan,Taiwan,72112900,Flat products under 600mm,399.094,1000590,18,False
Netherlands,Germany,72083600,Hot-rolled flat products,398.86,247894,2,True
China,China,72261980,Other alloy flat products under 600mm,397.99,462883,15,False
Belgium,Belgium,72166110,Angles shapes and sections,397.892,547094,29,False
Egypt,Egypt,72149979,Other bars and rods,397.867,225356,9,False
Unknown / not supplied,Finland,72085191,Hot-rolled flat products,396.546,517812,26,True
China,China,72124080,Coated flat products under 600mm,396.15500000000003,410838,21,False
Germany,Germany,72192110,Stainless steel flat products,394.87800000000004,1883406,28,False
Turkey,Netherlands,72172030,Wire,394.544,389701,16,True
Finland,Finland,72084000,Hot-rolled flat products,394.543,361418,12,False
Malaysia,Malaysia,72192300,Stainless steel flat products,393.966,685552,8,False
Italy,Italy,72191210,Stainless steel flat products,393.529,725321,1,False
China,China,72106100,Coated or plated flat products,392.972,342818,12,False
Netherlands,France,72104900,Coated or plated flat products,391.925,374141,4,True
North Macedonia,Belgium,72085291,Hot-rolled flat products,391.728,378405,4,True
Unknown / not supplied,Belgium,72083900,Hot-rolled flat products,391.2,206839,6,True
France,France,72169110,Angles shapes and sections,390.945,774643,22,False
India,India,72223051,Stainless steel bars sections and wire,390.915,1020236,25,False
Belgium,France,72104900,Coated or plated flat products,387.267,400038,3,True
China,China,72261100,Other alloy flat products under 600mm,386.298,807063,17,False
Turkey,Germany,72165010,Angles shapes and sections,385.85200000000003,230241,2,True
Austria,Netherlands,72253090,Other alloy flat products,384.999,238432,7,True
Germany,Netherlands,72112900,Flat products under 600mm,384.146,520884,16,True
Unknown / not supplied,Belgium,72192300,Stainless steel flat products,384.101,828240,17,True
United States,United States,72123000,Coated flat products under 600mm,383.425,1175324,13,False
Netherlands,Netherlands,72139170,Hot-rolled bars and rods,382.758,297560,15,False
Malaysia,Malaysia,72201200,Stainless steel flat products under 600mm,382.711,1227426,17,False
Sweden,Finland,72083700,Hot-rolled flat products,381.199,265222,2,True
South Korea,Germany,72085291,Hot-rolled flat products,380.88700000000006,236567,7,True
Belgium,Spain,72107080,Coated or plated flat products,379.343,1192283,27,True
Spain,France,72209080,Stainless steel flat products under 600mm,378.01800000000003,996541,14,True
China,Belgium,72104900,Coated or plated flat products,377.57,285261,4,True
Czechia,Czechia,72155019,Other bars and rods,377.05,466686,29,False
India,India,72221119,Stainless steel bars sections and wire,376.832,870363,14,False
Netherlands,Germany,72104900,Coated or plated flat products,376.39500000000004,196658,5,True
Turkey,Turkey,72149910,Other bars and rods,375.642,219638,4,False
Serbia and Montenegro aggregate,Serbia and Montenegro aggregate,72101220,Coated or plated flat products,375.486,418989,7,False
Finland,Finland,72193490,Stainless steel flat products,375.25,633642,16,False
Netherlands,Netherlands,72124080,Coated flat products under 600mm,375.025,812413,9,False
India,Germany,72224010,Stainless steel bars sections and wire,374.906,1088494,29,True
South Korea,Spain,72083900,Hot-rolled flat products,374.7,160569,1,True
Turkey,Turkey,72261100,Other alloy flat products under 600mm,374.461,1103316,3,False
China,China,72193100,Stainless steel flat products,373.826,637564,19,False
Japan,Japan,72269200,Other alloy flat products under 600mm,373.378,4730048,21,False
Canada,Canada,72044110,Ferrous waste and scrap,372.74300000000005,581205,2,False
Spain,Italy,72163110,Angles shapes and sections,371.596,241537,1,True
India,France,72021900,Ferro-alloys,370.36,474200,6,True
Netherlands,Netherlands,72042900,Ferrous waste and scrap,370.281,237158,4,False
Denmark,Sweden,72169180,Angles shapes and sections,369.865,867939,11,True
Taiwan,Taiwan,72085191,Hot-rolled flat products,369.73299999999995,195758,2,False
Japan,Netherlands,72085120,Hot-rolled flat products,369.687,406739,23,True
Slovenia,Slovenia,72051000,Granules and powders,368.926,647287,26,False
France,Belgium,72192290,Stainless steel flat products,368.236,872448,12,True
South Africa,South Africa,72192190,Stainless steel flat products,367.85699999999997,606021,12,False
France,Belgium,72085191,Hot-rolled flat products,367.768,345215,8,True
Austria,Netherlands,72082600,Hot-rolled flat products,367.40999999999997,215820,9,True
Taiwan,South Korea,72106100,Coated or plated flat products,366.912,245766,1,True
Belgium,Netherlands,72107080,Coated or plated flat products,365.134,997465,29,True
Unknown / not supplied,Ireland,72166900,Angles shapes and sections,363.95300000000003,147766,28,True
Germany,Germany,72125040,Coated flat products under 600mm,363.824,893470,21,False
Turkey,France,72292000,Alloy steel wire,363.274,405776,17,True
Netherlands,Netherlands,72173041,Wire,363.207,298418,13,False
Unknown / not supplied,Ireland,72069000,Ingots and primary forms,362.659,2021456,29,True
Thailand,Thailand,72172090,Wire,362.634,336451,3,False
Austria,Netherlands,72104900,Coated or plated flat products,362.126,238150,1,True
Slovakia,Slovakia,72172010,Wire,360.79999999999995,534875,25,False
Hong Kong,China,72101220,Coated or plated flat products,360.724,311657,1,True
Croatia,Croatia,72101100,Coated or plated flat products,360.53,681082,18,False
China,Belgium,72155080,Other bars and rods,360.207,344203,10,True
South Korea,Belgium,72085120,Hot-rolled flat products,359.64,118311,4,True
Ireland,Ireland,72149910,Other bars and rods,359.59499999999997,344014,8,False
Switzerland,Switzerland,72166110,Angles shapes and sections,359.25300000000004,572425,12,False
Germany,Switzerland,72104900,Coated or plated flat products,359.22,210221,1,True
Netherlands,Belgium,72104900,Coated or plated flat products,359.203,303357,11,True
Sweden,Sweden,72052100,Granules and powders,358.572,1147854,23,False
Turkey,China,72172030,Wire,357.83000000000004,252722,3,True
Germany,Netherlands,72166190,Angles shapes and sections,357.73,520256,19,True
Spain,France,72171090,Wire,356.901,280036,2,True
South Korea,South Korea,72042190,Ferrous waste and scrap,356.52,315196,12,False
Unknown / not supplied,France,72083600,Hot-rolled flat products,355.859,180394,5,True
Netherlands,Netherlands,72029980,Ferro-alloys,355.231,2350421,14,False
Germany,Netherlands,72085291,Hot-rolled flat products,354.274,344380,17,True
Indonesia,Turkey,72193490,Stainless steel flat products,354.223,740117,22,True
Turkey,Turkey,72172050,Wire,353.67,344321,3,False
Poland,Poland,72172030,Wire,353.162,335978,7,False
Spain,Spain,72283089,Other alloy bars rods and sections,352.91499999999996,453187,4,False
Sweden,Netherlands,72254012,Other alloy flat products,352.58,740614,22,True
France,Netherlands,72085191,Hot-rolled flat products,351.935,393741,11,True
Netherlands,Netherlands,72172050,Wire,351.557,378636,9,False
Germany,Netherlands,72172030,Wire,350.545,337698,13,True
Ireland,Ireland,72072080,Semi-finished steel,350.158,1152220,25,False
South Africa,Netherlands,72023000,Ferro-alloys,350.0,354546,4,True
France,France,72139910,Hot-rolled bars and rods,349.66700000000003,175379,10,False
Unknown / not supplied,France,72082600,Hot-rolled flat products,348.34,205907,6,True
Czechia,Czechia,72151000,Other bars and rods,347.33,353513,16,False
Finland,Netherlands,72191210,Stainless steel flat products,347.1,759777,17,True
Czechia,Czechia,72283069,Other alloy bars rods and sections,346.344,412525,21,False
Austria,Austria,72269200,Other alloy flat products under 600mm,346.313,1672161,29,False
Thailand,Thailand,72299090,Alloy steel wire,346.188,213107,4,False
China,China,72191390,Stainless steel flat products,345.81199999999995,505790,9,False
Belgium,Netherlands,72254060,Other alloy flat products,345.527,464026,13,True
Spain,Italy,72163190,Angles shapes and sections,345.222,240309,1,True
Turkey,Turkey,72172010,Wire,343.547,354461,8,False
Germany,Netherlands,72026000,Ferro-alloys,343.324,741341,2,True
Malaysia,Malaysia,72193410,Stainless steel flat products,342.793,596583,8,False
Turkey,Germany,72163211,Angles shapes and sections,342.22,198000,1,True
Pakistan,Pakistan,72042110,Ferrous waste and scrap,341.012,641878,11,False
Egypt,Egypt,72042190,Ferrous waste and scrap,339.661,427502,6,False
Belgium,Belgium,72111900,Flat products under 600mm,339.339,109105,15,False
Brazil,Netherlands,72022100,Ferro-alloys,338.668,407213,6,True
Taiwan,Taiwan,72191410,Stainless steel flat products,338.044,563739,7,False
China,China,72169110,Angles shapes and sections,337.722,449542,21,False
Vietnam,South Korea,72091790,Cold-rolled flat products,337.62,199919,1,True
Indonesia,India,72085291,Hot-rolled flat products,337.171,179449,1,True
Italy,Italy,72193410,Stainless steel flat products,336.75,780039,21,False
Germany,Belgium,72052100,Granules and powders,336.68600000000004,2919724,12,True
Poland,Netherlands,72169110,Angles shapes and sections,336.265,465719,17,True
Turkey,Netherlands,72269191,Other alloy flat products under 600mm,336.07800000000003,319874,3,True
Germany,Netherlands,72024950,Ferro-alloys,335.625,1173399,14,True
Sweden,Sweden,72149979,Other bars and rods,335.579,239016,12,False
Austria,Germany,72142000,Other bars and rods,335.573,381583,4,True
Germany,Germany,72199020,Stainless steel flat products,335.092,2041348,29,False
Germany,Finland,72193390,Stainless steel flat products,333.793,550389,13,True
Taiwan,Taiwan,72193210,Stainless steel flat products,331.961,674402,15,False
Taiwan,Taiwan,72281090,Other alloy bars rods and sections,330.624,905139,15,False
Unknown / not supplied,Ireland,72259900,Other alloy flat products,329.58500000000004,376690,5,True
Germany,France,72011019,Pig iron,329.32,176267,14,True
Spain,Spain,72166190,Angles shapes and sections,328.36499999999995,638821,15,False
Netherlands,Netherlands,72085291,Hot-rolled flat products,328.329,373710,21,False
San Marino,San Marino,72107080,Coated or plated flat products,327.34000000000003,777311,6,False
Vietnam,China,72104900,Coated or plated flat products,325.755,221429,1,True
Turkey,Turkey,72286080,Other alloy bars rods and sections,325.25100000000003,232297,7,False
Austria,Austria,72166190,Angles shapes and sections,324.90500000000003,372282,5,False
Egypt,Egypt,72151000,Other bars and rods,324.284,225866,7,False
Spain,Spain,72023000,Ferro-alloys,324.26,295438,1,False
Unknown / not supplied,Ireland,72251990,Other alloy flat products,323.955,491558,29,True
Taiwan,Taiwan,72222029,Stainless steel bars sections and wire,323.865,1820987,26,False
Finland,Finland,72083900,Hot-rolled flat products,323.85499999999996,179718,7,False
India,Germany,72222021,Stainless steel bars sections and wire,322.99,815196,29,True
India,Spain,72101220,Coated or plated flat products,322.775,229508,1,True
Taiwan,Taiwan,72222031,Stainless steel bars sections and wire,321.228,2356373,28,False
India,India,72193390,Stainless steel flat products,321.133,353534,6,False
Germany,Germany,72251990,Other alloy flat products,320.524,534614,12,False
Belgium,Netherlands,72083900,Hot-rolled flat products,320.365,183417,1,True
South Korea,Germany,72106900,Coated or plated flat products,320.36,235271,4,True
China,China,72283069,Other alloy bars rods and sections,320.085,312388,12,False
France,France,72161000,Angles shapes and sections,320.022,218124,25,False
Poland,Poland,72029980,Ferro-alloys,319.927,489233,12,False
Japan,Japan,72209080,Stainless steel flat products under 600mm,319.574,4066421,21,False
France,Belgium,72161000,Angles shapes and sections,319.53700000000003,219720,17,True
Denmark,Sweden,72155011,Other bars and rods,318.998,612253,27,True
India,Vietnam,72104900,Coated or plated flat products,318.975,208999,2,True
China,China,72124020,Coated flat products under 600mm,318.932,223063,13,False
Egypt,Egypt,72283089,Other alloy bars rods and sections,318.84,172174,1,False
Ireland,Ireland,72071190,Semi-finished steel,318.23,337012,18,False
Finland,Netherlands,72166110,Angles shapes and sections,317.952,850748,26,True
Spain,Germany,72192110,Stainless steel flat products,316.654,1025451,27,True
Germany,France,72169180,Angles shapes and sections,315.972,411121,18,True
India,Germany,72221910,Stainless steel bars sections and wire,315.863,861952,29,True
Turkey,Turkey,72171039,Wire,315.659,227065,10,False
Unknown / not supplied,Ireland,72084000,Hot-rolled flat products,314.994,243047,27,True
France,France,72162200,Angles shapes and sections,313.648,218171,27,False
Spain,Spain,72149931,Other bars and rods,313.361,323280,19,False
Austria,Austria,72091690,Cold-rolled flat products,313.334,291756,11,False
Germany,Germany,72222029,Stainless steel bars sections and wire,312.93,1266713,26,False
Germany,Netherlands,72299090,Alloy steel wire,312.695,799669,16,True
Austria,Germany,72082600,Hot-rolled flat products,312.65999999999997,186493,4,True
China,China,72285020,Other alloy bars rods and sections,311.579,722799,20,False
Italy,Italy,72210010,Stainless steel bars and rods,310.966,3791737,24,False
France,France,72101280,Coated or plated flat products,310.822,464290,14,False
Germany,Finland,72193490,Stainless steel flat products,310.556,537401,13,True
India,India,72091500,Cold-rolled flat products,310.539,219915,6,False
Sweden,Sweden,72299090,Alloy steel wire,310.449,1350835,26,False
China,China,72085120,Hot-rolled flat products,308.629,159346,3,False
Brazil,Brazil,72022990,Ferro-alloys,308.5,196988,6,False
France,France,72172090,Wire,308.398,354720,20,False
China,China,72071111,Semi-finished steel,308.242,707963,15,False
Spain,France,72166190,Angles shapes and sections,307.498,284836,12,True
Switzerland,France,72085120,Hot-rolled flat products,306.985,236253,6,True
Poland,Poland,72142000,Other bars and rods,306.943,185431,5,False
Ukraine,Ukraine,72222011,Stainless steel bars sections and wire,306.912,948524,12,False
China,China,72104100,Coated or plated flat products,306.428,212489,14,False
Germany,Germany,72221910,Stainless steel bars sections and wire,305.36899999999997,2248603,28,False
Spain,Spain,72189911,Stainless steel ingots and semi-finished,305.264,1544958,10,False
Germany,Germany,72072017,Semi-finished steel,305.034,513188,14,False
United States,United States,72069000,Ingots and primary forms,304.032,1035859,18,False
South Korea,Netherlands,72085120,Hot-rolled flat products,303.307,320774,16,True
Czechia,Poland,72139141,Hot-rolled bars and rods,303.182,182287,1,True
Germany,Germany,72193210,Stainless steel flat products,303.06,997721,23,False
India,India,72202041,Stainless steel flat products under 600mm,303.009,645409,10,False
France,France,72173041,Wire,302.941,670890,24,False
Italy,Belgium,72149110,Other bars and rods,302.502,217685,14,True
Spain,Spain,72230019,Stainless steel wire,302.409,549496,16,False
Czechia,Czechia,72107080,Coated or plated flat products,302.254,1159734,21,False
China,China,72085198,Hot-rolled flat products,301.635,160903,4,False
Germany,Germany,72193510,Stainless steel flat products,301.493,1689466,28,False
France,France,72241090,Alloy steel ingots and semi-finished,301.129,547565,8,False
Unknown / not supplied,Italy,72163211,Angles shapes and sections,300.79200000000003,220220,3,True
Turkey,Turkey,72024950,Ferro-alloys,300.15,887368,4,False
Indonesia,Indonesia,72191210,Stainless steel flat products,299.955,462252,1,False
China,China,72287090,Other alloy bars rods and sections,299.898,294426,14,False
Unknown / not supplied,Portugal,72171031,Wire,299.806,184934,4,True
Spain,Spain,72161000,Angles shapes and sections,299.526,322908,17,False
Belgium,Belgium,72201100,Stainless steel flat products under 600mm,299.336,921560,16,False
Japan,Belgium,72085291,Hot-rolled flat products,298.354,236159,4,True
Belgium,Netherlands,72082500,Hot-rolled flat products,297.78999999999996,190389,2,True
Germany,Germany,72165010,Angles shapes and sections,297.019,637268,16,False
Spain,Netherlands,72193310,Stainless steel flat products,296.919,726006,4,True
Germany,Germany,72089020,Hot-rolled flat products,296.192,763249,29,False
Brazil,Chile,72024190,Ferro-alloys,295.96,222147,1,True
Germany,Germany,72107080,Coated or plated flat products,295.33500000000004,1184539,28,False
Poland,Poland,72166110,Angles shapes and sections,294.84499999999997,713324,26,False
Luxembourg,Luxembourg,72164010,Angles shapes and sections,294.49699999999996,282915,4,False
India,India,72223097,Stainless steel bars sections and wire,294.391,850126,13,False
Italy,Italy,72292000,Alloy steel wire,291.827,525573,25,False
Vietnam,Vietnam,72259900,Other alloy flat products,291.59,204622,1,False
Turkey,Turkey,72085310,Hot-rolled flat products,291.57,201206,2,False
Spain,Spain,72072017,Semi-finished steel,291.189,403122,28,False
India,India,72221181,Stainless steel bars sections and wire,291.159,760250,27,False
Austria,Germany,72279095,Alloy bars and rods hot-rolled,291.051,109165,7,True
Unknown / not supplied,Ireland,72083700,Hot-rolled flat products,290.779,176242,24,True
China,Netherlands,72023000,Ferro-alloys,290.0,287964,1,True
Germany,Netherlands,72221910,Stainless steel bars sections and wire,288.85699999999997,2725620,18,True
Hong Kong,Hong Kong,72172090,Wire,288.851,179593,4,False
Netherlands,Germany,72172090,Wire,288.575,774001,18,True
South Korea,Spain,72083800,Hot-rolled flat products,288.46,126293,1,True
Italy,Italy,72071980,Semi-finished steel,288.443,1026428,25,False
France,France,72222029,Stainless steel bars sections and wire,287.925,773959,28,False
Spain,Spain,72165010,Angles shapes and sections,286.522,435860,12,False
Spain,Netherlands,72192210,Stainless steel flat products,286.22,640127,4,True
Italy,Italy,72221181,Stainless steel bars sections and wire,286.212,1076639,25,False
France,France,72169180,Angles shapes and sections,285.957,376034,14,False
Slovenia,Slovenia,72192210,Stainless steel flat products,285.737,743051,21,False
Belgium,Belgium,72259900,Other alloy flat products,285.315,307045,11,False
Unknown / not supplied,Belgium,72083800,Hot-rolled flat products,284.92,192675,1,True
Poland,Netherlands,72163310,Angles shapes and sections,284.764,241525,22,True
Unknown / not supplied,Spain,72162100,Angles shapes and sections,283.971,173032,12,True
Czechia,Czechia,72222031,Stainless steel bars sections and wire,283.051,862416,29,False
Germany,Luxembourg,72165099,Angles shapes and sections,282.51599999999996,427104,13,True
Finland,Netherlands,72202021,Stainless steel flat products under 600mm,282.366,700289,20,True
China,China,72192290,Stainless steel flat products,281.895,582710,6,False
China,China,72209080,Stainless steel flat products under 600mm,281.471,2359639,29,False
United States,United States,72181000,Stainless steel ingots and semi-finished,281.282,1954668,24,False
South Korea,Vietnam,72104900,Coated or plated flat products,281.13,174829,3,True
Pakistan,Pakistan,72042190,Ferrous waste and scrap,280.59700000000004,456442,4,False
Finland,Belgium,72191210,Stainless steel flat products,280.464,592601,15,True
Germany,Germany,72192210,Stainless steel flat products,280.212,1256613,28,False
Spain,Spain,72209080,Stainless steel flat products under 600mm,280.091,922730,18,False
Germany,Germany,72199080,Stainless steel flat products,278.501,1362365,27,False
Italy,Italy,72166110,Angles shapes and sections,278.28000000000003,879665,29,False
Italy,Italy,72241090,Alloy steel ingots and semi-finished,277.95,415283,8,False
China,China,72193590,Stainless steel flat products,277.05899999999997,916384,14,False
Germany,Germany,72149931,Other bars and rods,277.047,209080,9,False
Germany,Germany,72024950,Ferro-alloys,276.0,956811,13,False
Ireland,Ireland,72139110,Hot-rolled bars and rods,275.812,416400,7,False
Austria,Germany,72269930,Other alloy flat products under 600mm,275.483,318658,7,True
China,Belgium,72024950,Ferro-alloys,274.75,944929,5,True
Italy,Italy,72202049,Stainless steel flat products under 600mm,274.557,443073,25,False
Austria,Austria,72284090,Other alloy bars rods and sections,274.021,1576479,20,False
France,France,72261980,Other alloy flat products under 600mm,273.36,416504,7,False
Germany,Austria,72255080,Other alloy flat products,273.28,286046,3,True
Germany,Germany,72042190,Ferrous waste and scrap,272.833,303485,12,False
Turkey,Turkey,72149190,Other bars and rods,271.4,148806,4,False
South Korea,Netherlands,72085191,Hot-rolled flat products,271.165,231017,12,True
Netherlands,Netherlands,72169110,Angles shapes and sections,271.024,370388,13,False
Germany,Belgium,72123000,Coated flat products under 600mm,270.543,271303,11,True
China,China,72281090,Other alloy bars rods and sections,270.443,996387,14,False
Spain,Netherlands,72165091,Angles shapes and sections,270.25,503201,18,True
Germany,Spain,72163110,Angles shapes and sections,270.156,184972,8,True
India,India,72042110,Ferrous waste and scrap,270.0,164735,1,False
China,China,72149979,Other bars and rods,269.459,176352,13,False
Canada,Canada,72249090,Alloy steel ingots and semi-finished,269.419,645337,7,False
Netherlands,Netherlands,72163291,Angles shapes and sections,269.179,216592,9,False
Turkey,Turkey,72284010,Other alloy bars rods and sections,269.055,688961,16,False
France,France,72269970,Other alloy flat products under 600mm,268.095,506552,14,False
Czechia,Czechia,72171090,Wire,268.084,308153,16,False
Poland,Poland,72241010,Alloy steel ingots and semi-finished,267.96,401484,5,False
Belgium,Belgium,72122000,Coated flat products under 600mm,267.611,123130,11,False
Italy,Netherlands,72172090,Wire,267.28,422440,19,True
India,India,72024190,Ferro-alloys,266.99199999999996,250010,3,False
Turkey,Turkey,72082700,Hot-rolled flat products,266.78200000000004,214412,5,False
Portugal,Portugal,72111900,Flat products under 600mm,266.504,198914,5,False
Switzerland,Switzerland,72111400,Flat products under 600mm,266.247,218362,3,False
South Korea,South Korea,72042110,Ferrous waste and scrap,266.059,559238,13,False
Vietnam,Vietnam,72299090,Alloy steel wire,265.612,304936,12,False
Belgium,Belgium,72085198,Hot-rolled flat products,264.94,214229,15,False
Italy,Italy,72189980,Stainless steel ingots and semi-finished,264.839,6838222,28,False
Germany,Germany,72261100,Other alloy flat products under 600mm,263.364,551036,11,False
Netherlands,Netherlands,72221111,Stainless steel bars sections and wire,263.018,1712074,20,False
Italy,Italy,72193210,Stainless steel flat products,262.365,581093,10,False
Austria,Austria,72103000,Coated or plated flat products,262.08,187249,5,False
France,France,72044199,Ferrous waste and scrap,262.0,155078,10,False
Hungary,Hungary,72169110,Angles shapes and sections,261.834,369438,4,False
Unknown / not supplied,France,72091690,Cold-rolled flat products,261.64,161049,4,True
South Africa,Netherlands,72191390,Stainless steel flat products,261.52,313664,4,True
Indonesia,Malaysia,72193310,Stainless steel flat products,261.091,514387,6,True
Italy,Italy,72085210,Hot-rolled flat products,260.452,209682,3,False
China,Belgium,72163310,Angles shapes and sections,260.068,137229,1,True
Finland,Finland,72287090,Other alloy bars rods and sections,259.835,384420,11,False
Slovakia,United States,72071210,Semi-finished steel,259.819,219702,8,True
Spain,Spain,72149950,Other bars and rods,259.753,220700,15,False
Italy,Italy,72221910,Stainless steel bars sections and wire,259.459,1036656,29,False
United States,Belgium,72285061,Other alloy bars rods and sections,259.355,7182431,16,True
Romania,Sweden,72159000,Other bars and rods,258.636,432164,8,True
Czechia,Poland,72139149,Hot-rolled bars and rods,258.37,183756,12,True
Oman,Oman,72024190,Ferro-alloys,258.0,249309,2,False
Poland,Poland,72171090,Wire,257.912,260699,12,False
North Macedonia,Greece,72149110,Other bars and rods,257.85,161372,2,True
China,China,72223097,Stainless steel bars sections and wire,257.003,1405900,29,False
South Korea,Netherlands,72107080,Coated or plated flat products,256.39,269525,6,True
France,France,72181000,Stainless steel ingots and semi-finished,256.079,990165,12,False
Germany,Netherlands,72089080,Hot-rolled flat products,255.97,544110,29,True
Germany,Spain,72171039,Wire,255.859,214812,10,True
Unknown / not supplied,Ireland,72224090,Stainless steel bars sections and wire,255.842,1789651,27,True
Finland,Finland,72191210,Stainless steel flat products,255.648,574409,11,False
Egypt,Egypt,72169110,Angles shapes and sections,255.21,332305,3,False
United Kingdom,Sweden,72189911,Stainless steel ingots and semi-finished,255.143,771758,2,True
Turkey,Turkey,72283061,Other alloy bars rods and sections,254.86,471917,7,False
Switzerland,Switzerland,72230011,Stainless steel wire,254.383,1347431,20,False
France,Germany,72085291,Hot-rolled flat products,254.063,258995,14,True
Czechia,Czechia,72173041,Wire,253.912,397093,26,False
India,India,72230011,Stainless steel wire,253.636,923511,21,False
Austria,Netherlands,72089080,Hot-rolled flat products,253.61499999999998,206858,12,True
Italy,Netherlands,72284090,Other alloy bars rods and sections,253.575,695064,5,True
Germany,Switzerland,72085120,Hot-rolled flat products,253.474,178626,5,True
Sweden,Sweden,72230019,Stainless steel wire,253.409,1186205,29,False
Vietnam,Netherlands,72104900,Coated or plated flat products,253.25,168411,1,True
France,France,72163110,Angles shapes and sections,253.247,388850,21,False
Finland,Netherlands,72201200,Stainless steel flat products under 600mm,253.072,550734,14,True
India,India,72210010,Stainless steel bars and rods,252.998,700638,10,False
Unknown / not supplied,Germany,72253090,Other alloy flat products,252.68,143357,5,True
Italy,India,72021900,Ferro-alloys,252.0,218454,1,True
France,France,72125069,Coated flat products under 600mm,251.38500000000002,414736,12,False
Ireland,Ireland,72224010,Stainless steel bars sections and wire,251.371,241989,27,False
Italy,Italy,72249002,Alloy steel ingots and semi-finished,251.079,616198,26,False
Germany,Germany,72107010,Coated or plated flat products,250.762,924152,25,False
Italy,Netherlands,72162100,Angles shapes and sections,250.497,266905,24,True
Australia,Netherlands,72021180,Ferro-alloys,250.0,277166,3,True
Germany,Germany,72165099,Angles shapes and sections,249.731,421108,25,False
India,Netherlands,72024950,Ferro-alloys,249.0,720132,5,True
Luxembourg,Netherlands,72163190,Angles shapes and sections,248.548,197120,14,True
Belgium,Germany,72166190,Angles shapes and sections,248.43800000000002,410341,8,True
Brazil,Brazil,72042190,Ferrous waste and scrap,248.38,526839,2,False
Taiwan,Taiwan,72191490,Stainless steel flat products,247.997,432961,2,False
Iceland,Israel,72042110,Ferrous waste and scrap,247.81,510126,4,True
Unknown / not supplied,Italy,72155011,Other bars and rods,247.779,264640,17,True
Turkey,Turkey,72171050,Wire,247.235,162995,5,False
Portugal,Portugal,72107080,Coated or plated flat products,246.256,430181,15,False
China,Italy,72112320,Flat products under 600mm,246.135,214269,5,True
United States,United States,72042190,Ferrous waste and scrap,246.077,538208,13,False
Turkey,Turkey,72171010,Wire,245.808,216870,18,False
Vietnam,Italy,72104900,Coated or plated flat products,245.24,174942,1,True
China,Turkey,72193490,Stainless steel flat products,244.867,351956,16,True
China,Belgium,72141000,Other bars and rods,243.878,246524,15,True
China,Switzerland,72101220,Coated or plated flat products,243.775,232753,5,True
Spain,France,72222031,Stainless steel bars sections and wire,243.744,878617,16,True
Austria,Austria,72254012,Other alloy flat products,243.69,900624,28,False
Spain,Netherlands,72085120,Hot-rolled flat products,243.302,245772,20,True
Germany,Germany,72269970,Other alloy flat products under 600mm,243.07999999999998,776035,23,False
Indonesia,India,72021900,Ferro-alloys,243.0,240297,1,True
Italy,Italy,72149190,Other bars and rods,242.734,198120,9,False
Malaysia,South Africa,72193390,Stainless steel flat products,242.535,349679,1,True
Ukraine,Romania,72023000,Ferro-alloys,241.5,149649,1,True
Unknown / not supplied,Germany,72091690,Cold-rolled flat products,241.41,149517,3,True
Germany,Netherlands,72171039,Wire,241.343,267903,10,True
South Korea,India,72299090,Alloy steel wire,241.0,482245,11,True
Belgium,Belgium,72202041,Stainless steel flat products under 600mm,240.827,582826,24,False
Turkey,Germany,72224050,Stainless steel bars sections and wire,240.626,921724,14,True
India,Germany,72222031,Stainless steel bars sections and wire,240.49599999999998,572646,29,True
Ukraine,Ukraine,72091790,Cold-rolled flat products,240.34,151346,2,False
Austria,Austria,72202049,Stainless steel flat products under 600mm,240.199,1398837,23,False
Netherlands,Germany,72085120,Hot-rolled flat products,239.868,297197,16,True
Brazil,Germany,72091790,Cold-rolled flat products,239.33,136476,1,True
Indonesia,Turkey,72192300,Stainless steel flat products,238.66299999999998,418240,8,True
Germany,Germany,72139190,Hot-rolled bars and rods,237.915,158401,9,False
Belgium,Netherlands,72193410,Stainless steel flat products,237.861,612730,23,True
Netherlands,Belgium,72166110,Angles shapes and sections,237.202,298801,14,True
Taiwan,Taiwan,72221181,Stainless steel bars sections and wire,237.01500000000001,2253696,24,False
Belgium,Belgium,72191310,Stainless steel flat products,236.89499999999998,808336,10,False
South Africa,Netherlands,72193410,Stainless steel flat products,236.884,555570,8,True
BO,BO,72041000,Ferrous waste and scrap,236.85,51064,1,False
Turkey,Turkey,72179050,Wire,236.55,168721,3,False
Spain,Sweden,72163390,Angles shapes and sections,236.482,155771,2,True
Chile,Chile,72042110,Ferrous waste and scrap,235.95100000000002,347890,9,False
Turkey,Turkey,72112330,Flat products under 600mm,234.657,231848,9,False
China,Turkey,72193310,Stainless steel flat products,234.507,355067,12,True
Sweden,Sweden,72285040,Other alloy bars rods and sections,234.504,526947,24,False
Spain,Spain,72139990,Hot-rolled bars and rods,234.411,147306,10,False
Belgium,Netherlands,72202049,Stainless steel flat products under 600mm,234.242,233221,18,True
Turkey,China,72179020,Wire,234.0,149760,1,True
France,Belgium,72283070,Other alloy bars rods and sections,233.244,146964,15,True
Belgium,Netherlands,72193310,Stainless steel flat products,232.948,485492,22,True
Italy,France,72202049,Stainless steel flat products under 600mm,232.692,419217,17,True
Finland,Sweden,72083800,Hot-rolled flat products,232.621,154770,2,True
Netherlands,Netherlands,72072052,Semi-finished steel,232.213,201248,28,False
Unknown / not supplied,Belgium,72192210,Stainless steel flat products,231.87800000000001,455921,14,True
China,China,72125090,Coated flat products under 600mm,231.839,345682,12,False
United States,United States,72222019,Stainless steel bars sections and wire,231.754,1809099,23,False
Italy,France,72261100,Other alloy flat products under 600mm,231.639,470551,16,True
Belgium,Belgium,72155080,Other bars and rods,231.611,241615,8,False
China,Germany,72284010,Other alloy bars rods and sections,231.44400000000002,598953,27,True
Spain,Spain,72210010,Stainless steel bars and rods,231.094,815836,15,False
Czechia,Germany,72171039,Wire,230.471,296940,16,True
Spain,Sweden,72163291,Angles shapes and sections,229.91699999999997,151530,3,True
Austria,France,72255080,Other alloy flat products,229.693,267253,7,True
Sweden,Sweden,72112330,Flat products under 600mm,229.672,245556,22,False
Spain,France,72192210,Stainless steel flat products,229.502,645607,9,True
France,Belgium,72162200,Angles shapes and sections,229.315,158996,17,True
Unknown / not supplied,Ireland,72081000,Hot-rolled flat products,229.228,159875,20,True
Unknown / not supplied,Spain,72149110,Other bars and rods,228.939,133216,11,True
France,Belgium,72083800,Hot-rolled flat products,228.725,100629,3,True
France,France,72269200,Other alloy flat products under 600mm,228.503,6390031,28,False
Japan,Netherlands,72171039,Wire,228.398,3177613,25,True
Unknown / not supplied,Ireland,72163310,Angles shapes and sections,228.235,203676,29,True
Poland,Poland,72172050,Wire,227.981,233096,3,False
Germany,Netherlands,72202081,Stainless steel flat products under 600mm,227.731,1412377,14,True
Austria,Austria,72192190,Stainless steel flat products,227.536,1027669,26,False
India,Sri Lanka,72299090,Alloy steel wire,227.525,608362,8,True
Italy,Netherlands,72165010,Angles shapes and sections,227.414,210822,4,True
Spain,Spain,72189980,Stainless steel ingots and semi-finished,227.158,1877713,15,False
South Korea,South Korea,72202081,Stainless steel flat products under 600mm,227.017,1189859,15,False
France,France,72061000,Ingots and primary forms,226.129,197385,12,False
Unknown / not supplied,Italy,72155080,Other bars and rods,226.103,385106,11,True
Germany,Netherlands,72165010,Angles shapes and sections,225.779,494983,11,True
Indonesia,Indonesia,72193410,Stainless steel flat products,224.702,346440,4,False
Italy,France,72112900,Flat products under 600mm,224.167,399336,12,True
United States,United States,72189980,Stainless steel ingots and semi-finished,224.01,3386997,26,False
Taiwan,Taiwan,72285069,Other alloy bars rods and sections,223.519,1782902,25,False
Finland,Sweden,72083700,Hot-rolled flat products,223.39,150922,3,True
India,India,72222089,Stainless steel bars sections and wire,223.093,590182,13,False
Turkey,Germany,72149190,Other bars and rods,223.05,130625,1,True
Germany,Germany,72155080,Other bars and rods,222.877,251324,15,False
United States,United States,72052100,Granules and powders,222.62,1909362,29,False
United Kingdom,China,72155019,Other bars and rods,222.501,101523,1,True
Romania,Romania,72251990,Other alloy flat products,222.454,293349,5,False
Sweden,Sweden,72042190,Ferrous waste and scrap,221.851,147520,1,False
India,India,72193210,Stainless steel flat products,221.59,563816,10,False
Spain,Germany,72163110,Angles shapes and sections,221.528,140061,3,True
Indonesia,Netherlands,72085191,Hot-rolled flat products,221.234,162763,5,True
China,Belgium,72071114,Semi-finished steel,220.675,201678,6,True
Turkey,Turkey,72192210,Stainless steel flat products,220.313,417192,9,False
China,China,72171031,Wire,220.084,139181,12,False
Italy,Italy,72085198,Hot-rolled flat products,220.064,234803,7,False
France,France,72085191,Hot-rolled flat products,219.838,419013,9,False
United States,United States,72193410,Stainless steel flat products,219.44899999999998,2261409,29,False
United States,United States,72221910,Stainless steel bars sections and wire,219.258,7987788,28,False
China,Hong Kong,72149939,Other bars and rods,219.135,135305,1,True
Sweden,Sweden,72249090,Alloy steel ingots and semi-finished,218.921,525288,7,False
Luxembourg,Netherlands,72163310,Angles shapes and sections,218.779,184239,21,True
Netherlands,Luxembourg,72172030,Wire,218.647,265534,12,True
India,India,72072015,Semi-finished steel,217.489,365089,11,False
Belgium,Belgium,72193390,Stainless steel flat products,217.313,366431,16,False
Slovenia,Slovenia,72285061,Other alloy bars rods and sections,217.28300000000002,887350,18,False
Spain,Ireland,72163291,Angles shapes and sections,217.114,310487,17,True
India,India,72249090,Alloy steel ingots and semi-finished,216.781,2107047,29,False
Finland,Finland,72192290,Stainless steel flat products,215.943,297627,9,False
Indonesia,Indonesia,72193210,Stainless steel flat products,215.641,345197,4,False
France,Germany,72151000,Other bars and rods,215.489,161243,14,True
Unknown / not supplied,Ireland,72091690,Cold-rolled flat products,215.379,352096,24,True
Czechia,Czechia,72111300,Flat products under 600mm,215.136,182013,8,False
India,Germany,72222081,Stainless steel bars sections and wire,215.105,576297,29,True
Italy,Netherlands,72085120,Hot-rolled flat products,214.84499999999997,174739,5,True
France,Ireland,72131000,Hot-rolled bars and rods,214.68,134736,5,True
Sweden,Sweden,72288000,Other alloy bars rods and sections,214.673,766250,7,False
Spain,France,72163390,Angles shapes and sections,214.48200000000003,141643,3,True
Czechia,Poland,72139990,Hot-rolled bars and rods,214.426,135519,15,True
Austria,France,72259200,Other alloy flat products,214.36200000000002,233307,5,True
Finland,Chile,72024190,Ferro-alloys,214.046,152414,1,True
Spain,France,72249014,Alloy steel ingots and semi-finished,213.755,154106,5,True
France,France,72221910,Stainless steel bars sections and wire,213.721,1912735,26,False
France,Turkey,72107080,Coated or plated flat products,213.283,272558,1,True
Turkey,Turkey,72149979,Other bars and rods,212.913,115145,6,False
Spain,Germany,72287010,Other alloy bars rods and sections,212.735,130614,2,True
Germany,Germany,72119080,Flat products under 600mm,212.668,360901,19,False
Turkey,Turkey,72292000,Alloy steel wire,212.399,411424,10,False
France,France,72221189,Stainless steel bars sections and wire,212.179,617347,27,False
Indonesia,Netherlands,72085291,Hot-rolled flat products,212.038,172560,6,True
Canada,Netherlands,72029300,Ferro-alloys,212.0,5024004,18,True
United Arab Emirates,Netherlands,72163390,Angles shapes and sections,211.813,185528,11,True
Unknown / not supplied,Ireland,72161000,Angles shapes and sections,210.268,306519,27,True
Finland,Belgium,72202049,Stainless steel flat products under 600mm,210.201,283205,13,True
Sweden,Sweden,72092690,Cold-rolled flat products,209.22,221465,13,False
Malaysia,Luxembourg,72299090,Alloy steel wire,209.083,248099,2,True
China,Netherlands,72172030,Wire,208.363,280609,16,True
Vietnam,Vietnam,72193310,Stainless steel flat products,208.03199999999998,324523,6,False
Vietnam,Vietnam,72091500,Cold-rolled flat products,208.02,112899,1,False
Hungary,Hungary,72111900,Flat products under 600mm,208.018,218007,7,False
Belgium,Netherlands,72083800,Hot-rolled flat products,207.868,125166,2,True
China,Netherlands,72171039,Wire,207.451,302697,14,True
Spain,France,72193310,Stainless steel flat products,207.415,536413,9,True
Belgium,Belgium,72299090,Alloy steel wire,207.17,777800,29,False
China,China,72119080,Flat products under 600mm,207.10799999999998,168221,16,False
Unknown / not supplied,Romania,72155080,Other bars and rods,206.786,367972,19,True
Ireland,Ireland,72163291,Angles shapes and sections,206.261,438964,9,False
Unknown / not supplied,Ireland,72288000,Other alloy bars rods and sections,205.917,242520,11,True
Sweden,Sweden,72189919,Stainless steel ingots and semi-finished,205.828,909950,8,False
Finland,Finland,72202049,Stainless steel flat products under 600mm,205.523,296271,17,False
Italy,Italy,72111900,Flat products under 600mm,205.273,210541,14,False
Brazil,Brazil,72022910,Ferro-alloys,205.2,327913,6,False
Czechia,Germany,72085291,Hot-rolled flat products,205.15,150556,3,True
Sweden,Finland,72085299,Hot-rolled flat products,204.755,138533,3,True
Germany,Germany,72173049,Wire,204.324,352295,22,False
China,China,72193290,Stainless steel flat products,204.181,237186,10,False
Poland,Poland,72163390,Angles shapes and sections,203.929,296349,2,False
Turkey,Netherlands,72163390,Angles shapes and sections,203.779,159489,10,True
Unknown / not supplied,France,72164010,Angles shapes and sections,203.524,144613,6,True
Slovakia,Slovakia,72171039,Wire,203.055,332806,8,False
New Caledonia,Germany,72024190,Ferro-alloys,203.04,1594408,1,True
Japan,Japan,72091710,Cold-rolled flat products,202.69,99671,2,False
Ireland,Ireland,72189980,Stainless steel ingots and semi-finished,202.664,210103,13,False
France,France,72222011,Stainless steel bars sections and wire,202.572,1784425,28,False
Sweden,Finland,72192300,Stainless steel flat products,201.4,577887,17,True
India,India,72082700,Hot-rolled flat products,201.16,95821,2,False
Czechia,France,72285069,Other alloy bars rods and sections,200.70600000000002,313935,12,True
Slovakia,Slovakia,72259200,Other alloy flat products,200.68,161636,7,False
Turkey,Germany,72287090,Other alloy bars rods and sections,200.31,117611,1,True
Poland,Netherlands,72164010,Angles shapes and sections,200.19299999999998,179990,16,True
Finland,Germany,72202049,Stainless steel flat products under 600mm,200.084,348477,17,True
Malaysia,Malaysia,72021180,Ferro-alloys,200.0,163048,1,False
Malaysia,Netherlands,72021180,Ferro-alloys,200.0,194496,1,True
Unknown / not supplied,Italy,72083600,Hot-rolled flat products,199.224,168054,1,True
Germany,Germany,72189919,Stainless steel ingots and semi-finished,199.155,1486915,4,False
Italy,Italy,72131000,Hot-rolled bars and rods,198.58,109082,1,False
Ukraine,Ukraine,72082600,Hot-rolled flat products,198.475,105506,1,False
Poland,Netherlands,72163110,Angles shapes and sections,198.381,180813,20,True
Indonesia,Turkey,72202041,Stainless steel flat products under 600mm,198.349,440587,11,True
Poland,Poland,72169110,Angles shapes and sections,198.139,268772,26,False
Ireland,Ireland,72051000,Granules and powders,198.047,52202,11,False
France,Netherlands,72254040,Other alloy flat products,197.828,722838,8,True
Italy,Italy,72261100,Other alloy flat products under 600mm,197.564,400290,13,False
Mexico,Belgium,72042110,Ferrous waste and scrap,197.472,247512,2,True
India,India,72193410,Stainless steel flat products,197.46,131173,4,False
Belgium,Netherlands,72192210,Stainless steel flat products,197.437,493182,20,True
Netherlands,Netherlands,72202041,Stainless steel flat products under 600mm,197.405,464760,22,False
China,Japan,72071114,Semi-finished steel,196.929,183149,3,True
Italy,Belgium,72164010,Angles shapes and sections,196.831,151319,12,True
France,France,72042900,Ferrous waste and scrap,196.783,155475,10,False
India,Italy,72230019,Stainless steel wire,196.059,779832,27,True
Italy,Netherlands,72164010,Angles shapes and sections,195.417,206490,21,True
Spain,France,72193510,Stainless steel flat products,195.32,418818,8,True
Unknown / not supplied,Belgium,72253090,Other alloy flat products,195.3,101497,3,True
France,Netherlands,72083600,Hot-rolled flat products,194.782,141921,1,True
Italy,Italy,72202041,Stainless steel flat products under 600mm,194.638,652044,27,False
Unknown / not supplied,Germany,72169180,Angles shapes and sections,194.508,323748,24,True
India,India,72052900,Granules and powders,194.425,412533,16,False
Ukraine,Ukraine,72172030,Wire,194.154,201502,12,False
Germany,Germany,72029980,Ferro-alloys,194.0,2217456,13,False
China,China,72191410,Stainless steel flat products,193.926,502922,9,False
Germany,Germany,72173041,Wire,193.898,215163,18,False
Indonesia,Taiwan,72191210,Stainless steel flat products,193.81,275916,2,True
Finland,Netherlands,72191290,Stainless steel flat products,193.45999999999998,253507,6,True
Austria,Netherlands,72279095,Alloy bars and rods hot-rolled,193.38400000000001,246630,10,True
Belgium,Germany,72202049,Stainless steel flat products under 600mm,193.309,363550,16,True
South Africa,Netherlands,72024950,Ferro-alloys,193.078,647704,3,True
Netherlands,Netherlands,72089080,Hot-rolled flat products,192.679,864466,29,False
Czechia,Czechia,72072080,Semi-finished steel,192.482,1287480,17,False
Germany,Italy,72285069,Other alloy bars rods and sections,192.198,295168,18,True
Slovenia,France,72192110,Stainless steel flat products,192.168,560408,12,True
Spain,Spain,72107080,Coated or plated flat products,192.018,449599,22,False
Italy,Italy,72072052,Semi-finished steel,192.009,157124,7,False
Austria,Austria,72222029,Stainless steel bars sections and wire,191.965,1284535,29,False
Italy,Italy,72101220,Coated or plated flat products,191.936,226131,5,False
New Caledonia,Switzerland,72026000,Ferro-alloys,191.92399999999998,1359761,3,True
Italy,Italy,72107010,Coated or plated flat products,191.875,1327843,23,False
Spain,Spain,72029980,Ferro-alloys,191.84799999999998,544771,15,False
Netherlands,Netherlands,72172010,Wire,191.662,161353,2,False
Netherlands,Netherlands,72163110,Angles shapes and sections,190.90699999999998,208929,16,False
France,France,72269191,Other alloy flat products under 600mm,190.872,125972,18,False
Italy,Belgium,72173041,Wire,190.793,151469,6,True
Italy,Netherlands,72172030,Wire,190.642,171211,7,True
Sweden,Finland,72193310,Stainless steel flat products,190.57,675800,18,True
China,Germany,72281090,Other alloy bars rods and sections,190.478,681575,22,True
Japan,Malaysia,72193510,Stainless steel flat products,190.448,1371768,20,True
Netherlands,Netherlands,72149931,Other bars and rods,190.209,238421,28,False
Finland,Sweden,72082500,Hot-rolled flat products,190.10999999999999,129384,3,True
China,China,72249090,Alloy steel ingots and semi-finished,189.97799999999998,776469,21,False
Germany,Spain,72254040,Other alloy flat products,189.969,213183,5,True
Spain,Netherlands,72171090,Wire,189.949,177756,4,True
Spain,Spain,72202081,Stainless steel flat products under 600mm,189.14600000000002,479111,11,False
Spain,France,72193410,Stainless steel flat products,188.892,444250,9,True
Spain,Netherlands,72192300,Stainless steel flat products,188.637,381632,6,True
China,China,72269910,Other alloy flat products under 600mm,188.563,352045,22,False
Czechia,Czechia,72139170,Hot-rolled bars and rods,188.488,139908,5,False
Indonesia,Indonesia,72083600,Hot-rolled flat products,188.39,114576,1,False
Vietnam,Vietnam,72255080,Other alloy flat products,188.26999999999998,114135,3,False
France,Belgium,72193410,Stainless steel flat products,187.805,510237,14,True
Sweden,Germany,72166190,Angles shapes and sections,187.735,374480,6,True
Czechia,Czechia,72171039,Wire,187.34199999999998,242697,14,False
France,Germany,72171039,Wire,187.052,228043,10,True
China,Netherlands,72029200,Ferro-alloys,186.697,3107110,23,True
China,China,72283020,Other alloy bars rods and sections,186.659,259087,5,False
Turkey,Turkey,72287090,Other alloy bars rods and sections,186.62,105800,4,False
Indonesia,Vietnam,72202041,Stainless steel flat products under 600mm,186.617,295705,4,True
France,France,72254060,Other alloy flat products,186.49099999999999,532905,24,False
United States,United States,72285069,Other alloy bars rods and sections,186.414,3066475,29,False
Unknown / not supplied,France,72101280,Coated or plated flat products,186.331,240267,1,True
Indonesia,Turkey,72193410,Stainless steel flat products,186.16400000000002,486013,18,True
Latvia,Latvia,72024950,Ferro-alloys,186.098,593323,2,False
India,India,72171090,Wire,185.983,194908,6,False
Unknown / not supplied,Ireland,72103000,Coated or plated flat products,185.596,429577,29,True
Spain,France,72192110,Stainless steel flat products,185.549,553207,11,True
Ukraine,Ukraine,72083800,Hot-rolled flat products,185.515,102633,2,False
India,Netherlands,72072032,Semi-finished steel,185.38,947312,8,True
Italy,Netherlands,72202049,Stainless steel flat products under 600mm,185.189,216553,22,True
Germany,Austria,72254040,Other alloy flat products,184.891,257006,11,True
China,Germany,72141000,Other bars and rods,184.868,253580,24,True
Austria,Germany,72083700,Hot-rolled flat products,184.76,114809,1,True
Indonesia,India,72085191,Hot-rolled flat products,184.115,97990,1,True
France,France,72172010,Wire,183.813,308337,24,False
Finland,Sweden,72191410,Stainless steel flat products,183.37,337400,2,True
Italy,Netherlands,72149950,Other bars and rods,183.195,153735,18,True
Sweden,Sweden,72201200,Stainless steel flat products under 600mm,182.99800000000002,1073922,15,False
India,PA,72193310,Stainless steel flat products,182.238,303125,1,True
Unknown / not supplied,Germany,72082500,Hot-rolled flat products,182.16000000000003,97979,5,True
United Kingdom,Netherlands,72163291,Angles shapes and sections,181.68,164915,10,True
Indonesia,Indonesia,72202081,Stainless steel flat products under 600mm,181.10999999999999,708477,8,False
Spain,France,72163310,Angles shapes and sections,180.83200000000002,124006,5,True
Turkey,Turkey,72193290,Stainless steel flat products,180.824,353753,4,False
India,India,72029100,Ferro-alloys,180.5,758395,14,False
Ireland,Ireland,72162200,Angles shapes and sections,180.331,520136,6,False
Turkey,Netherlands,72024190,Ferro-alloys,180.0,300587,4,True
Poland,France,72284090,Other alloy bars rods and sections,179.857,455338,4,True
France,France,72285080,Other alloy bars rods and sections,179.747,3785394,21,False
Spain,Ireland,72163211,Angles shapes and sections,179.666,322646,16,True
Belgium,Germany,72254040,Other alloy flat products,179.592,251113,20,True
China,China,72166900,Angles shapes and sections,179.521,269020,21,False
Finland,Belgium,72202021,Stainless steel flat products under 600mm,179.30700000000002,402509,14,True
Belgium,Netherlands,72083700,Hot-rolled flat products,178.758,112216,1,True
United States,United States,72192110,Stainless steel flat products,178.672,2576654,28,False
Vietnam,Germany,72091790,Cold-rolled flat products,178.635,109128,1,True
Ireland,Ireland,72071210,Semi-finished steel,178.36700000000002,335175,27,False
Spain,Portugal,72287010,Other alloy bars rods and sections,178.319,112819,2,True
United Kingdom,Ireland,72123000,Coated flat products under 600mm,178.196,71230,8,True
Italy,Belgium,72283069,Other alloy bars rods and sections,178.179,149872,9,True
Italy,Italy,72166900,Angles shapes and sections,178.161,609612,28,False
Netherlands,Netherlands,72199020,Stainless steel flat products,177.913,1135775,29,False
Poland,Germany,72172030,Wire,177.8,181831,1,True
Spain,Ireland,72163390,Angles shapes and sections,177.435,313943,18,True
Sweden,Germany,72192110,Stainless steel flat products,177.09199999999998,789605,25,True
Italy,Netherlands,72141000,Other bars and rods,177.017,266924,22,True
Slovenia,Slovenia,72285069,Other alloy bars rods and sections,176.576,735727,21,False
Poland,Poland,72259100,Other alloy flat products,176.506,179805,5,False
Unknown / not supplied,Ireland,72101100,Coated or plated flat products,175.844,380761,29,True
Austria,Netherlands,72083600,Hot-rolled flat products,175.8,104300,4,True
France,France,72021180,Ferro-alloys,175.32,153811,3,False
China,India,72193390,Stainless steel flat products,175.006,189237,2,True
Indonesia,Malaysia,72193210,Stainless steel flat products,174.84,340366,6,True
United Kingdom,Ireland,72163211,Angles shapes and sections,174.487,328729,15,True
Germany,Germany,72249002,Alloy steel ingots and semi-finished,174.479,355360,23,False
Egypt,Egypt,72283069,Other alloy bars rods and sections,174.428,153827,5,False
France,France,72230019,Stainless steel wire,174.04999999999998,1523978,29,False
Taiwan,Taiwan,72284010,Other alloy bars rods and sections,173.983,372728,7,False
Belgium,Germany,72202081,Stainless steel flat products under 600mm,173.829,1005506,27,True
China,Vietnam,72202041,Stainless steel flat products under 600mm,173.804,298399,2,True
Unknown / not supplied,Ireland,72085400,Hot-rolled flat products,173.801,110776,15,True
Germany,Austria,72166190,Angles shapes and sections,173.709,271840,8,True
South Africa,South Africa,72171090,Wire,173.459,171327,6,False
Germany,Germany,72269120,Other alloy flat products under 600mm,173.189,430330,17,False
China,Hong Kong,72149979,Other bars and rods,172.566,106473,1,True
Italy,Netherlands,72149931,Other bars and rods,172.419,216679,17,True
Austria,Austria,72223051,Stainless steel bars sections and wire,172.362,1338752,16,False
Austria,Austria,72223091,Stainless steel bars sections and wire,172.203,1118580,16,False
North Macedonia,Belgium,72085299,Hot-rolled flat products,172.058,162703,2,True
Germany,Italy,72163110,Angles shapes and sections,172.042,403885,28,True
Indonesia,Indonesia,72191310,Stainless steel flat products,171.935,264964,1,False
Germany,France,72125069,Coated flat products under 600mm,171.93,243443,9,True
Turkey,Germany,72051000,Granules and powders,171.865,141748,8,True
Sweden,Sweden,72261980,Other alloy flat products under 600mm,171.654,473685,25,False
India,India,72124080,Coated flat products under 600mm,171.505,197916,14,False
Unknown / not supplied,Ireland,72131000,Hot-rolled bars and rods,171.442,139652,23,True
Spain,Spain,72173041,Wire,171.15699999999998,443022,13,False
China,China,72024950,Ferro-alloys,171.047,512057,6,False
Indonesia,Belgium,72085120,Hot-rolled flat products,170.986,103869,2,True
Egypt,Egypt,72155080,Other bars and rods,170.464,118796,7,False
Indonesia,Indonesia,72085299,Hot-rolled flat products,170.434,95217,2,False
France,Ireland,72169110,Angles shapes and sections,170.242,236908,8,True
Unknown / not supplied,Belgium,72085191,Hot-rolled flat products,170.197,125905,1,True
India,India,72222029,Stainless steel bars sections and wire,170.084,344268,13,False
Spain,Portugal,72163291,Angles shapes and sections,169.829,108691,1,True
Brazil,Netherlands,72222011,Stainless steel bars sections and wire,169.418,1242002,18,True
Italy,France,72202081,Stainless steel flat products under 600mm,169.208,666056,26,True
Indonesia,Taiwan,72193390,Stainless steel flat products,169.066,277283,2,True
United States,United States,72222089,Stainless steel bars sections and wire,168.534,1598988,25,False
Netherlands,Netherlands,72141000,Other bars and rods,168.481,295306,22,False
Slovenia,Slovenia,72285020,Other alloy bars rods and sections,168.45,1015649,15,False
Slovenia,Slovenia,72223091,Stainless steel bars sections and wire,168.408,658521,16,False
Austria,Netherlands,72091790,Cold-rolled flat products,168.38,121571,3,True
Hungary,Hungary,72123000,Coated flat products under 600mm,167.95499999999998,175522,4,False
Germany,Netherlands,72269970,Other alloy flat products under 600mm,167.64,197206,21,True
Switzerland,Switzerland,72119080,Flat products under 600mm,166.893,440587,10,False
Luxembourg,Germany,72222081,Stainless steel bars sections and wire,166.755,396491,29,True
China,Switzerland,72193490,Stainless steel flat products,166.425,232860,2,True
Germany,Germany,72072032,Semi-finished steel,166.39,237052,12,False
China,China,72022990,Ferro-alloys,166.0,150346,3,False
Italy,Italy,72241010,Alloy steel ingots and semi-finished,165.93,203229,4,False
Sweden,Sweden,72269910,Other alloy flat products under 600mm,165.712,303762,8,False
France,France,72285020,Other alloy bars rods and sections,165.672,1313418,22,False
Belgium,Netherlands,72085299,Hot-rolled flat products,165.582,172754,7,True
Romania,Germany,72286080,Other alloy bars rods and sections,165.332,609703,23,True
Germany,Netherlands,72024910,Ferro-alloys,165.16,579885,9,True
China,United States,72071210,Semi-finished steel,165.14100000000002,143918,3,True
Italy,Italy,72254090,Other alloy flat products,165.082,167425,10,False
Belgium,France,72222081,Stainless steel bars sections and wire,164.99,393177,8,True
Finland,Turkey,72255080,Other alloy flat products,164.362,176852,4,True
Germany,Netherlands,72131000,Hot-rolled bars and rods,164.193,118596,4,True
Azerbaijan,Turkey,72149110,Other bars and rods,164.15,88479,1,True
India,India,72210090,Stainless steel bars and rods,164.049,361637,16,False
Austria,Netherlands,72142000,Other bars and rods,163.789,119235,12,True
Netherlands,Netherlands,72163310,Angles shapes and sections,163.73499999999999,150690,8,False
Netherlands,Netherlands,72199080,Stainless steel flat products,162.44,962537,27,False
Finland,Netherlands,72202049,Stainless steel flat products under 600mm,162.41,221258,17,True
Oman,United Arab Emirates,72024110,Ferro-alloys,162.0,144885,1,True
China,Canada,72026000,Ferro-alloys,162.0,831675,1,True
Switzerland,Switzerland,72283089,Other alloy bars rods and sections,161.55,166362,5,False
Vietnam,Vietnam,72092690,Cold-rolled flat products,161.49400000000003,51419,2,False
China,China,72039000,Direct reduced iron,161.42600000000002,139448,8,False
France,France,72099020,Cold-rolled flat products,161.416,512336,29,False
India,India,72224090,Stainless steel bars sections and wire,160.364,580260,19,False
Brazil,Brazil,72202041,Stainless steel flat products under 600mm,160.349,919686,2,False
Unknown / not supplied,Poland,72163390,Angles shapes and sections,160.281,109802,1,True
China,China,72173041,Wire,160.1,136119,6,False
South Korea,South Korea,72105000,Coated or plated flat products,159.93,147819,1,False
Italy,Germany,72202041,Stainless steel flat products under 600mm,159.459,663669,25,True
United States,United States,72163190,Angles shapes and sections,159.429,422048,1,False
Italy,Belgium,72162100,Angles shapes and sections,159.416,122950,15,True
Czechia,Czechia,72279095,Alloy bars and rods hot-rolled,159.361,219442,19,False
Czechia,Czechia,72272000,Alloy bars and rods hot-rolled,159.168,107234,2,False
South Africa,South Africa,72193100,Stainless steel flat products,159.102,351000,6,False
Indonesia,Taiwan,72192300,Stainless steel flat products,158.887,228052,3,True
Spain,Italy,72163310,Angles shapes and sections,158.691,103194,1,True
Belgium,Netherlands,72085120,Hot-rolled flat products,158.60500000000002,170577,10,True
Germany,Switzerland,72259200,Other alloy flat products,158.6,115423,1,True
Japan,Belgium,72085191,Hot-rolled flat products,158.392,120257,2,True
Germany,Spain,72287010,Other alloy bars rods and sections,158.262,101713,2,True
Italy,Netherlands,72287090,Other alloy bars rods and sections,157.797,107848,9,True
Turkey,Turkey,72169900,Angles shapes and sections,157.646,373032,19,False
Germany,Germany,72106900,Coated or plated flat products,157.564,169613,20,False
United Kingdom,Ireland,72131000,Hot-rolled bars and rods,157.488,110945,7,True
France,Italy,72287010,Other alloy bars rods and sections,157.358,109841,7,True
China,Hong Kong,72284010,Other alloy bars rods and sections,157.297,268000,3,True
China,Netherlands,72022100,Ferro-alloys,157.08,186608,2,True
Spain,Spain,72072015,Semi-finished steel,156.773,916342,24,False
Indonesia,Indonesia,72192210,Stainless steel flat products,156.627,277151,1,False
Spain,Spain,72279010,Alloy bars and rods hot-rolled,156.55100000000002,136500,6,False
Belgium,Netherlands,72193210,Stainless steel flat products,156.45499999999998,346378,21,True
South Africa,Netherlands,72193490,Stainless steel flat products,156.441,207938,8,True
Belgium,Belgium,72052900,Granules and powders,156.317,164087,15,False
Finland,Sweden,72081000,Hot-rolled flat products,156.145,113205,1,True
Malaysia,Malaysia,72163310,Angles shapes and sections,155.664,72550,1,False
Turkey,United Arab Emirates,72042190,Ferrous waste and scrap,155.63,183390,2,True
China,China,72119020,Flat products under 600mm,155.573,198165,10,False
India,India,72092690,Cold-rolled flat products,155.55,89315,1,False
Sweden,Sweden,72210010,Stainless steel bars and rods,155.389,902541,17,False
South Korea,Germany,72163390,Angles shapes and sections,155.334,141623,8,True
Finland,Italy,72193390,Stainless steel flat products,155.294,625330,9,True
Vietnam,Vietnam,72091710,Cold-rolled flat products,155.29,85849,1,False
South Africa,South Africa,72202041,Stainless steel flat products under 600mm,154.983,266710,8,False
South Korea,South Korea,72193510,Stainless steel flat products,154.668,529758,16,False
India,Germany,72230019,Stainless steel wire,154.458,566173,27,True
Sweden,Sweden,72192290,Stainless steel flat products,154.077,434743,11,False
Indonesia,Indonesia,72083800,Hot-rolled flat products,154.03,93679,1,False
Taiwan,Taiwan,72222019,Stainless steel bars sections and wire,154.004,668139,21,False
Turkey,United Arab Emirates,72163190,Angles shapes and sections,153.728,109964,2,True
South Korea,South Korea,72072032,Semi-finished steel,153.67600000000002,377258,7,False
Turkey,Turkey,72119080,Flat products under 600mm,153.431,367694,21,False
Portugal,Portugal,72085299,Hot-rolled flat products,153.427,123411,5,False
Hong Kong,China,72261100,Other alloy flat products under 600mm,153.064,329310,8,True
Egypt,Egypt,72179050,Wire,152.99599999999998,99178,2,False
Turkey,Germany,72163219,Angles shapes and sections,152.85,84904,1,True
Spain,Spain,72299050,Alloy steel wire,152.748,233258,5,False
Austria,France,72254040,Other alloy flat products,152.325,167421,6,True
Turkey,Turkey,72286020,Other alloy bars rods and sections,152.12,75835,1,False
Denmark,Denmark,72042190,Ferrous waste and scrap,152.095,207605,13,False
Austria,Austria,72259100,Other alloy flat products,151.94,161107,6,False
France,Belgium,72202049,Stainless steel flat products under 600mm,151.928,155354,12,True
Spain,Spain,72202049,Stainless steel flat products under 600mm,151.893,190736,9,False
Germany,Germany,72125090,Coated flat products under 600mm,151.86599999999999,637847,27,False
Austria,Netherlands,72255080,Other alloy flat products,151.76999999999998,195993,4,True
Italy,France,72085291,Hot-rolled flat products,151.50099999999998,139372,3,True
Czechia,Czechia,72172090,Wire,151.261,142242,4,False
Ireland,Ireland,72071980,Semi-finished steel,151.197,566319,29,False
Germany,France,72254040,Other alloy flat products,151.124,160980,7,True
Germany,Germany,72141000,Other bars and rods,150.424,289309,27,False
Germany,France,72171090,Wire,150.389,253635,14,True
France,Italy,72222031,Stainless steel bars sections and wire,150.234,683560,28,True
India,Luxembourg,72024190,Ferro-alloys,150.04,302410,4,True
Sweden,Sweden,72149931,Other bars and rods,150.027,147342,8,False
China,China,72072011,Semi-finished steel,150.0,141242,1,False
Turkey,Estonia,72024990,Ferro-alloys,150.0,466452,5,True
China,China,72101280,Coated or plated flat products,149.483,136010,2,False
Spain,France,72051000,Granules and powders,149.0,94413,3,True
Spain,France,72193490,Stainless steel flat products,148.809,258434,7,True
Germany,Italy,72112900,Flat products under 600mm,148.672,263458,1,True
Indonesia,Indonesia,72083900,Hot-rolled flat products,148.59,90371,1,False
Germany,Germany,72261980,Other alloy flat products under 600mm,148.576,157751,6,False
Germany,Germany,72202021,Stainless steel flat products under 600mm,147.923,536267,29,False
Unknown / not supplied,Ireland,72082600,Hot-rolled flat products,147.773,113150,28,True
Germany,Finland,72202041,Stainless steel flat products under 600mm,147.652,397335,13,True
Spain,Spain,72179050,Wire,147.559,221834,11,False
Spain,France,72021180,Ferro-alloys,147.5,126796,3,True
Italy,Ireland,72155080,Other bars and rods,147.492,303706,29,True
China,China,72222031,Stainless steel bars sections and wire,147.32,349570,21,False
Belgium,Belgium,72042110,Ferrous waste and scrap,147.29999999999998,362418,3,False
United States,United States,72222021,Stainless steel bars sections and wire,147.215,3093065,29,False
South Korea,South Korea,72179090,Wire,147.168,308745,16,False
Denmark,Denmark,72149950,Other bars and rods,147.113,243157,13,False
United States,Belgium,72223097,Stainless steel bars sections and wire,147.018,3826769,23,True
China,Hong Kong,72024950,Ferro-alloys,147.0,430144,3,True
Turkey,Belgium,72164010,Angles shapes and sections,146.851,105044,2,True
China,Germany,72249002,Alloy steel ingots and semi-finished,146.821,283012,25,True
Indonesia,Taiwan,72191410,Stainless steel flat products,146.737,255270,1,True
Poland,Germany,72279010,Alloy bars and rods hot-rolled,146.635,61560,2,True
United Kingdom,Ireland,72044110,Ferrous waste and scrap,146.51999999999998,125456,2,True
China,Hong Kong,72283069,Other alloy bars rods and sections,146.29399999999998,152884,5,True
Sweden,Germany,72124080,Coated flat products under 600mm,146.251,159331,18,True
Japan,Netherlands,72085191,Hot-rolled flat products,146.006,197540,11,True
Sweden,Denmark,72085299,Hot-rolled flat products,145.95,106519,2,True
South Korea,Spain,72083600,Hot-rolled flat products,145.93,66070,1,True
Austria,Austria,72253090,Other alloy flat products,145.803,95628,6,False
Singapore,Singapore,72193310,Stainless steel flat products,145.748,219671,2,False
United States,United States,72193390,Stainless steel flat products,145.711,1428805,26,False
France,Belgium,72123000,Coated flat products under 600mm,145.579,73084,7,True
India,France,72024190,Ferro-alloys,145.5,186372,4,True
India,IO,72104900,Coated or plated flat products,145.305,83174,1,True
India,India,72283061,Other alloy bars rods and sections,145.156,229394,5,False
Egypt,Egypt,72155019,Other bars and rods,145.01399999999998,101064,7,False
Germany,United States,72071210,Semi-finished steel,144.89100000000002,125707,4,True
France,France,72281090,Other alloy bars rods and sections,144.665,2755568,29,False
South Africa,South Africa,72051000,Granules and powders,144.628,201299,7,False
Czechia,Czechia,72166190,Angles shapes and sections,144.574,496766,26,False
United States,United States,72051000,Granules and powders,144.39600000000002,550269,17,False
China,Turkey,72201200,Stainless steel flat products under 600mm,144.28900000000002,287181,7,True
Sweden,Finland,72193210,Stainless steel flat products,144.116,495776,14,True
Canada,Canada,72051000,Granules and powders,144.0,120133,5,False
Sierra Leone,United States,72071912,Semi-finished steel,144.0,123123,4,True
Unknown / not supplied,Ireland,72149971,Other bars and rods,143.818,111607,27,True
Unknown / not supplied,Germany,72155080,Other bars and rods,143.812,248214,28,True
France,France,72284090,Other alloy bars rods and sections,143.692,3672461,18,False
Poland,Poland,72163110,Angles shapes and sections,143.584,238334,7,False
Spain,France,72283070,Other alloy bars rods and sections,143.507,80631,2,True
Unknown / not supplied,Netherlands,72163190,Angles shapes and sections,143.30700000000002,116570,15,True
United States,United States,72209080,Stainless steel flat products under 600mm,143.243,4116627,29,False
Italy,France,72286080,Other alloy bars rods and sections,143.231,228663,11,True
Poland,Germany,72132000,Hot-rolled bars and rods,143.201,66629,3,True
Germany,Germany,72011019,Pig iron,143.2,91382,6,False
Algeria,Algeria,72162100,Angles shapes and sections,142.92,64544,2,False
Poland,Netherlands,72163211,Angles shapes and sections,142.713,123916,18,True
Germany,Netherlands,72272000,Alloy bars and rods hot-rolled,142.622,99441,1,True
Brazil,Netherlands,72222021,Stainless steel bars sections and wire,142.476,1056349,18,True
Germany,Netherlands,72202049,Stainless steel flat products under 600mm,142.332,192889,13,True
Croatia,Croatia,72139170,Hot-rolled bars and rods,142.305,105005,2,False
France,France,72112900,Flat products under 600mm,142.195,341319,19,False
Unknown / not supplied,Romania,72159000,Other bars and rods,142.156,256886,7,True
United States,United States,72044990,Ferrous waste and scrap,141.928,284004,20,False
China,China,72251990,Other alloy flat products,141.927,113577,4,False
Portugal,Portugal,72249002,Alloy steel ingots and semi-finished,141.84199999999998,369458,19,False
Slovenia,Poland,72179020,Wire,141.676,189635,6,True
Spain,France,72224010,Stainless steel bars sections and wire,141.6,420848,11,True
China,China,72254012,Other alloy flat products,141.506,228617,12,False
Spain,Netherlands,72193510,Stainless steel flat products,141.268,329169,4,True
France,Italy,72164010,Angles shapes and sections,141.26,93995,6,True
Austria,Austria,72083800,Hot-rolled flat products,141.17,87100,2,False
Poland,Poland,72141000,Other bars and rods,140.974,207588,5,False
Brazil,Netherlands,72251100,Other alloy flat products,140.85899999999998,175960,2,True
Taiwan,South Korea,72104900,Coated or plated flat products,140.285,86373,1,True
Spain,Spain,72222039,Stainless steel bars sections and wire,139.786,389982,26,False
Sweden,Sweden,72287090,Other alloy bars rods and sections,139.763,547816,25,False
China,China,72166190,Angles shapes and sections,139.546,201477,6,False
Germany,France,72251990,Other alloy flat products,139.381,204741,6,True
Turkey,Turkey,72192300,Stainless steel flat products,139.26,250224,8,False
Malaysia,South Africa,72192290,Stainless steel flat products,139.209,155800,1,True
Belgium,France,72085120,Hot-rolled flat products,139.124,81729,2,True
Unknown / not supplied,France,72149110,Other bars and rods,139.09,79771,10,True
India,India,72155019,Other bars and rods,138.86599999999999,97732,5,False
France,France,72193310,Stainless steel flat products,138.142,376863,8,False
Finland,Belgium,72191410,Stainless steel flat products,137.94,253809,2,True
Unknown / not supplied,Ireland,72111900,Flat products under 600mm,137.67,97863,16,True
Spain,Netherlands,72192110,Stainless steel flat products,137.462,360997,9,True
Spain,Spain,72202041,Stainless steel flat products under 600mm,137.436,233712,13,False
France,France,72163211,Angles shapes and sections,137.349,89694,12,False
Italy,Netherlands,72230019,Stainless steel wire,137.141,171102,7,True
Spain,Spain,72125040,Coated flat products under 600mm,136.903,355153,13,False
Italy,Italy,72221111,Stainless steel bars sections and wire,136.874,817999,14,False
Taiwan,Taiwan,72285020,Other alloy bars rods and sections,136.796,714710,13,False
United States,Sweden,72254090,Other alloy flat products,136.72,242681,11,True
Belgium,Belgium,72141000,Other bars and rods,136.593,160779,6,False
Poland,Netherlands,72149110,Other bars and rods,136.495,108596,25,True
Spain,Spain,72107010,Coated or plated flat products,136.08599999999998,291532,12,False
China,Singapore,72193210,Stainless steel flat products,135.341,233892,2,True
China,China,72029910,Ferro-alloys,135.108,49504,4,False
India,Switzerland,72023000,Ferro-alloys,135.0,133305,1,True
India,Spain,72023000,Ferro-alloys,135.0,138961,1,True
Brazil,Brazil,72023000,Ferro-alloys,135.0,102910,1,False
China,Switzerland,72022100,Ferro-alloys,135.0,114450,1,True
Kazakhstan,Lithuania,72022100,Ferro-alloys,135.0,157046,3,True
Turkey,Turkey,72169180,Angles shapes and sections,134.983,315225,23,False
China,China,72072052,Semi-finished steel,134.562,259524,20,False
Portugal,Turkey,72123000,Coated flat products under 600mm,134.413,98323,1,True
Portugal,Portugal,72085400,Hot-rolled flat products,134.388,92862,4,False
Luxembourg,Germany,72163310,Angles shapes and sections,134.24699999999999,120396,13,True
France,Belgium,72163110,Angles shapes and sections,134.127,89189,14,True
North Macedonia,Netherlands,72085291,Hot-rolled flat products,134.083,177595,12,True
Sweden,Denmark,72193490,Stainless steel flat products,134.043,393578,3,True
Germany,Belgium,72052900,Granules and powders,134.016,115248,5,True
Germany,Germany,72149995,Other bars and rods,133.941,94833,6,False
Germany,Netherlands,72202041,Stainless steel flat products under 600mm,133.737,320434,17,True
Vietnam,Vietnam,72101220,Coated or plated flat products,133.65,118046,1,False
Portugal,Portugal,72085120,Hot-rolled flat products,133.502,99861,4,False
China,Denmark,72172030,Wire,133.445,390940,27,True
Algeria,Algeria,72159000,Other bars and rods,133.4,60212,2,False
Germany,Germany,72163219,Angles shapes and sections,133.16,88551,1,False
South Africa,Netherlands,72192190,Stainless steel flat products,133.09,172255,7,True
France,France,72091500,Cold-rolled flat products,132.97,89169,6,False
France,France,72171090,Wire,132.772,233835,24,False
China,China,72285069,Other alloy bars rods and sections,132.742,278855,11,False
United Kingdom,Netherlands,72165091,Angles shapes and sections,132.741,201723,17,True
Unknown / not supplied,Ireland,72254060,Other alloy flat products,132.72199999999998,211536,22,True
Germany,France,72202081,Stainless steel flat products under 600mm,132.564,1118926,14,True
Spain,Germany,72163190,Angles shapes and sections,132.41,126576,3,True
Hong Kong,Hong Kong,72172010,Wire,132.0,71863,1,False
United States,United States,72223097,Stainless steel bars sections and wire,131.99,4286984,29,False
Malaysia,South Africa,72192300,Stainless steel flat products,131.457,151326,1,True
Vietnam,Vietnam,72124080,Coated flat products under 600mm,131.434,165265,3,False
China,China,72210090,Stainless steel bars and rods,131.41299999999998,248067,17,False
Netherlands,Netherlands,72024950,Ferro-alloys,131.348,436126,4,False
Denmark,Germany,72085120,Hot-rolled flat products,130.858,112030,5,True
Sweden,Sweden,72181000,Stainless steel ingots and semi-finished,130.836,10335198,23,False
Spain,Netherlands,72193410,Stainless steel flat products,130.575,327571,4,True
Germany,Germany,72224050,Stainless steel bars sections and wire,130.534,1156819,29,False
Unknown / not supplied,Slovakia,72085198,Hot-rolled flat products,130.343,496533,9,True
China,China,72249018,Alloy steel ingots and semi-finished,130.218,423428,11,False
China,China,72121010,Coated flat products under 600mm,130.14600000000002,214082,8,False
Netherlands,Netherlands,72261100,Other alloy flat products under 600mm,130.056,277344,12,False
Italy,Italy,72269191,Other alloy flat products under 600mm,129.875,92462,9,False
China,China,72151000,Other bars and rods,129.86100000000002,153986,19,False
France,France,72192110,Stainless steel flat products,129.56,802006,17,False
South Korea,South Korea,72230019,Stainless steel wire,129.556,822143,18,False
Luxembourg,Luxembourg,72164090,Angles shapes and sections,129.364,142342,2,False
Turkey,United Arab Emirates,72163110,Angles shapes and sections,129.272,89085,2,True
Austria,Germany,72254060,Other alloy flat products,129.258,185665,18,True
Spain,Netherlands,72163190,Angles shapes and sections,129.03400000000002,94292,10,True
Netherlands,Netherlands,72091500,Cold-rolled flat products,128.86,82442,6,False
Italy,Italy,72193390,Stainless steel flat products,128.504,337685,16,False
Taiwan,Netherlands,72121010,Coated flat products under 600mm,128.385,168218,7,True
Germany,Netherlands,72042110,Ferrous waste and scrap,128.344,416922,4,True
United Kingdom,Ireland,72104900,Coated or plated flat products,128.18200000000002,114893,8,True
Germany,Germany,72201100,Stainless steel flat products under 600mm,128.161,923390,27,False
Italy,Netherlands,72286080,Other alloy bars rods and sections,127.991,211788,12,True
Unknown / not supplied,Ireland,72092690,Cold-rolled flat products,127.732,101610,15,True
Spain,Spain,72165099,Angles shapes and sections,127.559,231876,6,False
France,France,72283089,Other alloy bars rods and sections,127.286,398495,15,False
Indonesia,Indonesia,72085198,Hot-rolled flat products,127.264,69859,2,False
Spain,Sweden,72163310,Angles shapes and sections,127.119,84176,2,True
France,France,72112380,Flat products under 600mm,127.06400000000001,171807,12,False
India,China,72221990,Stainless steel bars sections and wire,126.99799999999999,242675,4,True
Denmark,Denmark,72042110,Ferrous waste and scrap,126.885,336288,13,False
Italy,Italy,72192210,Stainless steel flat products,126.77100000000002,293271,6,False
France,Belgium,72283069,Other alloy bars rods and sections,126.563,105277,10,True
Finland,Netherlands,72082500,Hot-rolled flat products,126.45,69168,1,True
France,Belgium,72085299,Hot-rolled flat products,126.381,77268,10,True
Austria,Netherlands,72224050,Stainless steel bars sections and wire,126.346,530685,9,True
China,China,72169900,Angles shapes and sections,125.992,325931,16,False
Germany,Switzerland,72166110,Angles shapes and sections,125.97699999999999,191231,8,True
Spain,Sweden,72163211,Angles shapes and sections,125.957,83761,1,True
Armenia,Netherlands,72027000,Ferro-alloys,125.929,3430202,13,True
Czechia,Czechia,72149931,Other bars and rods,125.776,110629,11,False
Turkey,Turkey,72193100,Stainless steel flat products,125.765,245174,8,False
United States,United States,72286080,Other alloy bars rods and sections,125.731,2562034,29,False
China,Taiwan,72193390,Stainless steel flat products,125.72800000000001,142594,2,True
Sweden,Germany,72192210,Stainless steel flat products,125.66799999999999,660323,28,True
Italy,Belgium,72155019,Other bars and rods,125.622,110426,13,True
China,Turkey,72193410,Stainless steel flat products,125.516,218102,10,True
Germany,Germany,72022990,Ferro-alloys,125.41,194460,8,False
Germany,Czechia,72104900,Coated or plated flat products,125.32300000000001,114728,2,True
Unknown / not supplied,Germany,72082700,Hot-rolled flat products,125.27,76674,1,True
China,Netherlands,72029980,Ferro-alloys,125.19,3465372,13,True
Hong Kong,Hong Kong,72193410,Stainless steel flat products,125.065,251251,5,False
France,France,72149931,Other bars and rods,124.89999999999999,86189,7,False
Belgium,Ireland,72107080,Coated or plated flat products,124.42099999999999,176503,14,True
Italy,France,72269200,Other alloy flat products under 600mm,124.276,302301,14,True
Finland,Finland,72191290,Stainless steel flat products,124.11,155181,6,False
Lithuania,Lithuania,72171090,Wire,124.08099999999999,97513,3,False
Taiwan,Taiwan,72103000,Coated or plated flat products,123.645,74232,1,False
Spain,Spain,72089020,Hot-rolled flat products,123.549,284809,26,False
Italy,Belgium,72151000,Other bars and rods,123.509,108300,8,True
South Africa,South Africa,72202049,Stainless steel flat products under 600mm,123.463,211799,8,False
Austria,Germany,72139990,Hot-rolled bars and rods,123.264,68208,4,True
Unknown / not supplied,Ireland,72283061,Other alloy bars rods and sections,123.065,139872,29,True
Austria,Netherlands,72082700,Hot-rolled flat products,122.939,72510,2,True
Austria,Austria,72107080,Coated or plated flat products,122.898,351762,18,False
China,Taiwan,72193310,Stainless steel flat products,122.866,157027,7,True
Belgium,Belgium,72191210,Stainless steel flat products,122.529,263439,5,False
Austria,Netherlands,72083800,Hot-rolled flat products,122.47,72640,4,True
Italy,France,72107080,Coated or plated flat products,122.46499999999999,212602,5,True
Germany,Spain,72249007,Alloy steel ingots and semi-finished,122.46,105870,1,True
China,Germany,72052900,Granules and powders,122.327,3626621,22,True
Ireland,Ireland,72131000,Hot-rolled bars and rods,122.32,85201,4,False
Germany,France,72171039,Wire,122.273,247030,6,True
Bulgaria,Netherlands,72166190,Angles shapes and sections,122.238,100898,2,True
Israel,Israel,72042190,Ferrous waste and scrap,122.00500000000001,128789,3,False
Brazil,Netherlands,72024950,Ferro-alloys,122.0,269603,6,True
Italy,Romania,72286080,Other alloy bars rods and sections,121.958,207061,11,True
Germany,France,72193490,Stainless steel flat products,121.925,310869,5,True
India,India,72202089,Stainless steel flat products under 600mm,121.57399999999998,659915,8,False
United Kingdom,Ireland,72163390,Angles shapes and sections,121.563,208003,15,True
South Korea,Spain,72103000,Coated or plated flat products,121.2,67428,1,True
Finland,Sweden,72085299,Hot-rolled flat products,120.981,124477,3,True
Sweden,Sweden,72241010,Alloy steel ingots and semi-finished,120.89,643832,3,False
Ukraine,Netherlands,72026000,Ferro-alloys,120.846,302545,1,True
Unknown / not supplied,Ireland,72165010,Angles shapes and sections,120.72699999999999,179054,19,True
Turkey,Turkey,72171031,Wire,120.55600000000001,96165,4,False
Sweden,Finland,72193100,Stainless steel flat products,120.501,376778,16,True
ZM,Netherlands,72023000,Ferro-alloys,120.06,107278,2,True
United Kingdom,France,72283061,Other alloy bars rods and sections,120.04700000000001,1055968,18,True
Italy,Italy,72222039,Stainless steel bars sections and wire,120.027,463016,28,False
Germany,France,72024910,Ferro-alloys,120.024,553557,6,True
Italy,Belgium,72149939,Other bars and rods,119.985,83239,9,True
Poland,Poland,72085191,Hot-rolled flat products,119.727,90961,3,False
Netherlands,Netherlands,72092690,Cold-rolled flat products,119.661,134245,20,False
Belgium,Germany,72052100,Granules and powders,119.63499999999999,872368,2,True
Unknown / not supplied,Austria,72071919,Semi-finished steel,119.512,60742,27,True
Turkey,Turkey,72162200,Angles shapes and sections,119.46,71809,4,False
India,India,72072059,Semi-finished steel,119.45100000000001,84702,3,False
Turkey,Germany,72149110,Other bars and rods,119.306,88760,1,True
Finland,Germany,72193100,Stainless steel flat products,119.23400000000001,309742,5,True
Czechia,France,72171050,Wire,119.166,82926,2,True
France,United States,72071210,Semi-finished steel,119.084,120750,4,True
Belgium,Netherlands,72192110,Stainless steel flat products,119.073,404660,17,True
France,Germany,72230019,Stainless steel wire,119.053,812930,28,True
Belgium,Germany,72192210,Stainless steel flat products,118.99000000000001,440962,27,True
India,India,72107010,Coated or plated flat products,118.954,134861,2,False
Austria,Netherlands,72259200,Other alloy flat products,118.8,78152,2,True
Poland,Germany,72163310,Angles shapes and sections,118.776,106246,14,True
Poland,Germany,72071111,Semi-finished steel,118.77499999999999,87532,2,True
Netherlands,Netherlands,72169900,Angles shapes and sections,118.577,503002,29,False
Taiwan,Taiwan,72191210,Stainless steel flat products,118.539,171084,2,False
Switzerland,Switzerland,72230019,Stainless steel wire,118.45400000000001,790112,21,False
Germany,Germany,72254090,Other alloy flat products,118.394,436350,27,False
Switzerland,Germany,72155019,Other bars and rods,118.225,213125,20,True
India,India,72283020,Other alloy bars rods and sections,118.223,129431,6,False
Unknown / not supplied,Ireland,72287010,Other alloy bars rods and sections,118.222,80264,25,True
Czechia,Czechia,72142000,Other bars and rods,118.13499999999999,105184,4,False
Unknown / not supplied,Portugal,72083900,Hot-rolled flat products,118.10499999999999,66789,2,True
Austria,Belgium,72166190,Angles shapes and sections,118.089,269291,25,True
Belgium,Belgium,72172090,Wire,118.037,233563,18,False
China,Netherlands,72072032,Semi-finished steel,117.96799999999999,623701,11,True
Netherlands,Netherlands,72163211,Angles shapes and sections,117.912,98208,14,False
Turkey,Turkey,72141000,Other bars and rods,117.901,134023,3,False
Finland,Sweden,72283061,Other alloy bars rods and sections,117.758,185341,5,True
South Korea,Taiwan,72107080,Coated or plated flat products,117.725,118771,1,True
Taiwan,Taiwan,72192290,Stainless steel flat products,117.422,173044,5,False
Italy,Netherlands,72173041,Wire,117.344,93349,6,True
France,Belgium,72254040,Other alloy flat products,117.341,322032,2,True
Taiwan,Vietnam,72083600,Hot-rolled flat products,117.31,79861,1,True
South Korea,South Korea,72279095,Alloy bars and rods hot-rolled,117.19,161812,6,False
South Korea,Netherlands,72163211,Angles shapes and sections,117.09,92336,6,True
Germany,Germany,72069000,Ingots and primary forms,117.056,195328,13,False
Germany,Germany,72111400,Flat products under 600mm,116.889,224954,14,False
Germany,Germany,72221181,Stainless steel bars sections and wire,116.581,719062,27,False
Spain,Netherlands,72193490,Stainless steel flat products,116.472,231099,3,True
France,France,72193510,Stainless steel flat products,116.337,567412,20,False
Germany,France,72283061,Other alloy bars rods and sections,116.291,203612,8,True
Sweden,Finland,72193290,Stainless steel flat products,116.047,336533,11,True
United Kingdom,Ireland,72142000,Other bars and rods,115.896,84140,6,True
Indonesia,Vietnam,72192300,Stainless steel flat products,115.577,163540,2,True
China,Germany,72284090,Other alloy bars rods and sections,115.575,195086,23,True
Morocco,Morocco,72083700,Hot-rolled flat products,115.55,75728,1,False
Vietnam,Vietnam,72103000,Coated or plated flat products,115.51,102919,1,False
Germany,Germany,72281090,Other alloy bars rods and sections,115.25699999999999,407401,15,False
Taiwan,Taiwan,72249090,Alloy steel ingots and semi-finished,115.16,219531,4,False
Taiwan,Taiwan,72193510,Stainless steel flat products,115.11500000000001,229739,6,False
Ireland,Ireland,72259900,Other alloy flat products,114.971,225823,14,False
Spain,Spain,72122000,Coated flat products under 600mm,114.966,247335,16,False
Unknown / not supplied,Ireland,72151000,Other bars and rods,114.598,140154,29,True
Finland,Italy,72193410,Stainless steel flat products,114.479,492667,14,True
Germany,Finland,72202081,Stainless steel flat products under 600mm,114.09299999999999,735379,10,True
Czechia,Czechia,72155080,Other bars and rods,114.003,120459,15,False
South Korea,Italy,72230019,Stainless steel wire,113.942,401238,11,True
Portugal,Portugal,72085390,Hot-rolled flat products,113.74000000000001,76073,3,False
China,Belgium,72283020,Other alloy bars rods and sections,113.65,109971,8,True
Norway,Norway,72224090,Stainless steel bars sections and wire,113.498,1426385,16,False
Romania,Netherlands,72286080,Other alloy bars rods and sections,113.127,195736,13,True
France,France,72085291,Hot-rolled flat products,113.119,100952,9,False
China,Belgium,72284090,Other alloy bars rods and sections,112.878,178395,4,True
South Korea,Belgium,72085291,Hot-rolled flat products,112.84800000000001,89091,5,True
Italy,Germany,72172090,Wire,112.823,196759,3,True
Slovenia,Slovenia,72285080,Other alloy bars rods and sections,112.721,326208,22,False
Sweden,Finland,72254040,Other alloy flat products,112.61200000000001,135767,5,True
China,Netherlands,72230019,Stainless steel wire,112.495,335981,20,True
Germany,Romania,72299090,Alloy steel wire,112.30099999999999,272881,17,True
Vietnam,Belgium,72193310,Stainless steel flat products,112.30000000000001,179997,3,True
Unknown / not supplied,France,72255080,Other alloy flat products,112.26,71826,3,True
Turkey,Turkey,72082600,Hot-rolled flat products,111.98,57495,1,False
Unknown / not supplied,Spain,72149910,Other bars and rods,111.919,64969,1,True
United States,United States,72285080,Other alloy bars rods and sections,111.86000000000001,1418134,28,False
Italy,Italy,72142000,Other bars and rods,111.835,438485,10,False
China,Netherlands,72299090,Alloy steel wire,111.831,151071,19,True
Italy,Italy,72169110,Angles shapes and sections,111.779,463956,14,False
Czechia,Czechia,72112330,Flat products under 600mm,111.663,134695,4,False
Belgium,Belgium,72201200,Stainless steel flat products under 600mm,111.636,462760,11,False
Spain,Spain,72103000,Coated or plated flat products,111.548,266712,6,False
United Kingdom,France,72072080,Semi-finished steel,111.491,375328,6,True
Austria,Italy,72284090,Other alloy bars rods and sections,111.275,1638588,8,True
Germany,Netherlands,72142000,Other bars and rods,111.03,111318,4,True
Germany,France,72123000,Coated flat products under 600mm,110.755,113340,7,True
Taiwan,Taiwan,72222039,Stainless steel bars sections and wire,110.41499999999999,783821,23,False
United Arab Emirates,Turkey,72287010,Other alloy bars rods and sections,110.4,57984,1,True
Unknown / not supplied,Czechia,72143000,Other bars and rods,110.29400000000001,91390,4,True
Germany,Belgium,72104900,Coated or plated flat products,110.235,84585,4,True
Greece,Greece,72085299,Hot-rolled flat products,110.181,240178,4,False
Unknown / not supplied,Italy,72155019,Other bars and rods,109.857,116024,15,True
Vietnam,Vietnam,72191410,Stainless steel flat products,109.612,119297,2,False
Spain,Netherlands,72163310,Angles shapes and sections,109.382,82071,9,True
Belgium,Poland,72221910,Stainless steel bars sections and wire,109.306,628559,27,True
Denmark,Denmark,72149110,Other bars and rods,109.05199999999999,77292,5,False
China,China,72191490,Stainless steel flat products,108.978,170336,12,False
Germany,Belgium,72202049,Stainless steel flat products under 600mm,108.9,138672,14,True
Brazil,Brazil,72261100,Other alloy flat products under 600mm,108.881,149758,7,False
Italy,Italy,72261980,Other alloy flat products under 600mm,108.55000000000001,104185,1,False
Denmark,Denmark,72123000,Coated flat products under 600mm,108.451,165965,6,False
Kazakhstan,Latvia,72024950,Ferro-alloys,108.42,339610,2,True
Indonesia,Taiwan,72193310,Stainless steel flat products,108.273,236273,3,True
France,France,72249018,Alloy steel ingots and semi-finished,108.24,607600,1,False
Germany,France,72261980,Other alloy flat products under 600mm,108.089,126237,7,True
United States,United States,72283061,Other alloy bars rods and sections,107.927,2630382,28,False
Italy,Netherlands,72149110,Other bars and rods,107.837,95578,17,True
Sweden,Sweden,72285069,Other alloy bars rods and sections,107.81,227357,6,False
Belgium,Belgium,72202049,Stainless steel flat products under 600mm,107.701,182262,16,False
Portugal,Portugal,72106100,Coated or plated flat products,107.63,82844,1,False
United States,United States,72171090,Wire,107.586,1431374,29,False
Austria,France,72222021,Stainless steel bars sections and wire,107.251,1666025,23,True
Brazil,France,72222021,Stainless steel bars sections and wire,107.242,879376,11,True
Sweden,Sweden,72285080,Other alloy bars rods and sections,107.197,188326,15,False
South Korea,Belgium,72149971,Other bars and rods,106.92099999999999,86947,6,True
Netherlands,Netherlands,72193100,Stainless steel flat products,106.83800000000001,161901,8,False
United States,United States,72202029,Stainless steel flat products under 600mm,106.671,685712,27,False
Italy,France,72071919,Semi-finished steel,106.666,526066,4,True
Indonesia,Belgium,72085291,Hot-rolled flat products,106.56800000000001,77819,5,True
Austria,Germany,72082500,Hot-rolled flat products,106.49000000000001,61633,5,True
Taiwan,China,72202041,Stainless steel flat products under 600mm,106.478,214348,4,True
Poland,Germany,72279095,Alloy bars and rods hot-rolled,106.46,44334,2,True
Austria,Netherlands,72085291,Hot-rolled flat products,106.413,142654,3,True
Vietnam,Vietnam,72124020,Coated flat products under 600mm,106.31299999999999,91514,4,False
Portugal,Portugal,72092690,Cold-rolled flat products,106.18,80123,4,False
Poland,Poland,72083800,Hot-rolled flat products,106.13,67076,1,False
United Kingdom,Germany,72299090,Alloy steel wire,106.105,137508,10,True
Belgium,Belgium,72112330,Flat products under 600mm,105.911,69620,17,False
Germany,Germany,72201200,Stainless steel flat products under 600mm,105.827,620241,27,False
Luxembourg,Netherlands,72164010,Angles shapes and sections,105.80000000000001,113648,5,True
Thailand,Thailand,72292000,Alloy steel wire,105.624,71331,1,False
Spain,Spain,72285080,Other alloy bars rods and sections,105.588,171176,8,False
Finland,Finland,72202021,Stainless steel flat products under 600mm,105.39,239552,21,False
Belgium,Belgium,72125040,Coated flat products under 600mm,105.39,193955,5,False
Egypt,Egypt,72171090,Wire,105.259,79684,4,False
Unknown / not supplied,Italy,72149110,Other bars and rods,104.99000000000001,79272,3,True
United States,United States,72249018,Alloy steel ingots and semi-finished,104.854,901095,16,False
Netherlands,France,72085299,Hot-rolled flat products,104.794,87779,5,True
France,France,72221119,Stainless steel bars sections and wire,104.674,259048,22,False
Malaysia,China,72193310,Stainless steel flat products,104.659,152314,1,True
China,China,72191210,Stainless steel flat products,104.578,193807,4,False
Slovenia,Slovenia,72283070,Other alloy bars rods and sections,104.555,345914,12,False
South Korea,South Korea,72285061,Other alloy bars rods and sections,104.488,222246,2,False
South Korea,South Korea,72202041,Stainless steel flat products under 600mm,104.437,376259,6,False
Italy,Italy,72162200,Angles shapes and sections,104.268,85631,5,False
China,China,72163110,Angles shapes and sections,104.132,77708,8,False
Unknown / not supplied,Ireland,72155011,Other bars and rods,104.083,87197,29,True
India,Netherlands,72085120,Hot-rolled flat products,104.012,93194,5,True
Spain,Norway,72283061,Other alloy bars rods and sections,103.978,214044,19,True
Unknown / not supplied,Netherlands,72107080,Coated or plated flat products,103.925,266333,2,True
France,France,72044990,Ferrous waste and scrap,103.65,149053,20,False
Chile,Chile,72172030,Wire,103.605,90235,4,False
Taiwan,Taiwan,72091891,Cold-rolled flat products,103.605,56898,1,False
Taiwan,China,72202049,Stainless steel flat products under 600mm,103.59100000000001,116098,3,True
Ireland,Ireland,72107080,Coated or plated flat products,103.571,379839,18,False
Albania,Egypt,72179090,Wire,103.513,59238,1,True
Germany,Netherlands,72281090,Other alloy bars rods and sections,103.324,571123,10,True
Unknown / not supplied,Ireland,72111300,Flat products under 600mm,103.252,56032,23,True
China,Turkey,72202049,Stainless steel flat products under 600mm,103.203,184359,9,True
China,China,72179050,Wire,103.185,162452,14,False
China,Netherlands,72166900,Angles shapes and sections,102.92,146811,25,True
Finland,Finland,72191310,Stainless steel flat products,102.825,222623,6,False
Germany,Germany,72149971,Other bars and rods,102.663,96970,9,False
Austria,Austria,72222019,Stainless steel bars sections and wire,102.578,774938,28,False
Spain,France,72193390,Stainless steel flat products,102.536,154360,7,True
Thailand,Germany,72106100,Coated or plated flat products,102.51,97654,1,True
Hungary,Germany,72169110,Angles shapes and sections,102.305,144118,1,True
Unknown / not supplied,Belgium,72255080,Other alloy flat products,102.28,56652,3,True
Indonesia,Indonesia,72091790,Cold-rolled flat products,102.26,62193,1,False
Italy,Germany,72299090,Alloy steel wire,102.107,338706,24,True
Italy,Netherlands,72222011,Stainless steel bars sections and wire,102.095,1203826,28,True
China,Italy,72072052,Semi-finished steel,101.899,91740,2,True
Malaysia,Malaysia,72193390,Stainless steel flat products,101.821,116288,2,False
Poland,Netherlands,72166110,Angles shapes and sections,101.813,141869,15,True
Netherlands,France,72269970,Other alloy flat products under 600mm,101.774,183795,9,True
Norway,Netherlands,72023000,Ferro-alloys,101.74,96069,1,True
Unknown / not supplied,Italy,72149950,Other bars and rods,101.56400000000001,69507,3,True
Germany,Belgium,72202041,Stainless steel flat products under 600mm,101.493,223927,22,True
Austria,Austria,72224050,Stainless steel bars sections and wire,101.261,637683,12,False
Italy,Germany,72283061,Other alloy bars rods and sections,101.24199999999999,162289,8,True
Poland,Poland,72285061,Other alloy bars rods and sections,101.07499999999999,130666,6,False
Spain,Ireland,72151000,Other bars and rods,101.039,92368,7,True
Spain,Spain,72288000,Other alloy bars rods and sections,100.97699999999999,64969,2,False
Ireland,Ireland,72104900,Coated or plated flat products,100.918,134241,17,False
Unknown / not supplied,Ireland,72104900,Coated or plated flat products,100.855,181914,28,True
Germany,Germany,72282099,Other alloy bars rods and sections,100.824,387397,29,False
Unknown / not supplied,Ireland,72141000,Other bars and rods,100.473,99365,28,True
Belgium,Netherlands,72103000,Coated or plated flat products,100.26899999999999,118521,6,True
South Korea,Vietnam,72106100,Coated or plated flat products,100.25,68558,1,True
Belgium,Netherlands,72085191,Hot-rolled flat products,100.16,99427,6,True
Switzerland,Switzerland,72155080,Other bars and rods,100.13,196057,16,False
France,France,72199020,Stainless steel flat products,100.103,532512,29,False
Turkey,Turkey,72024910,Ferro-alloys,100.1,389891,4,False
Brazil,Netherlands,72024110,Ferro-alloys,100.0,63916,1,True
PA,PA,72041000,Ferrous waste and scrap,100.0,23650,2,False
Brazil,Netherlands,72029980,Ferro-alloys,100.0,1662145,3,True
Belgium,Belgium,72193490,Stainless steel flat products,99.975,175141,10,False
Turkey,Turkey,72179020,Wire,99.76,76157,4,False
Austria,Netherlands,72085299,Hot-rolled flat products,99.72800000000001,133982,7,True
Spain,Spain,72044199,Ferrous waste and scrap,99.66,24005,1,False
South Africa,South Africa,72191290,Stainless steel flat products,99.63,114068,3,False
Taiwan,China,72193310,Stainless steel flat products,99.604,149977,3,True
Austria,France,72104900,Coated or plated flat products,99.4,91094,3,True
Germany,Belgium,72193210,Stainless steel flat products,99.006,244658,9,True
China,China,72201100,Stainless steel flat products under 600mm,98.95,510703,12,False
France,France,72222039,Stainless steel bars sections and wire,98.838,959598,24,False
Sweden,Sweden,72281090,Other alloy bars rods and sections,98.82,941590,29,False
Germany,France,72202089,Stainless steel flat products under 600mm,98.765,877102,7,True
Belgium,Germany,72125040,Coated flat products under 600mm,98.75,206154,7,True
Germany,Netherlands,72109080,Coated or plated flat products,98.53,163429,3,True
Spain,Germany,72192210,Stainless steel flat products,98.417,394151,19,True
Portugal,Portugal,72171031,Wire,98.381,66861,3,False
China,China,72106900,Coated or plated flat products,98.21600000000001,72634,5,False
Poland,Poland,72139910,Hot-rolled bars and rods,98.106,93444,3,False
Czechia,Czechia,72143000,Other bars and rods,97.977,86957,9,False
Canada,Austria,72166110,Angles shapes and sections,97.94300000000001,82674,3,True
Germany,Netherlands,72169180,Angles shapes and sections,97.899,117617,17,True
Spain,Portugal,72283070,Other alloy bars rods and sections,97.791,59158,2,True
Italy,Italy,72101100,Coated or plated flat products,97.758,347090,25,False
Poland,Denmark,72166110,Angles shapes and sections,97.56400000000001,302863,7,True
South Korea,Netherlands,72106100,Coated or plated flat products,97.53999999999999,86042,3,True
Spain,Netherlands,72085291,Hot-rolled flat products,97.539,104683,14,True
China,China,72189920,Stainless steel ingots and semi-finished,97.486,1453023,28,False
China,Netherlands,72071114,Semi-finished steel,97.43900000000001,88732,2,True
China,Taiwan,72192300,Stainless steel flat products,97.39,167078,1,True
Ukraine,Poland,72091790,Cold-rolled flat products,97.29,56679,1,True
Vietnam,Vietnam,72104100,Coated or plated flat products,97.029,62081,2,False
China,Hong Kong,72171031,Wire,96.957,57921,5,True
Lithuania,Lithuania,72044199,Ferrous waste and scrap,96.711,41182,4,False
Malaysia,Spain,72193410,Stainless steel flat products,96.61,164807,1,True
China,China,72142000,Other bars and rods,96.476,80096,20,False
China,France,72281090,Other alloy bars rods and sections,96.448,355463,11,True
Vietnam,Vietnam,72202081,Stainless steel flat products under 600mm,96.444,425765,4,False
Finland,Turkey,72192300,Stainless steel flat products,96.404,193189,1,True
Taiwan,Taiwan,72202081,Stainless steel flat products under 600mm,96.35,133593,5,False
China,Czechia,72292000,Alloy steel wire,96.238,291468,8,True
China,Germany,72169110,Angles shapes and sections,96.208,198428,26,True
China,France,72292000,Alloy steel wire,96.12,98331,5,True
Italy,France,72202041,Stainless steel flat products under 600mm,96.093,356615,17,True
Turkey,Germany,72024950,Ferro-alloys,96.0,296422,2,True
Slovenia,United States,72071912,Semi-finished steel,96.0,83530,3,True
China,Belgium,72155019,Other bars and rods,95.86,114737,12,True
Italy,Italy,72112320,Flat products under 600mm,95.682,91128,4,False
Unknown / not supplied,Netherlands,72259200,Other alloy flat products,95.65,54262,2,True
Italy,Belgium,72155011,Other bars and rods,95.586,98044,9,True
Azerbaijan,Turkey,72149939,Other bars and rods,95.55,48212,1,True
Brazil,France,72011090,Pig iron,95.34,50194,2,True
Germany,Spain,72111900,Flat products under 600mm,95.3,122472,3,True
Malaysia,Spain,72193310,Stainless steel flat products,95.199,158181,1,True
United States,United States,72173050,Wire,94.931,673826,15,False
Netherlands,Netherlands,72022100,Ferro-alloys,94.776,98877,4,False
Germany,Germany,72192300,Stainless steel flat products,94.745,411491,25,False
Austria,Belgium,72254060,Other alloy flat products,94.644,104528,2,True
Germany,Germany,72071912,Semi-finished steel,94.238,95638,5,False
Sweden,Finland,72192110,Stainless steel flat products,94.203,332050,13,True
Austria,Austria,72089080,Hot-rolled flat products,94.173,179738,2,False
Croatia,Croatia,72124080,Coated flat products under 600mm,94.155,137086,22,False
Netherlands,France,72139170,Hot-rolled bars and rods,94.085,121039,2,True
Belgium,Belgium,72284090,Other alloy bars rods and sections,94.033,97648,3,False
Germany,France,72011090,Pig iron,94.02,50199,4,True
China,Singapore,72193310,Stainless steel flat products,93.897,161686,1,True
Netherlands,Netherlands,72106100,Coated or plated flat products,93.884,152237,10,False
Finland,Netherlands,72254060,Other alloy flat products,93.86,120430,7,True
Finland,Germany,72193390,Stainless steel flat products,93.852,147057,9,True
Luxembourg,Luxembourg,72222081,Stainless steel bars sections and wire,93.783,227641,8,False
South Africa,Hong Kong,72042110,Ferrous waste and scrap,93.68,98400,1,True
China,China,72202089,Stainless steel flat products under 600mm,93.575,317691,9,False
Italy,Italy,72149995,Other bars and rods,93.56400000000001,69829,8,False
Spain,Portugal,72162100,Angles shapes and sections,93.438,56754,1,True
Finland,Sweden,72287090,Other alloy bars rods and sections,93.435,135950,3,True
India,India,72071919,Semi-finished steel,93.413,561362,27,False
Spain,France,72163211,Angles shapes and sections,93.396,61641,1,True
Poland,Germany,72163211,Angles shapes and sections,93.39099999999999,81972,15,True
Germany,Sweden,72299090,Alloy steel wire,93.329,362956,6,True
Italy,Belgium,72112900,Flat products under 600mm,93.142,139548,4,True
Germany,Germany,72085390,Hot-rolled flat products,92.937,211341,22,False
Unknown / not supplied,Italy,72107080,Coated or plated flat products,92.847,101887,1,True
Netherlands,Belgium,72091790,Cold-rolled flat products,92.801,82217,3,True
China,Netherlands,72141000,Other bars and rods,92.752,106899,16,True
Austria,France,72091790,Cold-rolled flat products,92.71,81182,4,True
South Korea,Vietnam,72107080,Coated or plated flat products,92.55,46549,1,True
Sweden,Sweden,72269200,Other alloy flat products under 600mm,92.485,774983,25,False
Vietnam,Germany,72083900,Hot-rolled flat products,92.336,45621,1,True
Bulgaria,Bulgaria,72085120,Hot-rolled flat products,92.316,69294,2,False
Austria,Austria,72111900,Flat products under 600mm,92.307,2625324,6,False
Finland,Belgium,72192290,Stainless steel flat products,92.176,123813,7,True
Sweden,Finland,72085198,Hot-rolled flat products,92.1,61281,2,True
China,China,72221111,Stainless steel bars sections and wire,92.093,833780,6,False
South Korea,South Korea,72286080,Other alloy bars rods and sections,92.05799999999999,537309,6,False
Italy,Netherlands,72287010,Other alloy bars rods and sections,91.967,80610,8,True
United States,United States,72141000,Other bars and rods,91.899,491559,10,False
Malaysia,Germany,72202081,Stainless steel flat products under 600mm,91.833,655857,12,True
Germany,Denmark,72085299,Hot-rolled flat products,91.744,128902,20,True
Japan,Germany,72279095,Alloy bars and rods hot-rolled,91.619,115723,1,True
Canada,Canada,72042190,Ferrous waste and scrap,91.378,109944,2,False
Luxembourg,Ireland,72163291,Angles shapes and sections,91.373,169175,5,True
Germany,France,72112330,Flat products under 600mm,91.314,196812,5,True
Germany,Germany,72171050,Wire,91.303,151007,14,False
Ukraine,Ukraine,72285061,Other alloy bars rods and sections,91.19,177476,5,False
Canada,Taiwan,72284010,Other alloy bars rods and sections,91.054,202597,2,True
Germany,France,72222019,Stainless steel bars sections and wire,90.919,257217,10,True
Netherlands,Germany,72255080,Other alloy flat products,90.852,120450,5,True
Italy,Belgium,72155080,Other bars and rods,90.78800000000001,79585,11,True
North Macedonia,Greece,72162100,Angles shapes and sections,90.78,56159,2,True
Japan,Germany,72299090,Alloy steel wire,90.672,387751,25,True
Vietnam,South Korea,72083800,Hot-rolled flat products,90.63,52904,1,True
Sweden,Sweden,72286080,Other alloy bars rods and sections,90.452,186345,27,False
Belgium,Belgium,72106900,Coated or plated flat products,90.422,83580,1,False
Ireland,Ireland,72193310,Stainless steel flat products,90.297,158839,4,False
Germany,Czechia,72103000,Coated or plated flat products,90.187,72274,3,True
Italy,France,72151000,Other bars and rods,90.038,76329,6,True
Unknown / not supplied,Ireland,72179020,Wire,90.017,67140,17,True
India,India,72173090,Wire,90.011,177336,9,False
Germany,Latvia,72045000,Ferrous waste and scrap,89.976,256562,1,True
Sweden,Netherlands,72165099,Angles shapes and sections,89.863,71442,2,True
Germany,France,72222021,Stainless steel bars sections and wire,89.69200000000001,929741,14,True
Vietnam,Vietnam,72107010,Coated or plated flat products,89.66999999999999,68463,2,False
Turkey,Netherlands,72287090,Other alloy bars rods and sections,89.658,53473,4,True
Germany,Germany,72221189,Stainless steel bars sections and wire,89.456,266363,22,False
Spain,Portugal,72163390,Angles shapes and sections,89.439,57436,1,True
India,India,72201100,Stainless steel flat products under 600mm,89.424,258148,10,False
Sweden,Sweden,72191210,Stainless steel flat products,89.35,194276,5,False
Spain,Netherlands,72193210,Stainless steel flat products,89.257,210269,3,True
Austria,Austria,72269191,Other alloy flat products under 600mm,89.178,1327697,8,False
Indonesia,Turkey,72192110,Stainless steel flat products,89.073,164195,1,True
Poland,Netherlands,72072080,Semi-finished steel,89.056,102273,4,True
Belgium,Belgium,72027000,Ferro-alloys,88.969,2418340,4,False
United Kingdom,Netherlands,72027000,Ferro-alloys,88.956,2259079,8,True
Vietnam,Vietnam,72193410,Stainless steel flat products,88.875,174149,5,False
China,Taiwan,72192210,Stainless steel flat products,88.828,152389,1,True
France,Netherlands,72085291,Hot-rolled flat products,88.826,107282,7,True
Finland,Belgium,72191290,Stainless steel flat products,88.72,113687,4,True
Austria,Austria,72119080,Flat products under 600mm,88.716,1119628,5,False
United States,United States,72199080,Stainless steel flat products,88.484,3067256,29,False
Sweden,Finland,72193490,Stainless steel flat products,88.456,242775,3,True
France,Netherlands,72202041,Stainless steel flat products under 600mm,88.392,214903,20,True
Netherlands,Hungary,72104900,Coated or plated flat products,88.31,83179,2,True
Netherlands,Netherlands,72169180,Angles shapes and sections,88.2,145752,19,False
Turkey,Germany,72163190,Angles shapes and sections,88.15,46764,2,True
United Arab Emirates,United Arab Emirates,72104900,Coated or plated flat products,88.06,55995,1,False
Finland,Germany,72193490,Stainless steel flat products,87.68,120297,4,True
France,Belgium,72202041,Stainless steel flat products under 600mm,87.595,223294,16,True
China,China,72112330,Flat products under 600mm,87.256,65999,5,False
France,Belgium,72254060,Other alloy flat products,87.132,98566,6,True
Germany,Netherlands,72112330,Flat products under 600mm,87.01400000000001,180004,5,True
Switzerland,Switzerland,72224090,Stainless steel bars sections and wire,86.907,591421,15,False
France,Belgium,72287010,Other alloy bars rods and sections,86.88199999999999,58186,10,True
United Arab Emirates,United Arab Emirates,72092890,Cold-rolled flat products,86.764,111883,4,False
Belgium,France,72254040,Other alloy flat products,86.72200000000001,209822,6,True
India,Belgium,72085291,Hot-rolled flat products,86.688,66158,6,True
Egypt,Egypt,72042110,Ferrous waste and scrap,86.643,147963,3,False
Indonesia,India,72085198,Hot-rolled flat products,86.454,46013,1,True
South Korea,Belgium,72085191,Hot-rolled flat products,86.4,66669,3,True
Unknown / not supplied,Ireland,72124080,Coated flat products under 600mm,86.351,113135,16,True
China,Netherlands,72149971,Other bars and rods,86.237,63816,4,True
Austria,Austria,72221990,Stainless steel bars sections and wire,86.225,501383,13,False
South Africa,China,72193390,Stainless steel flat products,86.0,97245,1,True
Spain,Portugal,72149110,Other bars and rods,85.95,52699,2,True
Germany,Netherlands,72251990,Other alloy flat products,85.849,125076,4,True
Luxembourg,Luxembourg,72165099,Angles shapes and sections,85.828,150655,5,False
Italy,Netherlands,72193410,Stainless steel flat products,85.798,207068,10,True
France,France,72124080,Coated flat products under 600mm,85.753,1360342,25,False
Finland,Germany,72202081,Stainless steel flat products under 600mm,85.487,390026,23,True
Unknown / not supplied,Sweden,72254090,Other alloy flat products,85.291,110197,11,True
Italy,Netherlands,72222021,Stainless steel bars sections and wire,85.212,1049140,29,True
Norway,Norway,72071912,Semi-finished steel,85.089,558962,18,False
China,Indonesia,72193310,Stainless steel flat products,84.77,115406,1,True
Austria,France,72221910,Stainless steel bars sections and wire,84.756,1084983,13,True
Sweden,Finland,72085120,Hot-rolled flat products,84.68900000000001,62447,2,True
France,Belgium,72104900,Coated or plated flat products,84.688,41189,5,True
United Kingdom,Netherlands,72163310,Angles shapes and sections,84.625,68166,12,True
United Kingdom,Turkey,72224090,Stainless steel bars sections and wire,84.51499999999999,282236,3,True
Italy,Italy,72083700,Hot-rolled flat products,84.285,123716,1,False
Italy,Italy,72249005,Alloy steel ingots and semi-finished,84.272,76283,3,False
Spain,Italy,72151000,Other bars and rods,84.26599999999999,70446,3,True
United Kingdom,Slovenia,72259900,Other alloy flat products,84.211,194456,11,True
Poland,Germany,72149110,Other bars and rods,84.061,74780,13,True
France,Belgium,72269191,Other alloy flat products under 600mm,83.997,53485,9,True
Unknown / not supplied,Ireland,72230091,Stainless steel wire,83.92699999999999,142842,28,True
Austria,Germany,72299090,Alloy steel wire,83.771,104239,10,True
China,China,72179090,Wire,83.67999999999999,114598,24,False
Turkey,South Korea,72091790,Cold-rolled flat products,83.21,41938,1,True
Italy,Italy,72199020,Stainless steel flat products,83.187,838960,26,False
Finland,Belgium,72201200,Stainless steel flat products under 600mm,83.17999999999999,228307,8,True
Slovakia,Germany,72071114,Semi-finished steel,83.016,102600,4,True
Albania,Netherlands,72024190,Ferro-alloys,83.0,143363,4,True
Czechia,Poland,72151000,Other bars and rods,82.952,77746,6,True
Turkey,Turkey,72149995,Other bars and rods,82.80199999999999,52418,4,False
China,Belgium,72193410,Stainless steel flat products,82.795,164892,1,True
Spain,AG,72163190,Angles shapes and sections,82.782,70365,1,True
Taiwan,Taiwan,72230011,Stainless steel wire,82.297,426533,12,False
Sweden,Denmark,72202049,Stainless steel flat products under 600mm,82.289,195518,3,True
Hong Kong,Hong Kong,72193310,Stainless steel flat products,82.188,196005,2,False
China,China,72109080,Coated or plated flat products,82.07900000000001,288478,12,False
Germany,Belgium,72051000,Granules and powders,81.98400000000001,71891,6,True
Germany,Germany,72072052,Semi-finished steel,81.89099999999999,99431,9,False
China,China,72224050,Stainless steel bars sections and wire,81.828,485770,21,False
China,Slovenia,72029930,Ferro-alloys,81.821,143604,7,True
Belgium,Italy,72107080,Coated or plated flat products,81.59,113361,2,True
Italy,Belgium,72149950,Other bars and rods,81.525,67059,6,True
Oman,Oman,72149110,Other bars and rods,81.522,51179,1,False
Turkey,Turkey,72155011,Other bars and rods,81.471,72707,7,False
Japan,Japan,72112900,Flat products under 600mm,81.438,205528,4,False
Spain,Netherlands,72085191,Hot-rolled flat products,80.959,82489,17,True
Turkey,Netherlands,72024950,Ferro-alloys,80.804,244838,2,True
South Africa,Spain,72202049,Stainless steel flat products under 600mm,80.37700000000001,56379,4,True
India,India,72151000,Other bars and rods,80.359,152564,29,False
Italy,Italy,72254060,Other alloy flat products,80.353,77506,7,False
Denmark,Denmark,72159000,Other bars and rods,80.339,519125,10,False
Poland,Germany,72179020,Wire,80.19399999999999,67108,3,True
Germany,Germany,72230091,Stainless steel wire,80.071,576237,23,False
Norway,Iceland,72022100,Ferro-alloys,80.0,97749,3,True
Sweden,Finland,72254060,Other alloy flat products,79.877,61953,3,True
Sweden,Netherlands,72091690,Cold-rolled flat products,79.83,80447,1,True
Italy,Italy,72029980,Ferro-alloys,79.813,109264,10,False
Czechia,Czechia,72249090,Alloy steel ingots and semi-finished,79.61399999999999,211338,9,False
Italy,Germany,72286080,Other alloy bars rods and sections,79.525,196581,16,True
Spain,Netherlands,72179020,Wire,79.507,95766,4,True
Switzerland,Switzerland,72222089,Stainless steel bars sections and wire,79.483,880661,29,False
China,China,72282091,Other alloy bars rods and sections,79.408,55202,2,False
Romania,Belgium,72202041,Stainless steel flat products under 600mm,79.343,187970,7,True
Italy,Italy,72044910,Ferrous waste and scrap,79.174,862120,10,False
Romania,France,72072080,Semi-finished steel,79.165,714628,21,True
Romania,Turkey,72172030,Wire,79.1,64877,1,True
Netherlands,Netherlands,72109080,Coated or plated flat products,78.94,162415,9,False
Germany,Belgium,72085120,Hot-rolled flat products,78.731,100718,7,True
Indonesia,Indonesia,72192300,Stainless steel flat products,78.536,136333,1,False
Italy,Netherlands,72285020,Other alloy bars rods and sections,78.375,223694,8,True
China,China,72230091,Stainless steel wire,78.32900000000001,406397,26,False
France,Belgium,72163211,Angles shapes and sections,78.324,53967,7,True
Austria,Netherlands,72254040,Other alloy flat products,78.25,115759,9,True
India,Belgium,72085120,Hot-rolled flat products,78.24,62279,4,True
Netherlands,Netherlands,72172090,Wire,78.231,150291,20,False
Unknown / not supplied,Portugal,72085198,Hot-rolled flat products,78.216,64110,1,True
Portugal,Portugal,72112330,Flat products under 600mm,78.211,61786,2,False
Germany,Germany,72193290,Stainless steel flat products,78.19,135251,11,False
Portugal,Germany,72221910,Stainless steel bars sections and wire,77.682,345998,18,True
Croatia,Croatia,72169110,Angles shapes and sections,77.524,136334,5,False
Czechia,Germany,72172090,Wire,77.423,80111,3,True
Germany,Germany,72112380,Flat products under 600mm,77.422,95194,8,False
France,Belgium,72193390,Stainless steel flat products,77.301,139009,9,True
China,China,72189110,Stainless steel ingots and semi-finished,77.262,299172,15,False
France,Germany,72286080,Other alloy bars rods and sections,77.214,144380,14,True
Taiwan,Taiwan,72192400,Stainless steel flat products,77.209,172265,8,False
Germany,France,72269200,Other alloy flat products under 600mm,77.202,107890,6,True
Greece,Greece,72105000,Coated or plated flat products,76.938,208998,10,False
United States,United States,72299090,Alloy steel wire,76.937,795828,29,False
China,China,72083800,Hot-rolled flat products,76.822,195090,5,False
Germany,Belgium,72155080,Other bars and rods,76.815,74575,2,True
South Korea,South Korea,72292000,Alloy steel wire,76.77199999999999,87948,2,False
Unknown / not supplied,Germany,72051000,Granules and powders,76.75,68990,12,True
Italy,Romania,72159000,Other bars and rods,76.734,124363,8,True
Thailand,Thailand,72171010,Wire,76.684,43189,1,False
Unknown / not supplied,Italy,72166110,Angles shapes and sections,76.654,89254,6,True
South Korea,Vietnam,72091690,Cold-rolled flat products,76.6,37905,1,True
Spain,PA,72283070,Other alloy bars rods and sections,76.595,56775,1,True
Germany,Germany,72085400,Hot-rolled flat products,76.46600000000001,212494,21,False
Italy,Netherlands,72155019,Other bars and rods,76.36699999999999,61464,5,True
Slovakia,France,72172030,Wire,76.221,93936,4,True
China,China,72189980,Stainless steel ingots and semi-finished,76.204,875406,28,False
Kazakhstan,Kazakhstan,72024990,Ferro-alloys,75.98,158020,3,False
Unknown / not supplied,Spain,72171031,Wire,75.949,60255,1,True
Albania,Greece,72172030,Wire,75.832,62147,1,True
India,Netherlands,72027000,Ferro-alloys,75.732,2327000,11,True
Unknown / not supplied,Ireland,72149931,Other bars and rods,75.67999999999999,59371,23,True
Finland,Belgium,72193510,Stainless steel flat products,75.551,155309,4,True
France,Italy,72284090,Other alloy bars rods and sections,75.47,284060,4,True
Austria,Germany,72083600,Hot-rolled flat products,75.45,46016,2,True
Mexico,Switzerland,72230099,Stainless steel wire,75.446,278935,21,True
Taiwan,Taiwan,72221189,Stainless steel bars sections and wire,75.432,627840,12,False
China,Taiwan,72191410,Stainless steel flat products,75.427,173049,1,True
Indonesia,Indonesia,72222031,Stainless steel bars sections and wire,75.36699999999999,144705,3,False
Germany,France,72085191,Hot-rolled flat products,75.153,83810,6,True
Italy,United States,72222089,Stainless steel bars sections and wire,75.144,642288,17,True
Unknown / not supplied,Ireland,72169180,Angles shapes and sections,75.03,131304,16,True
Chile,Belgium,72024190,Ferro-alloys,75.0,55920,1,True
Indonesia,Turkey,72191210,Stainless steel flat products,74.978,124814,1,True
Malta,Malta,72042190,Ferrous waste and scrap,74.91799999999999,70928,4,False
United Kingdom,France,72104900,Coated or plated flat products,74.86,65802,1,True
Unknown / not supplied,Sweden,72132000,Hot-rolled bars and rods,74.838,415848,17,True
Austria,Germany,72171090,Wire,74.78999999999999,170012,2,True
South Africa,South Africa,72052100,Granules and powders,74.675,197736,6,False
China,China,72173049,Wire,74.65,204833,15,False
Belgium,Germany,72085291,Hot-rolled flat products,74.571,77042,6,True
Italy,Spain,72202081,Stainless steel flat products under 600mm,74.519,836599,6,True
Germany,Germany,72099080,Cold-rolled flat products,74.481,388175,26,False
Spain,Spain,72272000,Alloy bars and rods hot-rolled,74.42999999999999,62098,5,False
India,India,72143000,Other bars and rods,74.42,48720,1,False
PE,PE,72172090,Wire,74.378,64531,2,False
Spain,Spain,72221189,Stainless steel bars sections and wire,74.35,238510,15,False
Belgium,France,72166190,Angles shapes and sections,74.35,150944,5,True
Italy,Netherlands,72083800,Hot-rolled flat products,74.12,71791,3,True
Germany,Belgium,72171039,Wire,73.938,60256,3,True
India,China,72193310,Stainless steel flat products,73.917,85452,1,True
Philippines,Netherlands,72121010,Coated flat products under 600mm,73.719,117060,5,True
Belgium,Denmark,72192110,Stainless steel flat products,73.693,242519,7,True
Belgium,Netherlands,72254040,Other alloy flat products,73.671,105900,6,True
Indonesia,China,72172030,Wire,73.64,117052,1,True
Hungary,Hungary,72107080,Coated or plated flat products,73.61,108573,3,False
Egypt,Netherlands,72022100,Ferro-alloys,73.589,64799,2,True
Italy,Italy,72085390,Hot-rolled flat products,73.533,109524,6,False
Ireland,Ireland,72141000,Other bars and rods,73.38,50350,16,False
Germany,France,72124080,Coated flat products under 600mm,73.319,410967,12,True
Slovakia,Slovakia,72022990,Ferro-alloys,73.2,181340,5,False
Unknown / not supplied,Spain,72042190,Ferrous waste and scrap,73.153,59784,1,True
United States,France,72283061,Other alloy bars rods and sections,73.078,771370,5,True
France,Belgium,72202021,Stainless steel flat products under 600mm,73.031,172300,9,True
Turkey,China,72104900,Coated or plated flat products,72.89,65827,1,True
Netherlands,Netherlands,72193210,Stainless steel flat products,72.637,213715,9,False
Turkey,Italy,72292000,Alloy steel wire,72.56700000000001,122440,21,True
Unknown / not supplied,Portugal,72124080,Coated flat products under 600mm,72.50399999999999,153941,3,True
China,Belgium,72052100,Granules and powders,72.487,666826,3,True
Bulgaria,Romania,72286080,Other alloy bars rods and sections,72.46000000000001,137226,11,True
France,Netherlands,72107080,Coated or plated flat products,72.38000000000001,191326,4,True
Brazil,France,72029300,Ferro-alloys,72.25,1734690,4,True
Poland,Poland,72107010,Coated or plated flat products,72.211,175020,6,False
Spain,Spain,72111400,Flat products under 600mm,72.21000000000001,47790,2,False
Ireland,Ireland,72122000,Coated flat products under 600mm,72.20400000000001,77662,3,False
Italy,Italy,72161000,Angles shapes and sections,72.008,221166,25,False
India,India,72024950,Ferro-alloys,72.0,153875,3,False
Netherlands,Germany,72085191,Hot-rolled flat products,71.931,78471,4,True
Albania,France,72172030,Wire,71.894,63025,1,True
France,France,72169900,Angles shapes and sections,71.888,133573,7,False
Unknown / not supplied,Spain,72179020,Wire,71.818,48402,8,True
Germany,Germany,72202089,Stainless steel flat products under 600mm,71.809,1513202,25,False
Spain,Germany,72179050,Wire,71.741,91798,8,True
France,Switzerland,72085120,Hot-rolled flat products,71.642,49031,1,True
United Arab Emirates,United Arab Emirates,72165099,Angles shapes and sections,71.48,373374,1,False
Belgium,Germany,72193410,Stainless steel flat products,71.442,210271,15,True
Netherlands,Germany,72172030,Wire,71.297,142144,7,True
Germany,France,72085299,Hot-rolled flat products,71.292,42984,6,True
Poland,Netherlands,72149939,Other bars and rods,71.284,66434,22,True
Turkey,Turkey,72283070,Other alloy bars rods and sections,71.02,48119,2,False
China,Netherlands,72283061,Other alloy bars rods and sections,71.007,72254,5,True
Slovakia,Germany,72022990,Ferro-alloys,71.0,174431,4,True
Taiwan,Taiwan,72189920,Stainless steel ingots and semi-finished,70.923,1351459,22,False
Belgium,Belgium,72169900,Angles shapes and sections,70.803,153309,7,False
United Kingdom,Germany,72072017,Semi-finished steel,70.786,112649,3,True
Unknown / not supplied,Germany,72163291,Angles shapes and sections,70.705,54517,4,True
Morocco,Morocco,72083600,Hot-rolled flat products,70.69,46328,1,False
Belgium,Belgium,72192290,Stainless steel flat products,70.669,203070,10,False
Unknown / not supplied,Belgium,72193310,Stainless steel flat products,70.614,173791,6,True
Belgium,Germany,72193310,Stainless steel flat products,70.561,239066,14,True
Germany,France,72082700,Hot-rolled flat products,70.556,56576,3,True
Portugal,Portugal,72084000,Hot-rolled flat products,70.53999999999999,53324,3,False
France,Germany,72104900,Coated or plated flat products,70.509,53303,2,True
Poland,Poland,72149110,Other bars and rods,70.402,47910,3,False
Italy,Belgium,72254090,Other alloy flat products,70.383,60885,3,True
Turkey,Turkey,72149931,Other bars and rods,70.30799999999999,43280,7,False
Germany,Italy,72107080,Coated or plated flat products,70.27,98148,3,True
Slovenia,France,72284010,Other alloy bars rods and sections,70.166,209243,13,True
Greece,Greece,72085291,Hot-rolled flat products,70.09,353115,7,False
Turkey,Turkey,72202041,Stainless steel flat products under 600mm,69.67999999999999,169964,12,False
Finland,Sweden,72283069,Other alloy bars rods and sections,69.658,106884,2,True
United Kingdom,Japan,72029100,Ferro-alloys,69.632,259169,1,True
Italy,Germany,72162100,Angles shapes and sections,69.616,72818,13,True
Brazil,Slovenia,72029980,Ferro-alloys,69.604,138343,5,True
Germany,Germany,72099020,Cold-rolled flat products,69.43599999999999,283946,27,False
Germany,France,72285020,Other alloy bars rods and sections,69.424,262106,24,True
Canada,Netherlands,72022100,Ferro-alloys,69.411,72842,3,True
Switzerland,Switzerland,72222011,Stainless steel bars sections and wire,69.36200000000001,396057,17,False
France,France,72155019,Other bars and rods,69.316,81595,15,False
Germany,Germany,72189110,Stainless steel ingots and semi-finished,69.222,418980,7,False
Belgium,Belgium,72142000,Other bars and rods,69.216,47110,3,False
Taiwan,Taiwan,72221111,Stainless steel bars sections and wire,69.166,629286,18,False
Sweden,Germany,72202081,Stainless steel flat products under 600mm,69.162,933695,4,True
Italy,Spain,72202049,Stainless steel flat products under 600mm,69.162,58321,5,True
United States,United States,72221111,Stainless steel bars sections and wire,69.151,1228086,27,False
Spain,Saudi Arabia,72171090,Wire,69.136,51965,2,True
Germany,Austria,72166900,Angles shapes and sections,69.049,91667,3,True
Italy,Germany,72149950,Other bars and rods,68.576,66497,13,True
Germany,Netherlands,72166900,Angles shapes and sections,68.472,172524,8,True
Belgium,Netherlands,72193100,Stainless steel flat products,68.371,136291,13,True
Brazil,France,72222011,Stainless steel bars sections and wire,68.316,661940,11,True
Unknown / not supplied,Ireland,72223051,Stainless steel bars sections and wire,68.3,9152,1,True
China,Norway,72285061,Other alloy bars rods and sections,68.066,134026,5,True
Turkey,Turkey,72149971,Other bars and rods,68.064,47950,6,False
Unknown / not supplied,Finland,72085299,Hot-rolled flat products,68.04,90747,6,True
Bulgaria,Romania,72159000,Other bars and rods,67.964,98806,7,True
France,Germany,72112380,Flat products under 600mm,67.929,66118,4,True
Ireland,Ireland,72179050,Wire,67.923,547264,19,False
South Africa,Netherlands,72202089,Stainless steel flat products under 600mm,67.92,93104,2,True
Unknown / not supplied,Poland,72166110,Angles shapes and sections,67.876,63787,5,True
Austria,Austria,72071912,Semi-finished steel,67.843,107729,12,False
Switzerland,Switzerland,72132000,Hot-rolled bars and rods,67.836,44388,1,False
Italy,France,72172090,Wire,67.818,100800,3,True
Turkey,Italy,72299090,Alloy steel wire,67.776,245874,22,True
India,India,72202021,Stainless steel flat products under 600mm,67.731,249867,1,False
France,Italy,72149110,Other bars and rods,67.723,42726,2,True
Switzerland,Switzerland,72085120,Hot-rolled flat products,67.719,53685,1,False
Switzerland,Switzerland,72224010,Stainless steel bars sections and wire,67.689,398201,19,False
Sweden,Sweden,72254012,Other alloy flat products,67.539,114621,5,False
Lithuania,Lithuania,72072080,Semi-finished steel,67.503,385639,19,False
Sweden,Netherlands,72230091,Stainless steel wire,67.459,2160362,29,True
Finland,France,72193210,Stainless steel flat products,67.447,155820,5,True
Italy,Germany,72223051,Stainless steel bars sections and wire,67.22800000000001,294754,22,True
United States,United States,72284090,Other alloy bars rods and sections,67.188,621547,20,False
Austria,Austria,72283070,Other alloy bars rods and sections,67.188,945418,18,False
Finland,Sweden,72259900,Other alloy flat products,67.156,24406,3,True
Austria,Austria,72166110,Angles shapes and sections,67.139,60729,9,False
Germany,Netherlands,72285020,Other alloy bars rods and sections,67.134,187711,13,True
Unknown / not supplied,Germany,72143000,Other bars and rods,67.091,51735,4,True
Germany,Sweden,72085191,Hot-rolled flat products,67.021,55736,2,True
Italy,Belgium,72111300,Flat products under 600mm,66.884,43347,4,True
China,Sweden,72051000,Granules and powders,66.868,69077,23,True
Germany,Spain,72163190,Angles shapes and sections,66.851,55774,6,True
Taiwan,Taiwan,72283089,Other alloy bars rods and sections,66.801,544659,6,False
Turkey,Netherlands,72165091,Angles shapes and sections,66.693,99402,13,True
France,Belgium,72044990,Ferrous waste and scrap,66.68,384307,3,True
Sweden,Sweden,72249014,Alloy steel ingots and semi-finished,66.62,122474,5,False
Czechia,Czechia,72169180,Angles shapes and sections,66.566,190269,14,False
Unknown / not supplied,France,72162100,Angles shapes and sections,66.517,37138,9,True
Taiwan,Taiwan,72223051,Stainless steel bars sections and wire,66.322,347289,9,False
Spain,France,72149110,Other bars and rods,66.274,226871,10,True
Spain,Netherlands,72163110,Angles shapes and sections,66.214,57852,9,True
Germany,Netherlands,72166110,Angles shapes and sections,66.196,180892,22,True
United States,Belgium,72286080,Other alloy bars rods and sections,66.121,1841585,13,True
Poland,Germany,72163110,Angles shapes and sections,66.02000000000001,60611,14,True
Spain,Netherlands,72107080,Coated or plated flat products,65.94800000000001,348664,19,True
China,Taiwan,72201200,Stainless steel flat products under 600mm,65.941,77494,2,True
France,Belgium,72082500,Hot-rolled flat products,65.729,39043,1,True
Turkey,Turkey,72123000,Coated flat products under 600mm,65.63,70920,9,False
France,Belgium,72085291,Hot-rolled flat products,65.56099999999999,68427,8,True
China,France,72285020,Other alloy bars rods and sections,65.508,218072,20,True
Finland,Sweden,72254090,Other alloy flat products,65.435,79613,6,True
Austria,Netherlands,72085390,Hot-rolled flat products,65.295,179016,9,True
Unknown / not supplied,Belgium,72193210,Stainless steel flat products,65.226,154771,4,True
Spain,Germany,72202081,Stainless steel flat products under 600mm,65.182,294249,20,True
Spain,Netherlands,72202049,Stainless steel flat products under 600mm,65.17099999999999,71036,12,True
Unknown / not supplied,Ireland,72072032,Semi-finished steel,65.13,184815,24,True
India,Italy,72222029,Stainless steel bars sections and wire,65.107,222776,11,True
Vietnam,China,72202041,Stainless steel flat products under 600mm,65.058,109485,1,True
Thailand,Thailand,72022910,Ferro-alloys,65.0,84336,3,False
Belgium,Netherlands,72027000,Ferro-alloys,64.946,1748186,12,True
Taiwan,Belgium,72121010,Coated flat products under 600mm,64.925,101511,4,True
Vietnam,South Korea,72107080,Coated or plated flat products,64.878,48888,1,True
China,Belgium,72283069,Other alloy bars rods and sections,64.863,63988,5,True
China,Switzerland,72193390,Stainless steel flat products,64.668,73434,1,True
France,Netherlands,72163211,Angles shapes and sections,64.657,57195,14,True
Sweden,Sweden,72224050,Stainless steel bars sections and wire,64.652,437504,27,False
Italy,Italy,72071290,Semi-finished steel,64.6,91221,4,False
China,Netherlands,72171090,Wire,64.295,76382,3,True
Taiwan,China,72193410,Stainless steel flat products,64.265,146381,1,True
United States,United States,72193490,Stainless steel flat products,64.258,200015,8,False
Finland,Germany,72254040,Other alloy flat products,64.231,84454,13,True
India,India,72112330,Flat products under 600mm,64.133,59510,3,False
Ireland,Ireland,72042900,Ferrous waste and scrap,63.909,41663,4,False
China,Taiwan,72202049,Stainless steel flat products under 600mm,63.894,89705,2,True
Italy,Belgium,72202041,Stainless steel flat products under 600mm,63.884,135354,18,True
Italy,Netherlands,72283070,Other alloy bars rods and sections,63.656,44772,2,True
Italy,Netherlands,72085299,Hot-rolled flat products,63.643,60212,7,True
Italy,Italy,72192300,Stainless steel flat products,63.556,138979,4,False
Netherlands,Germany,72085299,Hot-rolled flat products,63.487,81481,10,True
South Korea,South Korea,72259100,Other alloy flat products,63.4,47029,1,False
Czechia,Czechia,72101220,Coated or plated flat products,63.33,90339,4,False
India,China,72230019,Stainless steel wire,63.32,63819,3,True
France,France,72042190,Ferrous waste and scrap,63.311,73447,4,False
France,France,72210090,Stainless steel bars and rods,63.245,167949,10,False
Unknown / not supplied,Belgium,72149971,Other bars and rods,63.117999999999995,53039,3,True
Germany,Netherlands,72254090,Other alloy flat products,63.11,82792,6,True
Sweden,Sweden,72284090,Other alloy bars rods and sections,63.00699999999999,140318,5,False
Indonesia,Mexico,72193310,Stainless steel flat products,63.0,97875,1,True
United States,United States,72269930,Other alloy flat products under 600mm,62.931,421748,7,False
Sweden,Sweden,72061000,Ingots and primary forms,62.727,184795,3,False
Spain,Spain,72189920,Stainless steel ingots and semi-finished,62.682,455870,6,False
Austria,Austria,72083700,Hot-rolled flat products,62.68,39109,1,False
China,China,72155080,Other bars and rods,62.658,63015,9,False
Romania,Germany,72159000,Other bars and rods,62.588,131872,18,True
Italy,France,72283061,Other alloy bars rods and sections,62.557,102292,5,True
France,Italy,72162100,Angles shapes and sections,62.499,40704,6,True
Italy,Germany,72166190,Angles shapes and sections,62.468,389965,29,True
Switzerland,Germany,72224010,Stainless steel bars sections and wire,62.399,329746,29,True
Belgium,Germany,72202021,Stainless steel flat products under 600mm,62.387,232097,19,True
Austria,Austria,72222089,Stainless steel bars sections and wire,62.356,335298,25,False
France,Poland,72230019,Stainless steel wire,62.272999999999996,285118,6,True
China,Japan,72171090,Wire,62.260000000000005,123701,13,True
United States,United States,72222039,Stainless steel bars sections and wire,62.253,2072941,28,False
China,Turkey,72192300,Stainless steel flat products,62.226,103048,4,True
Taiwan,Taiwan,72091500,Cold-rolled flat products,62.095,37530,1,False
Italy,Germany,72159000,Other bars and rods,62.046,123940,17,True
Brazil,China,72029300,Ferro-alloys,62.0,1419167,3,True
Italy,Italy,72224090,Stainless steel bars sections and wire,61.929,880904,29,False
South Korea,France,72230019,Stainless steel wire,61.92699999999999,471810,19,True
Romania,Italy,72155080,Other bars and rods,61.923,205663,24,True
Germany,Belgium,72166110,Angles shapes and sections,61.911,108325,23,True
China,China,72224010,Stainless steel bars sections and wire,61.799,180192,19,False
Italy,Belgium,72283070,Other alloy bars rods and sections,61.797000000000004,46278,9,True
Sweden,Netherlands,72283069,Other alloy bars rods and sections,61.730000000000004,69560,11,True
China,Hong Kong,72281090,Other alloy bars rods and sections,61.533,506264,2,True
Ukraine,Bulgaria,72285061,Other alloy bars rods and sections,61.522999999999996,112848,3,True
Poland,Netherlands,72163291,Angles shapes and sections,61.466,50565,12,True
Sweden,Finland,72193390,Stainless steel flat products,61.397,179676,11,True
Belgium,France,72141000,Other bars and rods,61.375,60728,3,True
Italy,Italy,72254040,Other alloy flat products,61.364,66689,5,False
Unknown / not supplied,Italy,72071114,Semi-finished steel,61.313,40327,1,True
Taiwan,Germany,72092690,Cold-rolled flat products,61.303,53180,1,True
Finland,Germany,72254060,Other alloy flat products,61.242,79749,8,True
Poland,Belgium,72107080,Coated or plated flat products,61.22,74952,5,True
France,Belgium,72149979,Other bars and rods,61.2,47542,3,True
Netherlands,Netherlands,72163190,Angles shapes and sections,61.133,49594,10,False
Belgium,Belgium,72254090,Other alloy flat products,61.072,78853,5,False
Spain,Belgium,72179020,Wire,61.043,82092,4,True
India,Netherlands,72021180,Ferro-alloys,61.010999999999996,51936,2,True
Luxembourg,Belgium,72222081,Stainless steel bars sections and wire,60.949999999999996,145024,3,True
United Kingdom,Germany,72151000,Other bars and rods,60.716,59542,7,True
Unknown / not supplied,Ireland,72149979,Other bars and rods,60.656,45338,10,True
Germany,Germany,72101100,Coated or plated flat products,60.636,80311,5,False
Germany,France,72222031,Stainless steel bars sections and wire,60.58,745064,10,True
Germany,Netherlands,72222029,Stainless steel bars sections and wire,60.505,189759,4,True
Spain,Spain,72082600,Hot-rolled flat products,60.49,46102,1,False
Unknown / not supplied,Ireland,72071912,Semi-finished steel,60.431,56035,28,True
Netherlands,Belgium,72259200,Other alloy flat products,60.364000000000004,60317,3,True
Singapore,China,72193210,Stainless steel flat products,60.29,110233,1,True
Ukraine,Poland,72285061,Other alloy bars rods and sections,60.272,123685,3,True
Italy,Italy,72223097,Stainless steel bars sections and wire,60.221,1165352,27,False
Turkey,India,72193390,Stainless steel flat products,60.148,69573,1,True
Finland,Turkey,72202041,Stainless steel flat products under 600mm,60.071999999999996,189526,2,True
Netherlands,France,72029300,Ferro-alloys,60.0,1432795,3,True
Malaysia,Malaysia,72202081,Stainless steel flat products under 600mm,59.95,387708,15,False
Poland,Germany,72139910,Hot-rolled bars and rods,59.798,25116,2,True
Germany,Norway,72222019,Stainless steel bars sections and wire,59.755,207445,14,True
Germany,Czechia,72285061,Other alloy bars rods and sections,59.61,75957,2,True
China,China,72025000,Ferro-alloys,59.606,84621,7,False
China,China,72259900,Other alloy flat products,59.407,92483,7,False
Finland,Germany,72191310,Stainless steel flat products,59.39,155589,4,True
Czechia,Poland,72283049,Other alloy bars rods and sections,59.388,61590,5,True
Germany,Austria,72166110,Angles shapes and sections,59.319,113079,5,True
Slovakia,Austria,72169110,Angles shapes and sections,59.318,75702,3,True
China,Netherlands,72193390,Stainless steel flat products,59.314,59076,2,True
Netherlands,Netherlands,72139110,Hot-rolled bars and rods,59.293,38787,2,False
Brazil,Belgium,72202041,Stainless steel flat products under 600mm,59.274,125557,13,True
China,Netherlands,72292000,Alloy steel wire,59.049,36371,4,True
Unknown / not supplied,Germany,72163310,Angles shapes and sections,59.042,44884,2,True
Netherlands,Netherlands,72193310,Stainless steel flat products,59.039,122248,8,False
Germany,Belgium,72254040,Other alloy flat products,59.028,94051,4,True
Germany,Netherlands,72222019,Stainless steel bars sections and wire,59.01,165792,6,True
Slovenia,Slovenia,72222029,Stainless steel bars sections and wire,59.004999999999995,250993,11,False
China,China,72249005,Alloy steel ingots and semi-finished,58.815,198820,4,False
Netherlands,Netherlands,72285020,Other alloy bars rods and sections,58.796,406677,5,False
Unknown / not supplied,Ireland,72283069,Other alloy bars rods and sections,58.668,46519,6,True
Netherlands,Netherlands,72221119,Stainless steel bars sections and wire,58.666000000000004,232696,11,False
Netherlands,Czechia,72104900,Coated or plated flat products,58.612,65105,1,True
China,Netherlands,72172050,Wire,58.39,88141,9,True
Belgium,Netherlands,72085198,Hot-rolled flat products,58.205,47812,4,True
Poland,Poland,72223097,Stainless steel bars sections and wire,58.150000000000006,397150,8,False
Netherlands,Netherlands,72202049,Stainless steel flat products under 600mm,58.076,85010,14,False
Finland,Germany,72085291,Hot-rolled flat products,57.933,64067,5,True
Germany,Germany,72210010,Stainless steel bars and rods,57.852000000000004,250620,7,False
United States,United States,72241090,Alloy steel ingots and semi-finished,57.69,711232,7,False
Denmark,France,72072052,Semi-finished steel,57.591,69121,9,True
Netherlands,Netherlands,72191290,Stainless steel flat products,57.519,131952,1,False
Spain,Portugal,72163310,Angles shapes and sections,57.448,37080,1,True
China,China,72085291,Hot-rolled flat products,57.407,36821,4,False
Portugal,Portugal,72122000,Coated flat products under 600mm,57.394999999999996,122098,3,False
France,France,72193410,Stainless steel flat products,57.358,283213,18,False
China,Belgium,72124020,Coated flat products under 600mm,57.31,108930,10,True
Japan,Japan,72072059,Semi-finished steel,57.236000000000004,656955,21,False
Czechia,Italy,72172030,Wire,57.199999999999996,98803,6,True
Spain,Spain,72222019,Stainless steel bars sections and wire,57.033,159465,5,False
Hungary,Hungary,72149939,Other bars and rods,56.954,38970,4,False
Finland,Turkey,72193310,Stainless steel flat products,56.915,163080,6,True
Germany,Germany,72149979,Other bars and rods,56.902,47340,6,False
Netherlands,Netherlands,72222029,Stainless steel bars sections and wire,56.9,368670,7,False
Japan,Japan,72106900,Coated or plated flat products,56.86,43619,1,False
France,France,72149979,Other bars and rods,56.83,39497,3,False
Sweden,Italy,72193310,Stainless steel flat products,56.802,353093,18,True
Germany,Germany,72052100,Granules and powders,56.673,199343,18,False
Ukraine,Bulgaria,72222021,Stainless steel bars sections and wire,56.646,169121,4,True
Netherlands,Belgium,72123000,Coated flat products under 600mm,56.641999999999996,27223,4,True
France,France,72249014,Alloy steel ingots and semi-finished,56.458000000000006,997105,6,False
Sweden,Norway,72192210,Stainless steel flat products,56.303000000000004,229762,6,True
Poland,Poland,72071980,Semi-finished steel,56.198,639944,16,False
Taiwan,South Korea,72107080,Coated or plated flat products,56.19,50178,1,True
Germany,Germany,72283070,Other alloy bars rods and sections,56.185,172347,12,False
South Africa,Belgium,72083700,Hot-rolled flat products,56.06,29418,2,True
Italy,Italy,72179050,Wire,55.986000000000004,68407,3,False
India,India,72281090,Other alloy bars rods and sections,55.908,99967,4,False
Sweden,Sweden,72166190,Angles shapes and sections,55.897999999999996,227431,21,False
Germany,Netherlands,72222011,Stainless steel bars sections and wire,55.873,352251,17,True
South Korea,South Korea,72082600,Hot-rolled flat products,55.75,24715,1,False
Spain,Netherlands,72193390,Stainless steel flat products,55.736999999999995,84025,3,True
Italy,Italy,72111400,Flat products under 600mm,55.691,111526,8,False
South Korea,Belgium,72149979,Other bars and rods,55.687,45254,7,True
Belgium,Netherlands,72193390,Stainless steel flat products,55.662,87778,9,True
United Kingdom,Netherlands,72163110,Angles shapes and sections,55.651999999999994,42304,3,True
Portugal,Netherlands,72169110,Angles shapes and sections,55.552,60444,1,True
China,Belgium,72193490,Stainless steel flat products,55.512,102589,3,True
Poland,Netherlands,72111400,Flat products under 600mm,55.451,78391,14,True
Ireland,Ireland,72104100,Coated or plated flat products,55.423,120809,12,False
South Korea,Czechia,72230019,Stainless steel wire,55.422,296674,8,True
Finland,Italy,72255080,Other alloy flat products,55.266,75438,1,True
South Korea,Netherlands,72163110,Angles shapes and sections,55.061,44259,4,True
South Korea,United States,72106900,Coated or plated flat products,55.05,120462,1,True
Pakistan,AF,72042110,Ferrous waste and scrap,55.025,68763,1,True
Taiwan,Taiwan,72192110,Stainless steel flat products,54.988,118199,8,False
Austria,Austria,72249090,Alloy steel ingots and semi-finished,54.928,1437614,14,False
Italy,Netherlands,72085291,Hot-rolled flat products,54.787,67757,11,True
Italy,Netherlands,72111300,Flat products under 600mm,54.775,35526,3,True
Germany,Austria,72091790,Cold-rolled flat products,54.76,46915,1,True
Spain,France,72192300,Stainless steel flat products,54.737,144003,7,True
Netherlands,Netherlands,72024990,Ferro-alloys,54.729,165228,3,False
Spain,France,72085120,Hot-rolled flat products,54.72,44686,3,True
Greece,Greece,72224090,Stainless steel bars sections and wire,54.711,129444,1,False
Turkey,India,72155019,Other bars and rods,54.663,31431,1,True
United States,Taiwan,72285080,Other alloy bars rods and sections,54.602000000000004,511061,2,True
United Kingdom,Norway,72042900,Ferrous waste and scrap,54.6,32517,1,True
Austria,Netherlands,72254090,Other alloy flat products,54.56,255395,8,True
Slovakia,Slovakia,72071114,Semi-finished steel,54.501,114609,2,False
France,Ireland,72149110,Other bars and rods,54.379999999999995,32299,2,True
Sweden,Germany,72149939,Other bars and rods,54.379,44590,1,True
Finland,Germany,72191210,Stainless steel flat products,54.370000000000005,112998,4,True
Germany,France,72166900,Angles shapes and sections,54.361000000000004,144890,7,True
Belgium,Netherlands,72166900,Angles shapes and sections,54.26,48814,1,True
Italy,Belgium,72085198,Hot-rolled flat products,54.18,43673,1,True
United States,United States,72241010,Alloy steel ingots and semi-finished,54.135999999999996,250645,9,False
South Korea,South Korea,72209080,Stainless steel flat products under 600mm,54.121,299984,14,False
Germany,France,72072052,Semi-finished steel,54.113,27443,3,True
Romania,Belgium,72202081,Stainless steel flat products under 600mm,54.087999999999994,114749,7,True
China,India,72021180,Ferro-alloys,54.08,39204,1,True
Ukraine,Bulgaria,72222011,Stainless steel bars sections and wire,54.05,165668,1,True
Austria,Germany,72083800,Hot-rolled flat products,54.03,33800,1,True
Czechia,Slovakia,72172030,Wire,54.027,52499,1,True
Germany,Germany,72202029,Stainless steel flat products under 600mm,54.017,115965,24,False
Spain,Spain,72269199,Other alloy flat products under 600mm,54.015,62546,4,False
ZM,Belgium,72023000,Ferro-alloys,54.0,47850,1,True
Kazakhstan,Lithuania,72024950,Ferro-alloys,54.0,130208,1,True
Iceland,Netherlands,72022100,Ferro-alloys,54.0,61267,3,True
Hong Kong,Hong Kong,72022100,Ferro-alloys,54.0,45156,1,False
China,Thailand,72051000,Granules and powders,54.0,29553,2,True
Kazakhstan,Netherlands,72024950,Ferro-alloys,54.0,153496,1,True
Indonesia,United Arab Emirates,72024110,Ferro-alloys,53.993,54127,1,True
Sweden,Italy,72149110,Other bars and rods,53.900000000000006,34816,2,True
France,France,72179050,Wire,53.748,182195,20,False
Czechia,Czechia,72139990,Hot-rolled bars and rods,53.673,42187,9,False
Italy,Czechia,72299090,Alloy steel wire,53.512,153353,19,True
Germany,Netherlands,72171090,Wire,53.485,107546,8,True
Austria,Austria,72199080,Stainless steel flat products,53.481,302313,7,False
Hungary,Italy,72169110,Angles shapes and sections,53.458,106815,2,True
Italy,Germany,72149110,Other bars and rods,53.26,54847,13,True
Spain,United States,72283061,Other alloy bars rods and sections,53.236,95237,8,True
Netherlands,Netherlands,72099020,Cold-rolled flat products,53.156,110081,22,False
Italy,Italy,72254012,Other alloy flat products,53.139,96580,16,False
Slovenia,Slovenia,72223051,Stainless steel bars sections and wire,53.102,420626,6,False
South Korea,Netherlands,72027000,Ferro-alloys,52.999,1242643,9,True
Netherlands,Germany,72165091,Angles shapes and sections,52.995,69031,2,True
South Korea,South Korea,72109080,Coated or plated flat products,52.89,39907,2,False
India,India,72155080,Other bars and rods,52.879,44187,2,False
Spain,France,72221111,Stainless steel bars sections and wire,52.827,149205,10,True
Austria,Germany,72085291,Hot-rolled flat products,52.815,60774,5,True
Italy,France,72155019,Other bars and rods,52.78,59035,5,True
India,India,72222081,Stainless steel bars sections and wire,52.751999999999995,185429,16,False
Netherlands,Germany,72141000,Other bars and rods,52.728,98562,10,True
Unknown / not supplied,France,72149950,Other bars and rods,52.702,29202,6,True
Sweden,Spain,72202041,Stainless steel flat products under 600mm,52.56,231507,2,True
Unknown / not supplied,Italy,72285069,Other alloy bars rods and sections,52.550000000000004,80433,4,True
France,Belgium,72192300,Stainless steel flat products,52.540000000000006,125508,4,True
Spain,Spain,72249038,Alloy steel ingots and semi-finished,52.528,250780,3,False
South Korea,Netherlands,72230019,Stainless steel wire,52.493,307093,22,True
Belgium,France,72171090,Wire,52.475,108923,1,True
Taiwan,Switzerland,72230099,Stainless steel wire,52.459,205775,19,True
Portugal,Portugal,72172090,Wire,52.385,50039,2,False
China,China,72052900,Granules and powders,52.341,731553,23,False
Unknown / not supplied,Netherlands,72149971,Other bars and rods,52.285,42309,3,True
Sweden,Italy,72192110,Stainless steel flat products,52.199999999999996,495847,21,True
Poland,Netherlands,72254060,Other alloy flat products,52.166,54736,5,True
Indonesia,Switzerland,72085291,Hot-rolled flat products,52.152,39133,1,True
Indonesia,Belgium,72085191,Hot-rolled flat products,52.128,33217,3,True
Poland,Poland,72123000,Coated flat products under 600mm,52.081,78833,7,False
Hong Kong,China,72051000,Granules and powders,52.0,24975,1,True
France,CY,72172090,Wire,52.0,7800,1,True
Germany,Netherlands,72151000,Other bars and rods,51.964,32558,3,True
Unknown / not supplied,Portugal,72085390,Hot-rolled flat products,51.951,40315,2,True
Brazil,Netherlands,72011019,Pig iron,51.94,27441,2,True
France,Netherlands,72202049,Stainless steel flat products under 600mm,51.931,44838,7,True
India,India,72209080,Stainless steel flat products under 600mm,51.845,202988,11,False
Azerbaijan,Azerbaijan,72149939,Other bars and rods,51.725,25937,2,False
France,France,72125061,Coated flat products under 600mm,51.709,140558,4,False
China,Taiwan,72191490,Stainless steel flat products,51.669,47547,2,True
Taiwan,China,72230019,Stainless steel wire,51.604,109879,2,True
Italy,Netherlands,72163390,Angles shapes and sections,51.577,43948,12,True
France,France,72149971,Other bars and rods,51.567,170582,4,False
North Macedonia,France,72085299,Hot-rolled flat products,51.543,88199,1,True
Turkey,Egypt,72179090,Wire,51.505,30368,2,True
Turkey,Germany,72172030,Wire,51.409000000000006,56595,3,True
Spain,China,72171039,Wire,51.396,39705,1,True
Netherlands,Netherlands,72072017,Semi-finished steel,51.396,110755,21,False
China,China,72031000,Direct reduced iron,51.381,69276,10,False
Slovakia,Czechia,72172030,Wire,51.348,52330,2,True
United Kingdom,Vietnam,72202041,Stainless steel flat products under 600mm,51.308,95835,1,True
Netherlands,Hungary,72107080,Coated or plated flat products,51.23,70337,3,True
Thailand,Thailand,72179090,Wire,51.17,165059,11,False
Netherlands,France,72172030,Wire,51.111,44010,4,True
Taiwan,Romania,72230019,Stainless steel wire,51.063,304566,25,True
Norway,Norway,72044990,Ferrous waste and scrap,51.06,20645,1,False
United States,France,72193510,Stainless steel flat products,50.957,36126,5,True
Finland,Finland,72251910,Other alloy flat products,50.903,181877,23,False
Netherlands,Sweden,72091690,Cold-rolled flat products,50.89,50550,1,True
Spain,Bulgaria,72171039,Wire,50.879999999999995,37007,2,True
Spain,Spain,72283049,Other alloy bars rods and sections,50.845,88411,4,False
Unknown / not supplied,Netherlands,72083600,Hot-rolled flat products,50.796,78416,3,True
Italy,Germany,72165091,Angles shapes and sections,50.78,54975,1,True
Spain,Spain,72083700,Hot-rolled flat products,50.731,99344,9,False
China,Belgium,72171090,Wire,50.646,199270,15,True
Italy,France,72155080,Other bars and rods,50.644000000000005,45597,8,True
Vietnam,Vietnam,72202089,Stainless steel flat products under 600mm,50.547,71663,1,False
Poland,Poland,72072015,Semi-finished steel,50.45,38025,3,False
Germany,Austria,72171090,Wire,50.438,110766,2,True
Czechia,Czechia,72041000,Ferrous waste and scrap,50.409,45600,5,False
Czechia,France,72172030,Wire,50.4,116997,3,True
Hong Kong,Hong Kong,72191310,Stainless steel flat products,50.388,125448,1,False
Hong Kong,China,72202041,Stainless steel flat products under 600mm,50.346,159683,1,True
Spain,Spain,72072032,Semi-finished steel,50.329,58933,12,False
Finland,Sweden,72085198,Hot-rolled flat products,50.29,41728,3,True
Latvia,France,72029100,Ferro-alloys,50.25,156839,4,True
Bulgaria,Netherlands,72286080,Other alloy bars rods and sections,50.218999999999994,74674,4,True
Sweden,Denmark,72192110,Stainless steel flat products,50.14,222466,8,True
Hong Kong,Israel,72042110,Ferrous waste and scrap,50.139,67928,1,True
France,Netherlands,72085400,Hot-rolled flat products,50.138,41615,4,True
Sweden,Turkey,72192290,Stainless steel flat products,50.129000000000005,100168,2,True
Netherlands,Netherlands,72193410,Stainless steel flat products,50.125,135893,9,False
Poland,Poland,72139141,Hot-rolled bars and rods,50.092,92151,6,False
Italy,Germany,72164010,Angles shapes and sections,50.07,54313,14,True
China,China,72191100,Stainless steel flat products,50.041,326161,9,False
South Africa,Netherlands,72024910,Ferro-alloys,50.0,121666,1,True
South Africa,Netherlands,72021900,Ferro-alloys,50.0,82062,2,True
Malaysia,Netherlands,72023000,Ferro-alloys,50.0,62221,1,True
Brazil,China,72024950,Ferro-alloys,50.0,81163,1,True
India,Hong Kong,72029100,Ferro-alloys,50.0,179229,1,True
Turkey,Estonia,72024910,Ferro-alloys,50.0,162128,1,True
India,South Africa,72024950,Ferro-alloys,50.0,169610,1,True
India,India,72029930,Ferro-alloys,50.0,72994,1,False
Oman,Netherlands,72024190,Ferro-alloys,50.0,68561,2,True
Estonia,Estonia,72024990,Ferro-alloys,50.0,174692,1,False
South Africa,France,72022990,Ferro-alloys,50.0,51538,1,True
ZM,France,72023000,Ferro-alloys,50.0,65602,1,True
Italy,Netherlands,72163291,Angles shapes and sections,49.998,42024,4,True
South Africa,South Africa,72021900,Ferro-alloys,49.98,54450,1,False
China,China,72199020,Stainless steel flat products,49.978,373391,23,False
Vietnam,Switzerland,72193210,Stainless steel flat products,49.939,86145,1,True
Sweden,Germany,72202041,Stainless steel flat products under 600mm,49.935,311985,2,True
United States,United States,72202081,Stainless steel flat products under 600mm,49.845,1344968,29,False
Belgium,France,72169110,Angles shapes and sections,49.842,114561,2,True
India,Estonia,72024990,Ferro-alloys,49.805,149515,1,True
Netherlands,France,72085400,Hot-rolled flat products,49.789,46232,7,True
France,Netherlands,72254060,Other alloy flat products,49.766,56270,5,True
Czechia,Czechia,72285020,Other alloy bars rods and sections,49.75,142180,17,False
India,Belgium,72024110,Ferro-alloys,49.7,60345,1,True
Sweden,Denmark,72193310,Stainless steel flat products,49.663,185266,9,True
Belgium,Italy,72193310,Stainless steel flat products,49.63,200239,16,True
Italy,Netherlands,72112900,Flat products under 600mm,49.625,68164,3,True
Spain,Italy,72111300,Flat products under 600mm,49.623,31865,1,True
Albania,Albania,72172030,Wire,49.614000000000004,46764,2,False
Vietnam,Vietnam,72092790,Cold-rolled flat products,49.6,90462,1,False
South Korea,Germany,72125069,Coated flat products under 600mm,49.571,83331,11,True
Kazakhstan,Netherlands,72026000,Ferro-alloys,49.566,197865,1,True
France,Netherlands,72124080,Coated flat products under 600mm,49.516999999999996,93027,2,True
Austria,Austria,72085299,Hot-rolled flat products,49.501000000000005,38710,3,False
Finland,Germany,72202021,Stainless steel flat products under 600mm,49.5,184986,15,True
China,India,72141000,Other bars and rods,49.465,150352,2,True
China,Taiwan,72193490,Stainless steel flat products,49.465,53095,2,True
Czechia,Czechia,72149979,Other bars and rods,49.459,36982,6,False
Taiwan,Netherlands,72286080,Other alloy bars rods and sections,49.394,76129,4,True
India,Germany,72159000,Other bars and rods,49.349999999999994,121689,2,True
Netherlands,Netherlands,72189980,Stainless steel ingots and semi-finished,49.312000000000005,843366,6,False
Italy,Germany,72285020,Other alloy bars rods and sections,49.286,136285,7,True
Spain,Spain,72121090,Coated flat products under 600mm,49.28,138148,5,False
Indonesia,Taiwan,72192210,Stainless steel flat products,49.271,63588,1,True
Luxembourg,France,72163390,Angles shapes and sections,49.26,40800,1,True
Turkey,Turkey,72285080,Other alloy bars rods and sections,49.228,59067,4,False
Kazakhstan,Netherlands,72029910,Ferro-alloys,49.161,22649,2,True
Italy,Italy,72288000,Other alloy bars rods and sections,49.136,97879,6,False
Germany,France,72085198,Hot-rolled flat products,49.092,49840,2,True
United States,United States,72224010,Stainless steel bars sections and wire,49.064,1087725,21,False
South Korea,Belgium,72283020,Other alloy bars rods and sections,49.021,41966,4,True
Germany,Estonia,72024990,Ferro-alloys,49.01,402765,1,True
Vietnam,Ireland,72123000,Coated flat products under 600mm,48.926,34491,1,True
Japan,China,72284010,Other alloy bars rods and sections,48.865,56958,1,True
Unknown / not supplied,Belgium,72254060,Other alloy flat products,48.861000000000004,61382,5,True
Israel,Israel,72044110,Ferrous waste and scrap,48.83,101065,1,False
China,Taiwan,72193410,Stainless steel flat products,48.724,69066,4,True
Estonia,Estonia,72029980,Ferro-alloys,48.72,345587,5,False
China,China,72281020,Other alloy bars rods and sections,48.716,9621,2,False
Netherlands,Germany,72179020,Wire,48.713,49008,1,True
Sweden,Netherlands,72149110,Other bars and rods,48.647999999999996,42470,2,True
France,Netherlands,72085198,Hot-rolled flat products,48.632000000000005,56416,7,True
Canada,Japan,72051000,Granules and powders,48.6,43020,2,True
Japan,Malaysia,72202081,Stainless steel flat products under 600mm,48.556,362222,17,True
Ireland,Ireland,72123000,Coated flat products under 600mm,48.546,27156,11,False
India,India,72166900,Angles shapes and sections,48.54,39580,2,False
Poland,Spain,72163110,Angles shapes and sections,48.484,34196,5,True
Hong Kong,Hong Kong,72193490,Stainless steel flat products,48.455,60086,3,False
Denmark,Netherlands,72169180,Angles shapes and sections,48.376999999999995,82118,3,True
Finland,Turkey,72192290,Stainless steel flat products,48.358000000000004,154438,2,True
France,Germany,72071210,Semi-finished steel,48.354,41247,2,True
Germany,Germany,72012000,Pig iron,48.334,44516,3,False
Germany,Austria,72085120,Hot-rolled flat products,48.316,48549,5,True
Germany,Netherlands,72132000,Hot-rolled bars and rods,48.216,41477,1,True
Poland,Poland,72287010,Other alloy bars rods and sections,48.164,41353,2,False
Turkey,Turkey,72279010,Alloy bars and rods hot-rolled,48.16,28943,1,False
Spain,Portugal,72249007,Alloy steel ingots and semi-finished,48.134,75747,1,True
Germany,Netherlands,72143000,Other bars and rods,48.055,43825,2,True
Taiwan,Italy,72253090,Other alloy flat products,48.019000000000005,49588,4,True
France,France,72089020,Hot-rolled flat products,48.005,145533,27,False
South Africa,France,72021900,Ferro-alloys,48.0,65993,2,True
Slovakia,Germany,72071912,Semi-finished steel,48.0,41088,1,True
Slovakia,Belgium,72071912,Semi-finished steel,48.0,41476,1,True
United Kingdom,Ireland,72149110,Other bars and rods,47.988,44355,2,True
Italy,Germany,72193410,Stainless steel flat products,47.976,169874,14,True
Czechia,Netherlands,72149110,Other bars and rods,47.964,39722,11,True
Germany,France,72107010,Coated or plated flat products,47.962,197115,5,True
Netherlands,Netherlands,72109030,Coated or plated flat products,47.949,551338,15,False
Indonesia,Malaysia,72192210,Stainless steel flat products,47.948,94978,4,True
Germany,Germany,72224090,Stainless steel bars sections and wire,47.944,595519,29,False
Belgium,Belgium,72192400,Stainless steel flat products,47.93,107975,7,False
Japan,Japan,72052100,Granules and powders,47.928,1310730,17,False
Denmark,Denmark,72193310,Stainless steel flat products,47.921,406558,24,False
Netherlands,Netherlands,72091891,Cold-rolled flat products,47.917,31489,1,False
Germany,Portugal,72222021,Stainless steel bars sections and wire,47.894,354807,5,True
China,Malaysia,72193100,Stainless steel flat products,47.854,97210,1,True
Czechia,France,72143000,Other bars and rods,47.8,42684,5,True
Germany,Netherlands,72279095,Alloy bars and rods hot-rolled,47.782000000000004,65700,5,True
Germany,Italy,72155011,Other bars and rods,47.733999999999995,43000,2,True
Philippines,Belgium,72121010,Coated flat products under 600mm,47.723,80383,2,True
Sweden,Sweden,72283049,Other alloy bars rods and sections,47.715,86453,6,False
Bulgaria,Netherlands,72172030,Wire,47.703,40070,1,True
India,Netherlands,72024910,Ferro-alloys,47.65,137792,1,True
Germany,Netherlands,72261100,Other alloy flat products under 600mm,47.626,103567,7,True
United States,United States,72125030,Coated flat products under 600mm,47.609,322450,11,False
China,Germany,72283061,Other alloy bars rods and sections,47.593,64797,8,True
Sweden,Germany,72254060,Other alloy flat products,47.549,316293,13,True
Spain,France,72172030,Wire,47.504,46631,1,True
Spain,France,72193210,Stainless steel flat products,47.467,136669,6,True
Unknown / not supplied,Ireland,72051000,Granules and powders,47.433,54691,18,True
India,Italy,72222031,Stainless steel bars sections and wire,47.409,243144,20,True
Germany,Germany,72222081,Stainless steel bars sections and wire,47.364,318913,20,False
Poland,Germany,72139141,Hot-rolled bars and rods,47.333000000000006,19728,2,True
Austria,France,72085120,Hot-rolled flat products,47.305,47492,5,True
United States,United States,72193210,Stainless steel flat products,47.299,435781,26,False
Poland,Italy,72254090,Other alloy flat products,47.259,50806,1,True
China,Germany,72254012,Other alloy flat products,47.236,123533,17,True
Germany,Netherlands,72011019,Pig iron,47.22,25410,2,True
China,Belgium,72121010,Coated flat products under 600mm,47.209,72452,4,True
China,Netherlands,72172090,Wire,47.203,60655,4,True
Italy,Germany,72173041,Wire,47.197,71264,5,True
Austria,France,72085191,Hot-rolled flat products,47.144,56992,1,True
Belgium,Netherlands,72089080,Hot-rolled flat products,47.138,164705,29,True
Ukraine,Switzerland,72222011,Stainless steel bars sections and wire,47.096000000000004,176652,3,True
Netherlands,Belgium,72042190,Ferrous waste and scrap,47.06,16675,1,True
Austria,Austria,72085291,Hot-rolled flat products,47.052,49421,2,False
Turkey,Turkey,72085210,Hot-rolled flat products,47.04,32151,2,False
India,Switzerland,72224010,Stainless steel bars sections and wire,47.039,273650,9,True
Netherlands,United States,72202029,Stainless steel flat products under 600mm,46.978,45599,2,True
France,France,72091891,Cold-rolled flat products,46.96,29920,2,False
Germany,Belgium,72112900,Flat products under 600mm,46.924,63375,1,True
Denmark,Denmark,72193410,Stainless steel flat products,46.916,375536,29,False
Germany,France,72163110,Angles shapes and sections,46.879,65424,14,True
Spain,France,72192290,Stainless steel flat products,46.792,104322,2,True
Brazil,Italy,72261100,Other alloy flat products under 600mm,46.769,81107,2,True
Bulgaria,Bulgaria,72085299,Hot-rolled flat products,46.662,35024,1,False
Spain,Netherlands,72173041,Wire,46.596000000000004,120466,2,True
Finland,Finland,72085191,Hot-rolled flat products,46.571999999999996,39354,2,False
Spain,Spain,72141000,Other bars and rods,46.551,74771,5,False
Sweden,Netherlands,72287010,Other alloy bars rods and sections,46.513,39415,1,True
United States,Canada,72241090,Alloy steel ingots and semi-finished,46.495000000000005,444594,2,True
Sweden,Sweden,72202089,Stainless steel flat products under 600mm,46.480000000000004,1040654,24,False
Taiwan,China,72192210,Stainless steel flat products,46.478,73197,2,True
Slovakia,Sierra Leone,72172090,Wire,46.451,60269,1,True
Unknown / not supplied,France,72163211,Angles shapes and sections,46.447,33379,2,True
Germany,Germany,72254012,Other alloy flat products,46.402,272793,29,False
Sweden,Sweden,72285061,Other alloy bars rods and sections,46.370000000000005,71628,3,False
Malaysia,Malaysia,72193510,Stainless steel flat products,46.369,365046,6,False
United Kingdom,Italy,72285069,Other alloy bars rods and sections,46.34,51767,2,True
United Kingdom,Germany,72112330,Flat products under 600mm,46.311,56380,10,True
Italy,Italy,72191410,Stainless steel flat products,46.297,137742,4,False
Canada,Netherlands,72022990,Ferro-alloys,46.274,49080,2,True
Taiwan,Taiwan,72223097,Stainless steel bars sections and wire,46.227999999999994,175986,7,False
Spain,Netherlands,72171039,Wire,46.209,69928,6,True
Mexico,Mexico,72202041,Stainless steel flat products under 600mm,46.202,246972,7,False
Turkey,Turkey,72283089,Other alloy bars rods and sections,46.193,93523,7,False
Germany,France,72284010,Other alloy bars rods and sections,46.15,215130,11,True
Spain,Spain,72163299,Angles shapes and sections,46.136,30450,1,False
Austria,Austria,72101220,Coated or plated flat products,46.113,48412,1,False
Bulgaria,Bulgaria,72285061,Other alloy bars rods and sections,45.95700000000001,82820,2,False
France,France,72109040,Coated or plated flat products,45.952,145276,7,False
Finland,Sweden,72285069,Other alloy bars rods and sections,45.76,76424,5,True
Portugal,France,72221910,Stainless steel bars sections and wire,45.747,282754,9,True
Italy,Turkey,72149110,Other bars and rods,45.72,35057,1,True
Spain,Slovakia,72107080,Coated or plated flat products,45.698,114911,16,True
France,Germany,72261100,Other alloy flat products under 600mm,45.669,127749,3,True
Unknown / not supplied,France,72259200,Other alloy flat products,45.6,31794,3,True
Poland,Poland,72111900,Flat products under 600mm,45.592999999999996,130850,10,False
Unknown / not supplied,Germany,72149971,Other bars and rods,45.548,37310,5,True
Sweden,France,72085291,Hot-rolled flat products,45.527,297354,1,True
Germany,Italy,72254040,Other alloy flat products,45.5,40760,2,True
Ireland,Ireland,72072015,Semi-finished steel,45.5,73046,3,False
Italy,Italy,72230099,Stainless steel wire,45.496,757425,24,False
Italy,Switzerland,72299090,Alloy steel wire,45.45,327973,17,True
Vietnam,Netherlands,72299090,Alloy steel wire,45.417,53292,1,True
Ireland,Ireland,72069000,Ingots and primary forms,45.405,35613,5,False
Netherlands,France,72123000,Coated flat products under 600mm,45.4,39082,1,True
Poland,France,72149931,Other bars and rods,45.385,36450,3,True
India,India,72106900,Coated or plated flat products,45.38,35358,1,False
Taiwan,Taiwan,72202089,Stainless steel flat products under 600mm,45.361,124601,4,False
Germany,France,72222011,Stainless steel bars sections and wire,45.355999999999995,345664,10,True
Spain,Netherlands,72202041,Stainless steel flat products under 600mm,45.267,91055,12,True
Turkey,France,72101220,Coated or plated flat products,45.234,53174,1,True
Spain,Spain,72255080,Other alloy flat products,45.186,88231,2,False
China,Germany,72149971,Other bars and rods,45.185,46625,8,True
Austria,Germany,72254090,Other alloy flat products,45.114000000000004,243965,16,True
Kazakhstan,Sweden,72024950,Ferro-alloys,45.094,187487,6,True
San Marino,France,72107080,Coated or plated flat products,45.071,94713,2,True
Spain,Spain,72172010,Wire,45.066,112338,4,False
India,Netherlands,72085191,Hot-rolled flat products,45.024,33224,2,True
Finland,Sweden,72085120,Hot-rolled flat products,44.989999999999995,55185,2,True
South Korea,Belgium,72123000,Coated flat products under 600mm,44.89,38830,1,True
Italy,Netherlands,72179050,Wire,44.888999999999996,53636,2,True
Unknown / not supplied,Ireland,72255020,Other alloy flat products,44.88,26850,3,True
Netherlands,Germany,72085291,Hot-rolled flat products,44.852000000000004,44159,4,True
Germany,Lithuania,72045000,Ferrous waste and scrap,44.803,183641,1,True
India,India,72149971,Other bars and rods,44.777,74777,4,False
Czechia,Czechia,72104900,Coated or plated flat products,44.751999999999995,62411,4,False
China,Hong Kong,72112380,Flat products under 600mm,44.71,27589,2,True
China,China,72121090,Coated flat products under 600mm,44.704,61568,3,False
Finland,Germany,72191410,Stainless steel flat products,44.629999999999995,83683,2,True
Taiwan,Vietnam,72083700,Hot-rolled flat products,44.605,24755,1,True
Germany,Germany,72193590,Stainless steel flat products,44.521,489226,13,False
Finland,Germany,72285069,Other alloy bars rods and sections,44.517999999999994,83901,11,True
United States,United States,72192400,Stainless steel flat products,44.498,723988,28,False
Luxembourg,Belgium,72299090,Alloy steel wire,44.494,57212,1,True
China,Germany,72283020,Other alloy bars rods and sections,44.433,127616,10,True
United Kingdom,Netherlands,72166190,Angles shapes and sections,44.406,75381,2,True
Unknown / not supplied,Ireland,72149910,Other bars and rods,44.322,27020,4,True
France,France,72202089,Stainless steel flat products under 600mm,44.31,174785,7,False
Turkey,Turkey,72173049,Wire,44.221999999999994,35551,2,False
Turkey,Turkey,72112320,Flat products under 600mm,44.182,37243,2,False
Poland,Poland,72254090,Other alloy flat products,44.167,179929,2,False
India,India,72202029,Stainless steel flat products under 600mm,44.054,134125,2,False
Poland,Poland,72172090,Wire,44.036,75375,11,False
Japan,Netherlands,72172030,Wire,44.034,405887,23,True
Spain,Ireland,72155011,Other bars and rods,44.011,43668,6,True
Slovakia,Slovakia,72169110,Angles shapes and sections,43.967,71763,2,False
India,India,72222039,Stainless steel bars sections and wire,43.949,106626,7,False
China,Malaysia,72121010,Coated flat products under 600mm,43.924,58199,1,True
France,France,72179020,Wire,43.865,113562,20,False
Thailand,Thailand,72099080,Cold-rolled flat products,43.855,59446,4,False
Unknown / not supplied,Ireland,72166110,Angles shapes and sections,43.825,73998,27,True
Czechia,Czechia,72044110,Ferrous waste and scrap,43.80800000000001,39769,7,False
Hong Kong,Hong Kong,72042110,Ferrous waste and scrap,43.79,85076,1,False
Austria,France,72222011,Stainless steel bars sections and wire,43.753,659225,14,True
Netherlands,Netherlands,72254090,Other alloy flat products,43.66,109710,10,False
China,Belgium,72299090,Alloy steel wire,43.65,62354,4,True
Thailand,Ireland,72107080,Coated or plated flat products,43.64,43670,1,True
Italy,Belgium,72162200,Angles shapes and sections,43.606,37908,2,True
United Kingdom,Ireland,72259900,Other alloy flat products,43.589,42817,4,True
South Korea,South Korea,72082500,Hot-rolled flat products,43.54,18919,1,False
Sweden,Germany,72254090,Other alloy flat products,43.536,127790,18,True
Turkey,Turkey,72071912,Semi-finished steel,43.5,23530,1,False
Sweden,Sweden,72029910,Ferro-alloys,43.469,135523,9,False
Sweden,Sweden,72084000,Hot-rolled flat products,43.46,26901,1,False
Poland,Poland,72224090,Stainless steel bars sections and wire,43.443,288826,16,False
Belgium,France,72192110,Stainless steel flat products,43.391,155458,12,True
Italy,Germany,72292000,Alloy steel wire,43.266,76794,18,True
Unknown / not supplied,Belgium,72163211,Angles shapes and sections,43.262,31476,1,True
Czechia,Czechia,72112900,Flat products under 600mm,43.204,57711,2,False
Japan,Belgium,72085120,Hot-rolled flat products,43.2,27767,1,True
Austria,Germany,72285020,Other alloy bars rods and sections,43.187,432546,7,True
South Korea,Spain,72249038,Alloy steel ingots and semi-finished,43.144,35950,2,True
Ukraine,Poland,72222011,Stainless steel bars sections and wire,43.09,124720,2,True
Poland,Poland,72085120,Hot-rolled flat products,43.083000000000006,32332,2,False
Sweden,Netherlands,72254090,Other alloy flat products,43.07,60852,6,True
France,France,72092790,Cold-rolled flat products,43.054,44838,19,False
Netherlands,Netherlands,72192290,Stainless steel flat products,42.969,126094,3,False
Germany,Netherlands,72085390,Hot-rolled flat products,42.96,50270,12,True
Poland,Germany,72139149,Hot-rolled bars and rods,42.942,18158,2,True
Germany,Netherlands,72107080,Coated or plated flat products,42.923,111046,13,True
Spain,Spain,72029100,Ferro-alloys,42.879000000000005,167336,5,False
Germany,Germany,72149910,Other bars and rods,42.842999999999996,28973,2,False
Netherlands,Estonia,72045000,Ferrous waste and scrap,42.826,319028,2,True
Germany,France,72092500,Cold-rolled flat products,42.772,64291,4,True
India,Netherlands,72230019,Stainless steel wire,42.701,136864,11,True
Germany,Norway,72223091,Stainless steel bars sections and wire,42.682,138096,9,True
France,Germany,72285069,Other alloy bars rods and sections,42.643,75772,8,True
Netherlands,Germany,72163390,Angles shapes and sections,42.611999999999995,38810,3,True
Germany,France,72221111,Stainless steel bars sections and wire,42.551,151488,4,True
France,Italy,72254060,Other alloy flat products,42.533,46191,4,True
Czechia,Netherlands,72172090,Wire,42.519000000000005,47393,3,True
Unknown / not supplied,France,72141000,Other bars and rods,42.501,30142,1,True
Spain,Ireland,72163110,Angles shapes and sections,42.381,87681,14,True
Israel,Israel,72042900,Ferrous waste and scrap,42.38,104257,1,False
Spain,Belgium,72222021,Stainless steel bars sections and wire,42.291,138269,2,True
Germany,Netherlands,72149939,Other bars and rods,42.289,110268,9,True
Bulgaria,France,72286080,Other alloy bars rods and sections,42.285,62314,5,True
Germany,Belgium,72222081,Stainless steel bars sections and wire,42.272000000000006,98040,2,True
Germany,Belgium,72169110,Angles shapes and sections,42.268,47195,1,True
South Korea,South Korea,72251990,Other alloy flat products,42.258,30384,1,False
Germany,Belgium,72193490,Stainless steel flat products,42.185,68747,4,True
Turkey,Turkey,72269930,Other alloy flat products under 600mm,42.16,58771,3,False
Unknown / not supplied,Spain,72149939,Other bars and rods,42.141000000000005,25108,3,True
China,Czechia,72283020,Other alloy bars rods and sections,42.135,126491,8,True
Mexico,Mexico,72202049,Stainless steel flat products under 600mm,42.072,40627,2,False
France,Italy,72085120,Hot-rolled flat products,42.037,34932,1,True
Netherlands,Netherlands,72041000,Ferrous waste and scrap,42.0,10869,1,False
Austria,Netherlands,72254060,Other alloy flat products,41.906,122728,8,True
Austria,Germany,72139910,Hot-rolled bars and rods,41.89,22775,5,True
China,Hong Kong,72166110,Angles shapes and sections,41.808,96740,1,True
China,Germany,72172030,Wire,41.796,93649,15,True
Malta,Malta,72044990,Ferrous waste and scrap,41.760000000000005,31296,2,False
Indonesia,Hong Kong,72193310,Stainless steel flat products,41.745,60518,1,True
Czechia,France,72285061,Other alloy bars rods and sections,41.739999999999995,63067,4,True
Unknown / not supplied,Ireland,72287090,Other alloy bars rods and sections,41.738,151029,28,True
Germany,France,72085291,Hot-rolled flat products,41.684,49750,2,True
United States,United States,72222029,Stainless steel bars sections and wire,41.633,752539,29,False
United States,United States,72052900,Granules and powders,41.535000000000004,490481,26,False
Denmark,Denmark,72287090,Other alloy bars rods and sections,41.527,498577,28,False
Sweden,Sweden,72169180,Angles shapes and sections,41.466,118317,21,False
Netherlands,France,72085120,Hot-rolled flat products,41.444,49205,4,True
Austria,Germany,72169180,Angles shapes and sections,41.427,24780,1,True
Netherlands,Netherlands,72189920,Stainless steel ingots and semi-finished,41.394,742691,23,False
France,Netherlands,72162100,Angles shapes and sections,41.393,34665,12,True
Unknown / not supplied,Ireland,72109080,Coated or plated flat products,41.343,38171,14,True
Turkey,United Arab Emirates,72042110,Ferrous waste and scrap,41.325,76961,2,True
France,France,72193490,Stainless steel flat products,41.291,199940,13,False
Spain,Netherlands,72111400,Flat products under 600mm,41.289,60188,11,True
France,Czechia,72044990,Ferrous waste and scrap,41.226,27505,12,True
Slovenia,France,72284090,Other alloy bars rods and sections,41.138,132193,9,True
Taiwan,China,72191390,Stainless steel flat products,41.136,44819,1,True
Netherlands,Netherlands,72191390,Stainless steel flat products,41.117,102524,3,False
France,France,72139990,Hot-rolled bars and rods,41.068,24690,4,False
Italy,Germany,72112330,Flat products under 600mm,41.041,50684,12,True
Vietnam,India,72083800,Hot-rolled flat products,41.03,29213,1,True
Pakistan,Pakistan,72041000,Ferrous waste and scrap,41.013999999999996,186309,2,False
United States,United States,72091690,Cold-rolled flat products,40.965,128895,4,False
Italy,France,72299090,Alloy steel wire,40.945,87936,17,True
Austria,Germany,72285069,Other alloy bars rods and sections,40.911,349768,11,True
Taiwan,Taiwan,72283069,Other alloy bars rods and sections,40.891,355173,13,False
Netherlands,France,72107080,Coated or plated flat products,40.855,147606,3,True
China,Italy,72230019,Stainless steel wire,40.816,161985,17,True
China,Sweden,72109030,Coated or plated flat products,40.806,138678,8,True
Finland,Ireland,72193310,Stainless steel flat products,40.71,107316,10,True
Finland,Ireland,72199080,Stainless steel flat products,40.696,102534,12,True
India,India,72193590,Stainless steel flat products,40.694,199057,2,False
United States,PA,72283089,Other alloy bars rods and sections,40.643,191063,3,True
Italy,Netherlands,72155080,Other bars and rods,40.638999999999996,35469,6,True
Malaysia,Mexico,72193310,Stainless steel flat products,40.627,63324,1,True
China,China,72223051,Stainless steel bars sections and wire,40.624,269651,5,False
Germany,Norway,72221111,Stainless steel bars sections and wire,40.586,299463,19,True
Taiwan,China,72171039,Wire,40.58,27749,1,True
Slovakia,Netherlands,72179020,Wire,40.575,62190,8,True
Italy,Italy,72253090,Other alloy flat products,40.556,46048,3,False
Netherlands,Netherlands,72224090,Stainless steel bars sections and wire,40.551,658915,20,False
Italy,Belgium,72284090,Other alloy bars rods and sections,40.510000000000005,112903,2,True
Spain,Spain,72191310,Stainless steel flat products,40.507999999999996,110421,4,False
Japan,Japan,72299020,Alloy steel wire,40.415,621884,17,False
Taiwan,Italy,72193410,Stainless steel flat products,40.319,125833,10,True
Sweden,Germany,72193210,Stainless steel flat products,40.301,218352,21,True
Taiwan,Taiwan,72299090,Alloy steel wire,40.287,35630,2,False
China,China,72221181,Stainless steel bars sections and wire,40.278,164570,11,False
Finland,Finland,72286080,Other alloy bars rods and sections,40.269999999999996,66301,2,False
Slovenia,Italy,72283069,Other alloy bars rods and sections,40.164,40756,11,True
China,Italy,72222081,Stainless steel bars sections and wire,40.079,137085,12,True
United States,United States,72173090,Wire,40.029,257642,11,False
Slovenia,Germany,72192210,Stainless steel flat products,40.026,168363,16,True
South Africa,Germany,72052100,Granules and powders,40.025,81538,9,True
Sweden,Italy,72192210,Stainless steel flat products,40.017,132161,5,True
France,France,72279010,Alloy bars and rods hot-rolled,40.016999999999996,40658,3,False
South Korea,South Korea,72283061,Other alloy bars rods and sections,40.006,81396,2,False
PA,PA,72043000,Ferrous waste and scrap,40.0,6025,1,False
South Korea,Spain,72202021,Stainless steel flat products under 600mm,39.996,175390,10,True
United States,United States,72193100,Stainless steel flat products,39.987,722791,26,False
Turkey,Turkey,72164090,Angles shapes and sections,39.980000000000004,24905,2,False
Netherlands,China,72255080,Other alloy flat products,39.956,81600,1,True
United Kingdom,Portugal,72222081,Stainless steel bars sections and wire,39.932,231499,19,True
Italy,Germany,72284090,Other alloy bars rods and sections,39.925,119617,2,True
Thailand,Belgium,72193510,Stainless steel flat products,39.922,96017,2,True
Vietnam,Vietnam,72082600,Hot-rolled flat products,39.92,25992,1,False
Germany,Germany,72283089,Other alloy bars rods and sections,39.824,68660,4,False
South Africa,Netherlands,72191490,Stainless steel flat products,39.78,40685,3,True
France,France,72085198,Hot-rolled flat products,39.753,49140,3,False
Sweden,Sweden,72249002,Alloy steel ingots and semi-finished,39.732,244030,25,False
Turkey,Turkey,72143000,Other bars and rods,39.715,23679,2,False
Germany,Germany,72161000,Angles shapes and sections,39.691,90544,7,False
United Kingdom,France,72124080,Coated flat products under 600mm,39.676,50600,8,True
Japan,Japan,72029100,Ferro-alloys,39.635,183826,2,False
Romania,Italy,72029980,Ferro-alloys,39.616,38759,4,True
Italy,Italy,72251910,Other alloy flat products,39.576,163438,4,False
China,China,72269200,Other alloy flat products under 600mm,39.561,667795,14,False
Austria,Austria,72192210,Stainless steel flat products,39.542,855683,18,False
Unknown / not supplied,Ireland,72071114,Semi-finished steel,39.483000000000004,60085,19,True
Japan,Japan,72125090,Coated flat products under 600mm,39.425000000000004,192224,9,False
Italy,Romania,72202041,Stainless steel flat products under 600mm,39.377,153655,6,True
Italy,Netherlands,72202081,Stainless steel flat products under 600mm,39.371,139484,8,True
Spain,France,72112900,Flat products under 600mm,39.354,62611,3,True
Sweden,Finland,72081000,Hot-rolled flat products,39.275,25333,1,True
Unknown / not supplied,Ireland,72193310,Stainless steel flat products,39.233999999999995,54718,13,True
Netherlands,Netherlands,72099080,Cold-rolled flat products,39.099,81716,7,False
Germany,France,72283020,Other alloy bars rods and sections,39.089,120456,11,True
Netherlands,Germany,72085390,Hot-rolled flat products,39.045,45741,6,True
China,Netherlands,72028000,Ferro-alloys,39.001,1456970,7,True
Sweden,Germany,72123000,Coated flat products under 600mm,38.975,58098,14,True
Sweden,Denmark,72192290,Stainless steel flat products,38.891,123389,8,True
Netherlands,Netherlands,72171090,Wire,38.876999999999995,67059,11,False
Sweden,Denmark,72283069,Other alloy bars rods and sections,38.838,42438,2,True
Netherlands,Netherlands,72027000,Ferro-alloys,38.782000000000004,513395,3,False
Hungary,Hungary,72230019,Stainless steel wire,38.741,557312,28,False
Japan,Belgium,72254060,Other alloy flat products,38.714,34203,3,True
Turkey,Bulgaria,72172090,Wire,38.598,43527,4,True
India,India,72284090,Other alloy bars rods and sections,38.596,85208,5,False
Germany,Czechia,72269200,Other alloy flat products under 600mm,38.589999999999996,48990,3,True
Germany,France,72254060,Other alloy flat products,38.536,49670,4,True
Luxembourg,Germany,72163291,Angles shapes and sections,38.499,35059,8,True
Netherlands,Belgium,72253090,Other alloy flat products,38.472,32660,2,True
Unknown / not supplied,Ireland,72104100,Coated or plated flat products,38.364,336500,28,True
Unknown / not supplied,Germany,72163211,Angles shapes and sections,38.343,28762,2,True
Italy,Italy,72083900,Hot-rolled flat products,38.319,43135,4,False
Unknown / not supplied,Germany,72284090,Other alloy bars rods and sections,38.275999999999996,65230,11,True
China,China,72071919,Semi-finished steel,38.243,418356,11,False
Italy,Netherlands,72083900,Hot-rolled flat products,38.239999999999995,36704,2,True
Taiwan,Singapore,72285061,Other alloy bars rods and sections,38.195,258485,1,True
United Kingdom,France,72123000,Coated flat products under 600mm,38.14,61617,2,True
Turkey,United Arab Emirates,72163310,Angles shapes and sections,38.1,26087,2,True
Poland,Italy,72149939,Other bars and rods,38.091,29593,10,True
United Kingdom,Ireland,72072080,Semi-finished steel,38.034,42847,2,True
United Kingdom,Germany,72163390,Angles shapes and sections,38.015,37401,5,True
Romania,Netherlands,72149931,Other bars and rods,37.978,44439,8,True
Italy,Italy,72279095,Alloy bars and rods hot-rolled,37.967999999999996,43043,4,False
Turkey,Bulgaria,72171010,Wire,37.91,46089,5,True
Romania,Germany,72155080,Other bars and rods,37.906,68870,9,True
Ukraine,Ukraine,72222021,Stainless steel bars sections and wire,37.838,126853,3,False
Italy,Netherlands,72085400,Hot-rolled flat products,37.774,34317,5,True
Germany,France,72202041,Stainless steel flat products under 600mm,37.724000000000004,105939,8,True
Unknown / not supplied,Ireland,72171010,Wire,37.696,68523,29,True
Unknown / not supplied,Ireland,72112330,Flat products under 600mm,37.694,62591,14,True
Italy,Spain,72151000,Other bars and rods,37.672,44615,2,True
Turkey,Turkey,72202081,Stainless steel flat products under 600mm,37.619,60138,7,False
Germany,Belgium,72163291,Angles shapes and sections,37.614000000000004,42915,2,True
China,Spain,72101220,Coated or plated flat products,37.598,34568,1,True
Italy,Italy,72222089,Stainless steel bars sections and wire,37.589999999999996,129215,15,False
Germany,Italy,72193310,Stainless steel flat products,37.571,185245,8,True
China,India,72222031,Stainless steel bars sections and wire,37.370000000000005,93975,4,True
France,France,72172050,Wire,37.34,66000,11,False
Spain,France,72107080,Coated or plated flat products,37.32,95198,12,True
Germany,Belgium,72085191,Hot-rolled flat products,37.28,33228,2,True
South Korea,Netherlands,72163310,Angles shapes and sections,37.272,27129,4,True
Italy,Belgium,72287090,Other alloy bars rods and sections,37.204,28883,3,True
Malaysia,Malaysia,72189980,Stainless steel ingots and semi-finished,37.191,664357,24,False
China,Turkey,72284010,Other alloy bars rods and sections,37.188,71170,2,True
Italy,Belgium,72172090,Wire,37.177,54951,2,True
France,Germany,72085198,Hot-rolled flat products,37.144,27105,2,True
Germany,Germany,72092500,Cold-rolled flat products,37.086,46074,3,False
Italy,Italy,72281020,Other alloy bars rods and sections,37.065,60762,6,False
Austria,Austria,72201100,Stainless steel flat products under 600mm,37.042,281688,9,False
Albania,Spain,72171039,Wire,37.024,52911,1,True
Sweden,Netherlands,72123000,Coated flat products under 600mm,36.900999999999996,43555,2,True
Italy,Belgium,72202049,Stainless steel flat products under 600mm,36.89,44427,7,True
Spain,Spain,72109030,Coated or plated flat products,36.884,93442,14,False
United States,Hungary,72171050,Wire,36.874,64423,1,True
Spain,France,72085191,Hot-rolled flat products,36.864,26848,2,True
Belgium,Belgium,72149110,Other bars and rods,36.77,22938,1,False
Italy,Romania,72202081,Stainless steel flat products under 600mm,36.768,161602,7,True
Sweden,Netherlands,72251990,Other alloy flat products,36.730000000000004,57137,2,True
Belgium,Germany,72254060,Other alloy flat products,36.711,75316,13,True
Turkey,Turkey,72224050,Stainless steel bars sections and wire,36.701,122237,5,False
Finland,Netherlands,72192290,Stainless steel flat products,36.66,56671,5,True
Spain,France,72222029,Stainless steel bars sections and wire,36.653999999999996,89638,3,True
Netherlands,Poland,72107080,Coated or plated flat products,36.573,73243,2,True
United Kingdom,Germany,72166110,Angles shapes and sections,36.547,73266,3,True
Romania,France,72261980,Other alloy flat products under 600mm,36.49,40177,2,True
India,Germany,72222011,Stainless steel bars sections and wire,36.483,95884,23,True
United Kingdom,Germany,72052100,Granules and powders,36.448,539086,16,True
Germany,Belgium,72091790,Cold-rolled flat products,36.416,25575,2,True
Finland,Finland,72193510,Stainless steel flat products,36.388,110180,4,False
United Kingdom,Ireland,72042190,Ferrous waste and scrap,36.363,149655,5,True
South Africa,South Africa,72193290,Stainless steel flat products,36.27,44904,1,False
Germany,Germany,72223097,Stainless steel bars sections and wire,36.222,594885,22,False
Belgium,Netherlands,72193490,Stainless steel flat products,36.217,69565,4,True
France,France,72249090,Alloy steel ingots and semi-finished,36.193,795624,4,False
Germany,France,72107080,Coated or plated flat products,36.18,49551,2,True
Turkey,Kazakhstan,72024190,Ferro-alloys,36.164,57232,1,True
China,France,72299090,Alloy steel wire,36.107,41563,9,True
China,Malaysia,72193310,Stainless steel flat products,36.048,87031,1,True
Poland,Poland,72052900,Granules and powders,36.0,52605,16,False
Ireland,Ireland,72029980,Ferro-alloys,35.995999999999995,41659,6,False
Finland,Finland,72169110,Angles shapes and sections,35.989000000000004,92067,2,False
Germany,Turkey,72285069,Other alloy bars rods and sections,35.958,26957,1,True
Spain,Germany,72151000,Other bars and rods,35.954,22765,6,True
Switzerland,Romania,72230019,Stainless steel wire,35.917,237695,23,True
United States,United States,72254060,Other alloy flat products,35.909,258541,16,False
Spain,Germany,72163211,Angles shapes and sections,35.882,28371,5,True
Netherlands,Netherlands,72162100,Angles shapes and sections,35.836,36203,2,False
Italy,Netherlands,72202021,Stainless steel flat products under 600mm,35.828,52467,9,True
Belgium,Italy,72192110,Stainless steel flat products,35.825,168016,17,True
Poland,Poland,72166900,Angles shapes and sections,35.81,206161,11,False
Belgium,Belgium,72193510,Stainless steel flat products,35.661,100565,8,False
India,China,72159000,Other bars and rods,35.647999999999996,51762,8,True
Belgium,Bulgaria,72171090,Wire,35.647,83235,1,True
Poland,France,72241090,Alloy steel ingots and semi-finished,35.64,52034,1,True
Unknown / not supplied,Belgium,72199080,Stainless steel flat products,35.635,88495,6,True
Poland,Italy,72254060,Other alloy flat products,35.58,37523,5,True
United Kingdom,France,72149971,Other bars and rods,35.551,464130,3,True
Unknown / not supplied,Ireland,72092790,Cold-rolled flat products,35.549,17146,3,True
Romania,Romania,72072015,Semi-finished steel,35.459999999999994,31415,3,False
Czechia,Poland,72249014,Alloy steel ingots and semi-finished,35.45,44637,6,True
France,Italy,72283070,Other alloy bars rods and sections,35.408,21568,3,True
Poland,Poland,72286080,Other alloy bars rods and sections,35.375,77280,9,False
Germany,Italy,72299090,Alloy steel wire,35.361999999999995,167183,14,True
Brazil,France,72285020,Other alloy bars rods and sections,35.326,519085,7,True
Indonesia,Turkey,72192190,Stainless steel flat products,35.312,65766,4,True
France,Germany,72281090,Other alloy bars rods and sections,35.293,1294571,24,True
Kazakhstan,Sweden,72024190,Ferro-alloys,35.25,76331,5,True
Germany,Sweden,72085120,Hot-rolled flat products,35.207,46201,2,True
Sweden,Italy,72193210,Stainless steel flat products,35.120000000000005,236688,13,True
Switzerland,Switzerland,72222029,Stainless steel bars sections and wire,35.061,153150,8,False
China,China,72021900,Ferro-alloys,35.06,175056,5,False
Sweden,Norway,72192110,Stainless steel flat products,35.05,266108,11,True
Netherlands,Belgium,72111900,Flat products under 600mm,35.045,16304,4,True
United Kingdom,Ireland,72163110,Angles shapes and sections,34.99,76172,11,True
Greece,Greece,72085191,Hot-rolled flat products,34.985,231373,2,False
Poland,Germany,72071116,Semi-finished steel,34.98,20494,1,True
Spain,Germany,72269191,Other alloy flat products under 600mm,34.953,32710,2,True
Malaysia,Malaysia,72121010,Coated flat products under 600mm,34.889,49464,9,False
Unknown / not supplied,Ireland,72193210,Stainless steel flat products,34.808,103039,18,True
France,Germany,72192210,Stainless steel flat products,34.786,142242,8,True
United Kingdom,Germany,72223051,Stainless steel bars sections and wire,34.767,1468822,4,True
France,France,72171050,Wire,34.741,68940,10,False
Taiwan,Italy,72222029,Stainless steel bars sections and wire,34.718,103170,5,True
Germany,Netherlands,72149110,Other bars and rods,34.716,27554,6,True
Japan,Japan,72202081,Stainless steel flat products under 600mm,34.668,903546,11,False
Netherlands,Netherlands,72221181,Stainless steel bars sections and wire,34.608,53386,4,False
Germany,Belgium,72192210,Stainless steel flat products,34.486000000000004,79190,8,True
Italy,France,72104900,Coated or plated flat products,34.462,32732,1,True
Ukraine,Ukraine,72285069,Other alloy bars rods and sections,34.442,62394,2,False
United States,Netherlands,72052900,Granules and powders,34.4,413097,29,True
Japan,Netherlands,72254090,Other alloy flat products,34.394,36979,5,True
Brazil,France,72024950,Ferro-alloys,34.385,86360,7,True
Unknown / not supplied,Ireland,72122000,Coated flat products under 600mm,34.364,24463,5,True
Ireland,Slovenia,72162200,Angles shapes and sections,34.342,78299,2,True
Turkey,Netherlands,72121010,Coated flat products under 600mm,34.342,46197,2,True
France,Czechia,72044110,Ferrous waste and scrap,34.307,27378,20,True
United States,Netherlands,72202029,Stainless steel flat products under 600mm,34.274,29665,1,True
Germany,Germany,72283041,Other alloy bars rods and sections,34.261,70045,12,False
Germany,Norway,72285061,Other alloy bars rods and sections,34.26,90121,12,True
Belgium,Germany,72192300,Stainless steel flat products,34.233,125733,17,True
United Kingdom,Netherlands,72071210,Semi-finished steel,34.219,60466,5,True
Spain,France,72193100,Stainless steel flat products,34.182,59343,2,True
France,France,72122000,Coated flat products under 600mm,34.182,113441,14,False
Netherlands,Netherlands,72171010,Wire,34.175000000000004,49329,6,False
China,China,72269970,Other alloy flat products under 600mm,34.103,96941,15,False
Italy,Netherlands,72149939,Other bars and rods,34.102,29407,11,True
Brazil,Germany,72029300,Ferro-alloys,34.08,860457,8,True
Ireland,Ireland,72085299,Hot-rolled flat products,33.941,77545,4,False
Italy,Belgium,72085299,Hot-rolled flat products,33.926,30579,2,True
Italy,Spain,72193310,Stainless steel flat products,33.921,82470,5,True
Brazil,Netherlands,72285061,Other alloy bars rods and sections,33.913,265347,12,True
Finland,Poland,72072080,Semi-finished steel,33.888999999999996,137045,5,True
Poland,Poland,72159000,Other bars and rods,33.853,73631,18,False
India,India,72221990,Stainless steel bars sections and wire,33.822,136982,4,False
Italy,Italy,72121090,Coated flat products under 600mm,33.788,82671,7,False
Spain,Spain,72221910,Stainless steel bars sections and wire,33.778,143590,13,False
United States,United States,72221181,Stainless steel bars sections and wire,33.775999999999996,1105849,29,False
Germany,France,72281090,Other alloy bars rods and sections,33.775,136810,14,True
Spain,Belgium,72107080,Coated or plated flat products,33.77,137155,13,True
France,Germany,72222029,Stainless steel bars sections and wire,33.767,187460,21,True
Sweden,Denmark,72172030,Wire,33.76,78368,1,True
Germany,Netherlands,72193310,Stainless steel flat products,33.736999999999995,72966,4,True
United Kingdom,Norway,72224090,Stainless steel bars sections and wire,33.671,644253,10,True
Germany,United States,72299090,Alloy steel wire,33.66,201631,4,True
Hong Kong,Hong Kong,72089080,Hot-rolled flat products,33.645999999999994,37201,4,False
Denmark,Denmark,72111300,Flat products under 600mm,33.631,33650,6,False
Spain,Belgium,72202041,Stainless steel flat products under 600mm,33.606,71009,10,True
South Korea,South Korea,72210090,Stainless steel bars and rods,33.598,76277,1,False
Spain,Netherlands,72193100,Stainless steel flat products,33.596000000000004,71963,2,True
Italy,Italy,72132000,Hot-rolled bars and rods,33.579,27248,4,False
Germany,France,72285061,Other alloy bars rods and sections,33.555,162910,7,True
Germany,Germany,72189180,Stainless steel ingots and semi-finished,33.48,335280,11,False
China,Germany,72199080,Stainless steel flat products,33.427,235127,10,True
France,Poland,72241090,Alloy steel ingots and semi-finished,33.34,75915,1,True
Finland,Finland,72201200,Stainless steel flat products under 600mm,33.336,69768,3,False
Germany,Czechia,72091690,Cold-rolled flat products,33.322,41278,3,True
China,Germany,72230019,Stainless steel wire,33.319,92652,15,True
France,Belgium,72112330,Flat products under 600mm,33.315999999999995,29439,5,True
Belgium,Germany,72201200,Stainless steel flat products under 600mm,33.285,70121,5,True
United States,United States,72202089,Stainless steel flat products under 600mm,33.247,721802,23,False
Vietnam,South Korea,72091690,Cold-rolled flat products,33.056,190941,1,True
Germany,Belgium,72189980,Stainless steel ingots and semi-finished,33.045,214246,1,True
France,Germany,72125069,Coated flat products under 600mm,33.044,42801,5,True
Germany,Germany,72189980,Stainless steel ingots and semi-finished,33.041,309424,7,False
Austria,Netherlands,72029200,Ferro-alloys,33.0,561283,5,True
Tunisia,France,72042900,Ferrous waste and scrap,32.988,24655,2,True
United States,United States,72221119,Stainless steel bars sections and wire,32.908,295138,19,False
France,France,72192210,Stainless steel flat products,32.897999999999996,222591,12,False
Spain,France,72249002,Alloy steel ingots and semi-finished,32.809999999999995,446586,2,True
China,Germany,72029980,Ferro-alloys,32.77,3104415,9,True
Finland,Germany,72285061,Other alloy bars rods and sections,32.759,56526,3,True
United Kingdom,Netherlands,72123000,Coated flat products under 600mm,32.75,18613,3,True
China,China,72285080,Other alloy bars rods and sections,32.741,58871,10,False
Ireland,Ireland,72169180,Angles shapes and sections,32.726,103367,6,False
South Korea,Netherlands,72072032,Semi-finished steel,32.716,86637,2,True
China,United States,72189980,Stainless steel ingots and semi-finished,32.628,185193,6,True
Germany,Belgium,72111900,Flat products under 600mm,32.609,13160,2,True
Japan,Japan,72202049,Stainless steel flat products under 600mm,32.561,148204,2,False
Sweden,Denmark,72254090,Other alloy flat products,32.55,24615,2,True
South Korea,Netherlands,72085198,Hot-rolled flat products,32.54,28579,4,True
Belgium,Switzerland,72107080,Coated or plated flat products,32.539,161831,11,True
Germany,France,72172030,Wire,32.53,42014,3,True
Luxembourg,Netherlands,72172030,Wire,32.524,40358,6,True
Switzerland,Netherlands,72163211,Angles shapes and sections,32.516999999999996,24083,2,True
Finland,France,72193310,Stainless steel flat products,32.458,198390,12,True
Unknown / not supplied,Germany,72163110,Angles shapes and sections,32.403,32164,5,True
United States,Netherlands,72202049,Stainless steel flat products under 600mm,32.37,102722,6,True
Netherlands,Czechia,72091790,Cold-rolled flat products,32.33,35382,1,True
France,Belgium,72192210,Stainless steel flat products,32.318,155329,8,True
Hungary,Hungary,72221181,Stainless steel bars sections and wire,32.298,94370,4,False
Sweden,Denmark,72221111,Stainless steel bars sections and wire,32.29,172209,9,True
Czechia,Germany,72283069,Other alloy bars rods and sections,32.266,66492,13,True
Italy,Belgium,72163190,Angles shapes and sections,32.243,20386,1,True
United States,United States,72193510,Stainless steel flat products,32.204,465998,29,False
Luxembourg,Netherlands,72163211,Angles shapes and sections,32.204,24172,4,True
United Kingdom,Australia,72072019,Semi-finished steel,32.2,18711,1,True
Germany,Germany,72106100,Coated or plated flat products,32.19,138615,7,False
Poland,Germany,72285069,Other alloy bars rods and sections,32.163,40584,4,True
Czechia,Czechia,72103000,Coated or plated flat products,32.07,37104,1,False
China,China,72165099,Angles shapes and sections,32.065000000000005,96440,11,False
Germany,Denmark,72085390,Hot-rolled flat products,32.043,53401,18,True
Spain,Ireland,72284090,Other alloy bars rods and sections,32.0,47953,2,True
Latvia,Netherlands,72029200,Ferro-alloys,32.0,358174,6,True
Switzerland,Chile,72042110,Ferrous waste and scrap,31.996,38700,2,True
Unknown / not supplied,Germany,72159000,Other bars and rods,31.977,152746,12,True
Italy,Germany,72165010,Angles shapes and sections,31.948,74172,2,True
Spain,Germany,72202041,Stainless steel flat products under 600mm,31.927999999999997,116542,10,True
Germany,Denmark,72221111,Stainless steel bars sections and wire,31.877000000000002,230340,9,True
Germany,Germany,72192290,Stainless steel flat products,31.874,136156,18,False
Germany,Belgium,72082600,Hot-rolled flat products,31.865,13702,1,True
China,Netherlands,72149931,Other bars and rods,31.828,14446,4,True
Brazil,France,72222029,Stainless steel bars sections and wire,31.797,684914,8,True
Germany,Germany,72169900,Angles shapes and sections,31.778,112479,22,False
Austria,Austria,72230019,Stainless steel wire,31.767,395697,16,False
India,Romania,72222031,Stainless steel bars sections and wire,31.759,236627,27,True
Azerbaijan,Azerbaijan,72149110,Other bars and rods,31.73,16135,1,False
Hong Kong,Hong Kong,72202029,Stainless steel flat products under 600mm,31.729,31586,1,False
Taiwan,China,72192300,Stainless steel flat products,31.686,50716,2,True
Poland,Poland,72042190,Ferrous waste and scrap,31.683999999999997,44710,8,False
Austria,Austria,72189980,Stainless steel ingots and semi-finished,31.617,197649,1,False
China,Slovenia,72029980,Ferro-alloys,31.615000000000002,59768,6,True
United States,United States,72082600,Hot-rolled flat products,31.582,22042,1,False
France,France,72223051,Stainless steel bars sections and wire,31.573,266910,7,False
Unknown / not supplied,Ireland,72193100,Stainless steel flat products,31.544,79882,13,True
Turkey,Turkey,72166190,Angles shapes and sections,31.534,37813,4,False
United States,United States,72271000,Alloy bars and rods hot-rolled,31.508,515383,17,False
Poland,Poland,72072039,Semi-finished steel,31.48,117154,2,False
Finland,Finland,72085291,Hot-rolled flat products,31.462,27529,1,False
Taiwan,Taiwan,72283020,Other alloy bars rods and sections,31.453000000000003,376533,4,False
Austria,Germany,72222021,Stainless steel bars sections and wire,31.45,560370,21,True
Hungary,Netherlands,72166110,Angles shapes and sections,31.44,74098,18,True
Austria,Austria,72192110,Stainless steel flat products,31.427999999999997,429143,14,False
Sweden,Germany,72181000,Stainless steel ingots and semi-finished,31.421,1816550,2,True
Netherlands,Spain,72104900,Coated or plated flat products,31.409,51833,4,True
Italy,Italy,72071919,Semi-finished steel,31.405,191552,5,False
Italy,Italy,72255080,Other alloy flat products,31.403,51385,6,False
Italy,Netherlands,72299090,Alloy steel wire,31.391000000000002,41710,2,True
Italy,Belgium,72193510,Stainless steel flat products,31.387999999999998,163621,7,True
Sweden,Germany,72052900,Granules and powders,31.381,41959,4,True
France,Belgium,72283089,Other alloy bars rods and sections,31.377000000000002,19893,3,True
Austria,Austria,72222039,Stainless steel bars sections and wire,31.368000000000002,335586,15,False
Switzerland,Germany,72222081,Stainless steel bars sections and wire,31.358999999999998,144175,25,True
Italy,Netherlands,72283061,Other alloy bars rods and sections,31.344,37228,4,True
Italy,Belgium,72159000,Other bars and rods,31.316000000000003,39123,3,True
United States,United States,72179050,Wire,31.299,191998,2,False
United States,United States,72230099,Stainless steel wire,31.265,672533,29,False
Slovakia,Germany,72169180,Angles shapes and sections,31.243,47580,13,True
Spain,Spain,72042190,Ferrous waste and scrap,31.227,186763,9,False
France,Netherlands,72149110,Other bars and rods,31.217000000000002,21814,6,True
Spain,Germany,72221111,Stainless steel bars sections and wire,31.152,149034,19,True
China,Taiwan,72193100,Stainless steel flat products,31.098000000000003,58229,3,True
Belgium,Italy,72222081,Stainless steel bars sections and wire,31.067999999999998,97640,13,True
Romania,Italy,72072080,Semi-finished steel,31.053,231027,11,True
Italy,Italy,72171050,Wire,31.05,44227,11,False
Sweden,Ireland,72193410,Stainless steel flat products,30.992,116889,8,True
Austria,Italy,72283041,Other alloy bars rods and sections,30.981,176820,3,True
Unknown / not supplied,Ireland,72292000,Alloy steel wire,30.968,61409,19,True
Sweden,Germany,72286020,Other alloy bars rods and sections,30.954,392269,14,True
Unknown / not supplied,Belgium,72141000,Other bars and rods,30.923,34414,3,True
France,France,72261100,Other alloy flat products under 600mm,30.906,83763,2,False
Sweden,Denmark,72192210,Stainless steel flat products,30.863,112028,8,True
Slovenia,Germany,72192290,Stainless steel flat products,30.801,118245,5,True
Spain,Poland,72193310,Stainless steel flat products,30.685,71749,2,True
Germany,Norway,72221119,Stainless steel bars sections and wire,30.65,96958,13,True
United States,United States,72254090,Other alloy flat products,30.586000000000002,197456,19,False
Vietnam,Singapore,72193490,Stainless steel flat products,30.56,70397,1,True
Spain,Italy,72285069,Other alloy bars rods and sections,30.513,44087,2,True
Slovenia,Slovenia,72107080,Coated or plated flat products,30.412,110844,10,False
Sweden,Spain,72279095,Alloy bars and rods hot-rolled,30.393,26573,1,True
China,China,72181000,Stainless steel ingots and semi-finished,30.352,205528,15,False
Poland,Netherlands,72149931,Other bars and rods,30.347,28406,7,True
Spain,Spain,72201100,Stainless steel flat products under 600mm,30.291,83585,6,False
India,India,72285061,Other alloy bars rods and sections,30.275,38564,4,False
China,France,72029980,Ferro-alloys,30.274,58566,4,True
Italy,Netherlands,72222031,Stainless steel bars sections and wire,30.262,334156,29,True
Italy,Italy,72193490,Stainless steel flat products,30.232,151357,5,False
Italy,Bulgaria,72286080,Other alloy bars rods and sections,30.204,41123,2,True
France,Italy,72071290,Semi-finished steel,30.16,39430,1,True
Netherlands,Netherlands,72230019,Stainless steel wire,30.158,270477,25,False
Brazil,Netherlands,72285020,Other alloy bars rods and sections,30.134,641068,14,True
Unknown / not supplied,Ireland,72221910,Stainless steel bars sections and wire,30.078,85893,27,True
Unknown / not supplied,Poland,72269199,Other alloy flat products under 600mm,30.052,33879,1,True
China,Malaysia,72193210,Stainless steel flat products,30.045,69803,1,True
Unknown / not supplied,Ireland,72106900,Coated or plated flat products,30.024,100098,28,True
Mexico,Mexico,72024950,Ferro-alloys,30.0,95963,3,False
India,India,72193490,Stainless steel flat products,29.974999999999998,72293,6,False
Turkey,Turkey,72284090,Other alloy bars rods and sections,29.95,47108,2,False
Sweden,Netherlands,72261980,Other alloy flat products under 600mm,29.915,62105,6,True
Italy,France,72285080,Other alloy bars rods and sections,29.913,143198,7,True
Italy,Italy,72251990,Other alloy flat products,29.9,128073,1,False
Italy,Italy,72224050,Stainless steel bars sections and wire,29.877,490731,22,False
France,France,72292000,Alloy steel wire,29.858,36785,12,False
Germany,United States,72223051,Stainless steel bars sections and wire,29.851000000000003,172135,5,True
Finland,Spain,72285069,Other alloy bars rods and sections,29.838,43591,1,True
Italy,Germany,72285069,Other alloy bars rods and sections,29.811,67535,14,True
India,India,72171010,Wire,29.784,27782,3,False
Czechia,Netherlands,72149931,Other bars and rods,29.764000000000003,25314,4,True
Malaysia,Malaysia,72193100,Stainless steel flat products,29.757,60348,2,False
Italy,Italy,72193510,Stainless steel flat products,29.729,131263,9,False
Italy,Netherlands,72193310,Stainless steel flat products,29.666,83838,9,True
Spain,Netherlands,72299090,Alloy steel wire,29.665,40580,5,True
Vietnam,Vietnam,72193490,Stainless steel flat products,29.648,72387,1,False
Germany,Germany,72193100,Stainless steel flat products,29.599,119629,8,False
Poland,Poland,72163299,Angles shapes and sections,29.586,32251,5,False
Germany,Belgium,72163190,Angles shapes and sections,29.561,25843,3,True
Italy,Italy,72171010,Wire,29.561,30757,5,False
Italy,Netherlands,72193490,Stainless steel flat products,29.56,38976,6,True
China,Norway,72283061,Other alloy bars rods and sections,29.508,63459,7,True
France,Belgium,72107080,Coated or plated flat products,29.468,36971,2,True
United States,United States,72191410,Stainless steel flat products,29.457,134416,6,False
France,Germany,72287010,Other alloy bars rods and sections,29.456,104323,8,True
Unknown / not supplied,Sweden,72202049,Stainless steel flat products under 600mm,29.398,99165,3,True
Netherlands,Netherlands,72193390,Stainless steel flat products,29.395,50124,2,False
Sweden,Sweden,72051000,Granules and powders,29.389,33593,14,False
China,India,72222021,Stainless steel bars sections and wire,29.384,75549,5,True
Germany,United States,72223091,Stainless steel bars sections and wire,29.35,90327,7,True
France,Germany,72222021,Stainless steel bars sections and wire,29.325,186241,24,True
Poland,Italy,72283061,Other alloy bars rods and sections,29.28,28824,9,True
Turkey,France,72172030,Wire,29.274,24274,2,True
China,Germany,72269120,Other alloy flat products under 600mm,29.247999999999998,84242,10,True
Poland,Netherlands,72254090,Other alloy flat products,29.24,31188,4,True
Italy,Germany,72202049,Stainless steel flat products under 600mm,29.216,70577,6,True
Taiwan,China,72283061,Other alloy bars rods and sections,29.211,390784,2,True
United States,United States,72202049,Stainless steel flat products under 600mm,29.202,247439,12,False
Spain,France,72179020,Wire,29.192,40134,2,True
Germany,Belgium,72259200,Other alloy flat products,29.18,19615,1,True
France,Germany,72124080,Coated flat products under 600mm,29.04,30941,3,True
France,Belgium,72192110,Stainless steel flat products,29.035,190778,6,True
Poland,Netherlands,72163390,Angles shapes and sections,29.012999999999998,24002,8,True
Spain,France,72210010,Stainless steel bars and rods,29.006,91523,4,True
Turkey,Germany,72162200,Angles shapes and sections,29.0,19833,1,True
United States,United States,72221189,Stainless steel bars sections and wire,28.977999999999998,573259,29,False
Germany,Netherlands,72230019,Stainless steel wire,28.956,51736,3,True
Czechia,Czechia,72124080,Coated flat products under 600mm,28.953,119237,15,False
China,Belgium,72259200,Other alloy flat products,28.925,27894,1,True
France,Belgium,72111900,Flat products under 600mm,28.894,13277,4,True
China,China,72042190,Ferrous waste and scrap,28.849,108938,20,False
Italy,Belgium,72222021,Stainless steel bars sections and wire,28.813,270186,5,True
Sweden,Denmark,72192300,Stainless steel flat products,28.761000000000003,74236,6,True
Austria,Austria,72027000,Ferro-alloys,28.75,1057011,19,False
South Korea,Netherlands,72163190,Angles shapes and sections,28.73,24718,3,True
United Kingdom,Ireland,72103000,Coated or plated flat products,28.7,31118,2,True
Netherlands,France,72299090,Alloy steel wire,28.681,44880,3,True
Italy,Belgium,72107080,Coated or plated flat products,28.68,26847,1,True
China,China,72024910,Ferro-alloys,28.674,100590,9,False
Turkey,Turkey,72071116,Semi-finished steel,28.657,24290,2,False
Italy,Poland,72193310,Stainless steel flat products,28.605,104656,3,True
Netherlands,France,72166110,Angles shapes and sections,28.561999999999998,57686,5,True
South Korea,South Korea,72193410,Stainless steel flat products,28.561,76485,4,False
Netherlands,India,72221910,Stainless steel bars sections and wire,28.517,83685,2,True
Italy,Germany,72193510,Stainless steel flat products,28.514,132858,12,True
Germany,Germany,72191290,Stainless steel flat products,28.475,76180,2,False
Netherlands,Netherlands,72072080,Semi-finished steel,28.47,99665,14,False
China,China,72241010,Alloy steel ingots and semi-finished,28.426,136006,14,False
Italy,France,72172030,Wire,28.38,38062,2,True
France,France,72155080,Other bars and rods,28.358999999999998,34787,11,False
Germany,Germany,72292000,Alloy steel wire,28.353,78276,13,False
United Kingdom,Ireland,72111900,Flat products under 600mm,28.345000000000002,18679,2,True
United States,United States,72283069,Other alloy bars rods and sections,28.324,916469,28,False
Netherlands,Netherlands,72222011,Stainless steel bars sections and wire,28.314,147068,9,False
Sweden,Norway,72284090,Other alloy bars rods and sections,28.272,158793,10,True
Germany,France,72222029,Stainless steel bars sections and wire,28.269,78078,6,True
Belgium,Belgium,72224050,Stainless steel bars sections and wire,28.259,206142,3,False
Slovenia,Slovenia,72259900,Other alloy flat products,28.254,100001,9,False
India,India,72283069,Other alloy bars rods and sections,28.232,101368,5,False
Japan,Netherlands,72089080,Hot-rolled flat products,28.189,15369,4,True
Poland,Germany,72149939,Other bars and rods,28.156,41778,14,True
China,China,72126000,Coated flat products under 600mm,28.138,60813,10,False
Sweden,Sweden,72209080,Stainless steel flat products under 600mm,28.124,764371,26,False
Germany,Italy,72155019,Other bars and rods,28.112,23250,1,True
Poland,Italy,72283069,Other alloy bars rods and sections,28.106,29378,8,True
Italy,Belgium,72149979,Other bars and rods,28.06,20357,2,True
Romania,Italy,72159000,Other bars and rods,28.055,51673,4,True
China,Finland,72287090,Other alloy bars rods and sections,28.03,40364,2,True
Unknown / not supplied,Italy,72171039,Wire,28.028,48435,2,True
Sweden,Netherlands,72269120,Other alloy flat products under 600mm,28.024,34409,1,True
Spain,Spain,72105000,Coated or plated flat products,28.018,154754,16,False
Spain,Ireland,72131000,Hot-rolled bars and rods,28.009,27554,1,True
Germany,France,72091690,Cold-rolled flat products,27.93,24615,2,True
Pakistan,United Arab Emirates,72042110,Ferrous waste and scrap,27.925,50066,1,True
Netherlands,France,72029980,Ferro-alloys,27.917,253485,2,True
Spain,Germany,72223051,Stainless steel bars sections and wire,27.906,124706,13,True
Germany,Romania,72173041,Wire,27.902,44201,16,True
Netherlands,Belgium,72193310,Stainless steel flat products,27.888,94148,2,True
Ireland,Austria,72043000,Ferrous waste and scrap,27.88,3903,1,True
Spain,Belgium,72222031,Stainless steel bars sections and wire,27.857,84770,1,True
Italy,Germany,72222021,Stainless steel bars sections and wire,27.82,141087,16,True
Unknown / not supplied,Ireland,72149939,Other bars and rods,27.817,9748,17,True
France,Italy,72192110,Stainless steel flat products,27.807,236939,14,True
France,Netherlands,72111300,Flat products under 600mm,27.785,23706,4,True
United States,United States,72230019,Stainless steel wire,27.781000000000002,560481,29,False
Austria,Spain,72259200,Other alloy flat products,27.777,26739,1,True
Sweden,Netherlands,72085299,Hot-rolled flat products,27.759999999999998,21009,3,True
Romania,Germany,72283061,Other alloy bars rods and sections,27.743000000000002,78983,5,True
Germany,Finland,72202049,Stainless steel flat products under 600mm,27.737,42095,3,True
Italy,Belgium,72172030,Wire,27.725,22567,2,True
Ukraine,Germany,72171039,Wire,27.701,38215,7,True
Italy,Sweden,72282010,Other alloy bars rods and sections,27.688000000000002,20233,2,True
South Korea,France,72085191,Hot-rolled flat products,27.648,21051,2,True
Ireland,Pakistan,72042110,Ferrous waste and scrap,27.637,50090,1,True
Italy,Greece,72224090,Stainless steel bars sections and wire,27.619,308064,1,True
France,Germany,72159000,Other bars and rods,27.597,50117,9,True
Germany,Germany,72286020,Other alloy bars rods and sections,27.597,110247,11,False
United Arab Emirates,Pakistan,72042110,Ferrous waste and scrap,27.57,49968,1,True
Turkey,Turkey,72092790,Cold-rolled flat products,27.564000000000004,46603,4,False
Egypt,Italy,72111400,Flat products under 600mm,27.56,20148,1,True
Spain,Italy,72111400,Flat products under 600mm,27.552,37797,3,True
Spain,Ireland,72192210,Stainless steel flat products,27.549,59243,7,True
Romania,France,72159000,Other bars and rods,27.544,57575,6,True
Brazil,Brazil,72051000,Granules and powders,27.54,19658,1,False
India,India,72149931,Other bars and rods,27.53,18274,2,False
China,Ireland,72149971,Other bars and rods,27.526,20946,3,True
Spain,Belgium,72202049,Stainless steel flat products under 600mm,27.503999999999998,31158,6,True
Sweden,Netherlands,72259900,Other alloy flat products,27.45,55667,1,True
Poland,Netherlands,72163190,Angles shapes and sections,27.448,26761,3,True
Netherlands,Belgium,72107080,Coated or plated flat products,27.444,39817,1,True
France,France,72254090,Other alloy flat products,27.435,26632,2,False
Finland,Netherlands,72085390,Hot-rolled flat products,27.416,43187,5,True
Denmark,Denmark,72092790,Cold-rolled flat products,27.416,129304,25,False
Spain,Belgium,72085291,Hot-rolled flat products,27.36,21287,1,True
Poland,Poland,72166190,Angles shapes and sections,27.358999999999998,44785,4,False
Turkey,Turkey,72222031,Stainless steel bars sections and wire,27.336000000000002,58956,9,False
Sweden,Sweden,72282099,Other alloy bars rods and sections,27.333,21760,1,False
Czechia,Czechia,72132000,Hot-rolled bars and rods,27.326,22451,5,False
Belgium,Germany,72085120,Hot-rolled flat products,27.324,39641,8,True
Germany,Germany,72222089,Stainless steel bars sections and wire,27.306,199756,12,False
Germany,Germany,72254015,Other alloy flat products,27.297,363501,28,False
Germany,Germany,72166900,Angles shapes and sections,27.272000000000002,111376,26,False
Italy,Sweden,72149979,Other bars and rods,27.27,20043,1,True
United Kingdom,France,72044990,Ferrous waste and scrap,27.27,9709,1,True
China,Hong Kong,72072059,Semi-finished steel,27.23,25732,1,True
Belgium,Belgium,72139170,Hot-rolled bars and rods,27.217000000000002,29050,1,False
Poland,Germany,72164010,Angles shapes and sections,27.204,27593,6,True
Sweden,Netherlands,72283061,Other alloy bars rods and sections,27.197,68558,10,True
China,Vietnam,72299090,Alloy steel wire,27.178,31299,3,True
Italy,Italy,72139110,Hot-rolled bars and rods,27.173,18449,1,False
Germany,Sweden,72149939,Other bars and rods,27.17,30209,1,True
Lithuania,Lithuania,72024950,Ferro-alloys,27.16,84846,1,False
Italy,Spain,72155011,Other bars and rods,27.128,29089,2,True
France,Netherlands,72163110,Angles shapes and sections,27.123,23902,12,True
Canada,Canada,72189980,Stainless steel ingots and semi-finished,27.083,230647,4,False
Italy,Germany,72193390,Stainless steel flat products,27.067,47436,6,True
United States,Canada,72209080,Stainless steel flat products under 600mm,27.055,152233,4,True
Sweden,Sweden,72112900,Flat products under 600mm,27.015,184462,17,False
Sweden,Netherlands,72269191,Other alloy flat products under 600mm,27.013,19429,1,True
Turkey,Albania,72024190,Ferro-alloys,27.0,54798,1,True
India,France,72021180,Ferro-alloys,27.0,20976,1,True
India,Belgium,72023000,Ferro-alloys,27.0,21668,1,True
GA,Norway,72021900,Ferro-alloys,27.0,42364,1,True
GA,Norway,72023000,Ferro-alloys,27.0,31001,1,True
Belgium,Netherlands,72042190,Ferrous waste and scrap,26.94,21973,1,True
Sweden,Spain,72149110,Other bars and rods,26.92,19921,1,True
France,Belgium,72193490,Stainless steel flat products,26.916,38815,5,True
Taiwan,Taiwan,72221910,Stainless steel bars sections and wire,26.883,223222,21,False
Turkey,Ireland,72071114,Semi-finished steel,26.877,26992,4,True
Czechia,Netherlands,72164010,Angles shapes and sections,26.866,22581,6,True
Netherlands,CV,72172030,Wire,26.842,25366,1,True
Ukraine,Austria,72285061,Other alloy bars rods and sections,26.842,47958,2,True
China,Belgium,72149979,Other bars and rods,26.837,21110,6,True
Germany,Netherlands,72173041,Wire,26.814,22184,2,True
Slovenia,Slovenia,72141000,Other bars and rods,26.795,68217,2,False
Sweden,United States,72149979,Other bars and rods,26.787,17471,1,True
India,China,72101220,Coated or plated flat products,26.775,21678,1,True
Germany,France,72269970,Other alloy flat products under 600mm,26.772000000000002,169187,16,True
Italy,China,72285069,Other alloy bars rods and sections,26.771,30183,1,True
Netherlands,Belgium,72082500,Hot-rolled flat products,26.76,16613,1,True
France,Belgium,72193510,Stainless steel flat products,26.753,88981,5,True
Italy,Germany,72193310,Stainless steel flat products,26.741,106672,9,True
Italy,United States,72222019,Stainless steel bars sections and wire,26.735000000000003,237570,10,True
Italy,Netherlands,72107080,Coated or plated flat products,26.730000000000004,57349,4,True
Switzerland,France,72230019,Stainless steel wire,26.694,211852,18,True
Czechia,Germany,72155080,Other bars and rods,26.668,53512,2,True
Germany,Sweden,72283069,Other alloy bars rods and sections,26.614,24537,1,True
Germany,Germany,72173050,Wire,26.601,62010,9,False
Denmark,Italy,72285080,Other alloy bars rods and sections,26.6,25880,1,True
Germany,Italy,72151000,Other bars and rods,26.6,21787,1,True
Germany,Netherlands,72193490,Stainless steel flat products,26.596,72548,6,True
Italy,Germany,72269191,Other alloy flat products under 600mm,26.532,16980,1,True
United Kingdom,Ireland,72043000,Ferrous waste and scrap,26.5,2650,1,True
Spain,Belgium,72299050,Alloy steel wire,26.481,36649,2,True
Italy,Spain,72149950,Other bars and rods,26.469,19852,1,True
Spain,Netherlands,72089080,Hot-rolled flat products,26.466,21545,7,True
Austria,Australia,72171090,Wire,26.442,55030,1,True
Finland,Sweden,72082600,Hot-rolled flat products,26.44,16393,1,True
China,France,72269970,Other alloy flat products under 600mm,26.433,118080,19,True
Italy,Belgium,72112330,Flat products under 600mm,26.413,24563,1,True
Italy,Sweden,72287090,Other alloy bars rods and sections,26.41,17589,1,True
Taiwan,Italy,72193490,Stainless steel flat products,26.369000000000003,51789,4,True
Italy,Netherlands,72121090,Coated flat products under 600mm,26.36,43421,1,True
Spain,Italy,72285061,Other alloy bars rods and sections,26.344,69043,5,True
Netherlands,Netherlands,72192210,Stainless steel flat products,26.34,61101,8,False
Austria,Germany,72085198,Hot-rolled flat products,26.328,39947,4,True
United Arab Emirates,United Arab Emirates,72169180,Angles shapes and sections,26.316,154118,2,False
China,Japan,72107010,Coated or plated flat products,26.3,32194,1,True
China,China,72189919,Stainless steel ingots and semi-finished,26.27,22242,2,False
Czechia,Germany,72285061,Other alloy bars rods and sections,26.249,42065,4,True
Portugal,Portugal,72151000,Other bars and rods,26.242,21781,1,False
Belgium,Austria,72171090,Wire,26.21,56634,1,True
Sweden,Italy,72149950,Other bars and rods,26.194,16607,1,True
Italy,IR,72172090,Wire,26.193,39078,1,True
Sweden,Spain,72282091,Other alloy bars rods and sections,26.149,20267,1,True
United Kingdom,Turkey,72172030,Wire,26.14,18298,1,True
United Kingdom,Netherlands,72011019,Pig iron,26.12,12044,1,True
Taiwan,Ireland,72123000,Coated flat products under 600mm,26.115,22036,1,True
Sweden,Italy,72149939,Other bars and rods,26.112,16320,1,True
Vietnam,Germany,72292000,Alloy steel wire,26.107,36818,12,True
India,India,72084000,Hot-rolled flat products,26.1,15455,1,False
China,United States,72193410,Stainless steel flat products,26.066,88469,2,True
Finland,Germany,72104900,Coated or plated flat products,26.04,26743,1,True
Germany,Poland,72193410,Stainless steel flat products,26.020000000000003,71577,2,True
Spain,Canada,72171039,Wire,26.004,18431,1,True
Turkey,Sweden,72024910,Ferro-alloys,26.0,130663,1,True
Hong Kong,China,72171039,Wire,26.0,17070,1,True
Sweden,Sweden,72025000,Ferro-alloys,26.0,22009,1,False
Kazakhstan,Sweden,72024910,Ferro-alloys,26.0,127847,1,True
Hong Kong,China,72123000,Coated flat products under 600mm,26.0,23340,1,True
Finland,Belgium,72254060,Other alloy flat products,26.0,37000,1,True
Indonesia,Indonesia,72202041,Stainless steel flat products under 600mm,26.0,84856,2,False
Italy,Slovakia,72172030,Wire,25.967000000000002,43009,2,True
Spain,Spain,72101220,Coated or plated flat products,25.959,16614,1,False
Austria,France,72269200,Other alloy flat products under 600mm,25.899,28599,1,True
Sweden,Finland,72253090,Other alloy flat products,25.89,29644,1,True
Germany,Spain,72254060,Other alloy flat products,25.862,30949,3,True
Austria,United States,72085390,Hot-rolled flat products,25.855,26561,2,True
Italy,Italy,72224010,Stainless steel bars sections and wire,25.844,227692,11,False
Turkey,Netherlands,72101220,Coated or plated flat products,25.829,22881,2,True
China,France,72254012,Other alloy flat products,25.817,63347,6,True
Sweden,Sweden,72169110,Angles shapes and sections,25.804,74442,17,False
Portugal,Spain,72285061,Other alloy bars rods and sections,25.782,34215,1,True
Turkey,Switzerland,72171039,Wire,25.778,19772,1,True
Italy,France,72287090,Other alloy bars rods and sections,25.74,23462,1,True
Poland,Poland,72287090,Other alloy bars rods and sections,25.74,38859,8,False
United States,United States,72249002,Alloy steel ingots and semi-finished,25.739,359435,9,False
Spain,France,72112380,Flat products under 600mm,25.738,46449,3,True
Spain,Spain,72193290,Stainless steel flat products,25.724,34646,3,False
Germany,Netherlands,72172010,Wire,25.72,48952,8,True
Spain,Germany,72285069,Other alloy bars rods and sections,25.699,62866,11,True
Germany,France,72283069,Other alloy bars rods and sections,25.687,79374,11,True
Spain,Austria,72107080,Coated or plated flat products,25.671,90533,17,True
Thailand,Netherlands,72199080,Stainless steel flat products,25.576999999999998,102652,4,True
Germany,Belgium,72284090,Other alloy bars rods and sections,25.576,24341,1,True
France,Netherlands,72222019,Stainless steel bars sections and wire,25.57,114126,10,True
China,Germany,72283069,Other alloy bars rods and sections,25.567999999999998,26861,2,True
Finland,Netherlands,72201100,Stainless steel flat products under 600mm,25.554000000000002,73356,5,True
United Kingdom,Ireland,72071190,Semi-finished steel,25.506,23391,1,True
Luxembourg,Belgium,72172030,Wire,25.492,27872,1,True
Hong Kong,Italy,72042110,Ferrous waste and scrap,25.49,46818,1,True
China,China,72109030,Coated or plated flat products,25.47,26181,2,False
Taiwan,Taiwan,72189110,Stainless steel ingots and semi-finished,25.464,46338,3,False
Czechia,Germany,72112330,Flat products under 600mm,25.447,31133,11,True
Italy,Sweden,72284090,Other alloy bars rods and sections,25.429,47823,1,True
Romania,Germany,72285069,Other alloy bars rods and sections,25.424,66236,18,True
France,France,72071114,Semi-finished steel,25.421000000000003,13081,2,False
China,France,72284010,Other alloy bars rods and sections,25.419,61527,8,True
Canada,Germany,72284010,Other alloy bars rods and sections,25.414,58421,3,True
Portugal,Spain,72139110,Hot-rolled bars and rods,25.38,13896,1,True
Germany,France,72255080,Other alloy flat products,25.34,27847,2,True
Italy,Belgium,72124080,Coated flat products under 600mm,25.32,28497,1,True
China,China,72149995,Other bars and rods,25.32,14884,2,False
Austria,Austria,72254015,Other alloy flat products,25.298,297937,18,False
Indonesia,Italy,72222081,Stainless steel bars sections and wire,25.272,67471,8,True
Germany,Netherlands,72269191,Other alloy flat products under 600mm,25.266,29705,3,True
United Arab Emirates,China,72124080,Coated flat products under 600mm,25.265,16341,1,True
Spain,Spain,72224050,Stainless steel bars sections and wire,25.253,646782,16,False
China,Hong Kong,72051000,Granules and powders,25.25,24065,1,True
Taiwan,Taiwan,72210090,Stainless steel bars and rods,25.233,224780,7,False
Vietnam,Vietnam,72193210,Stainless steel flat products,25.231,41320,1,False
Finland,Sweden,72192210,Stainless steel flat products,25.218,53336,1,True
Turkey,Turkey,72189980,Stainless steel ingots and semi-finished,25.208,398220,3,False
Sweden,Sweden,72249018,Alloy steel ingots and semi-finished,25.2,172325,11,False
France,Romania,72299090,Alloy steel wire,25.183,48816,4,True
Poland,France,72166110,Angles shapes and sections,25.181,42819,8,True
India,Germany,72230091,Stainless steel wire,25.176000000000002,82136,2,True
Belgium,Italy,72193410,Stainless steel flat products,25.168,104910,13,True
Australia,Austria,72171090,Wire,25.153,58406,1,True
Turkey,Albania,72299090,Alloy steel wire,25.138,26323,1,True
China,Germany,72223091,Stainless steel bars sections and wire,25.115000000000002,77288,3,True
Netherlands,Netherlands,72224050,Stainless steel bars sections and wire,25.108,127794,17,False
Austria,United States,72071114,Semi-finished steel,25.102,21681,1,True
Turkey,Turkey,72104100,Coated or plated flat products,25.072000000000003,44055,4,False
Portugal,Portugal,72125061,Coated flat products under 600mm,25.071,18427,1,False
Czechia,Germany,72149110,Other bars and rods,25.067,27777,6,True
United Kingdom,Ireland,72042110,Ferrous waste and scrap,25.06,21155,1,True
India,Belgium,72085191,Hot-rolled flat products,25.056,19244,2,True
Italy,Germany,72155080,Other bars and rods,25.054,54125,10,True
India,Switzerland,72024990,Ferro-alloys,25.05,73068,1,True
Ukraine,Austria,72285069,Other alloy bars rods and sections,25.039,45071,2,True
Spain,Germany,72283061,Other alloy bars rods and sections,25.038,53725,5,True
China,Turkey,72192290,Stainless steel flat products,25.033,44497,4,True
France,Netherlands,72159000,Other bars and rods,25.02,50590,4,True
Germany,Belgium,72103000,Coated or plated flat products,25.012,15221,2,True
Ireland,Ireland,72159000,Other bars and rods,25.003,11049,6,False
China,India,72165099,Angles shapes and sections,25.0,31225,1,True
Netherlands,Netherlands,72024910,Ferro-alloys,25.0,60693,1,False
China,Belgium,72024910,Ferro-alloys,25.0,107876,1,True
Luxembourg,Luxembourg,72024950,Ferro-alloys,25.0,101962,1,False
India,Thailand,72022910,Ferro-alloys,25.0,31435,1,True
India,China,72024190,Ferro-alloys,25.0,23982,1,True
Turkey,Estonia,72024950,Ferro-alloys,25.0,75788,1,True
India,Luxembourg,72024950,Ferro-alloys,25.0,75445,1,True
India,Netherlands,72029930,Ferro-alloys,25.0,20544,1,True
Chile,Netherlands,72024190,Ferro-alloys,25.0,18640,1,True
Sweden,Sweden,72191100,Stainless steel flat products,25.0,56448,2,False
Norway,Poland,72021900,Ferro-alloys,25.0,32177,1,True
China,NZ,72172090,Wire,25.0,25487,1,True
CR,CR,72043000,Ferrous waste and scrap,25.0,4177,1,False
QA,QA,72172030,Wire,25.0,21981,1,False
United Kingdom,France,72051000,Granules and powders,25.0,18102,1,True
Estonia,Estonia,72024950,Ferro-alloys,25.0,80480,1,False
Netherlands,Germany,72041000,Ferrous waste and scrap,25.0,5789,1,True
Indonesia,Turkey,72202049,Stainless steel flat products under 600mm,24.99,50908,1,True
Netherlands,France,72179020,Wire,24.98,21370,1,True
Finland,Germany,72283069,Other alloy bars rods and sections,24.98,55614,12,True
China,France,72169180,Angles shapes and sections,24.978,33754,1,True
Finland,Finland,72011011,Pig iron,24.96,15917,1,False
Czechia,Poland,72285069,Other alloy bars rods and sections,24.959999999999997,36264,2,True
France,Belgium,72171039,Wire,24.958,18369,1,True
Indonesia,Italy,72026000,Ferro-alloys,24.953,312105,1,True
Egypt,Egypt,72171010,Wire,24.93,19020,1,False
Germany,Netherlands,72141000,Other bars and rods,24.927,45303,7,True
Czechia,Czechia,72111900,Flat products under 600mm,24.907999999999998,23528,2,False
Unknown / not supplied,Ireland,72192300,Stainless steel flat products,24.894,68194,13,True
Czechia,Germany,72139149,Hot-rolled bars and rods,24.884,30746,3,True
India,Belgium,72021900,Ferro-alloys,24.86,26132,1,True
Germany,France,72171050,Wire,24.858,43390,2,True
Philippines,Netherlands,72101220,Coated or plated flat products,24.854,38820,2,True
Spain,Ireland,72142000,Other bars and rods,24.837,29888,7,True
Germany,Spain,72172030,Wire,24.828,20578,1,True
Ireland,Ireland,72163390,Angles shapes and sections,24.818,19107,1,False
Turkey,Turkey,72089020,Hot-rolled flat products,24.813,38190,4,False
Turkey,United Arab Emirates,72164010,Angles shapes and sections,24.808,17310,2,True
Sweden,Netherlands,72166190,Angles shapes and sections,24.803,81915,2,True
United Kingdom,Netherlands,72202041,Stainless steel flat products under 600mm,24.8,91205,1,True
Taiwan,Germany,72199080,Stainless steel flat products,24.79,175080,9,True
Turkey,Turkey,72223051,Stainless steel bars sections and wire,24.746,83652,1,False
France,Germany,72172030,Wire,24.738,25052,1,True
Ireland,Ireland,72022100,Ferro-alloys,24.68,22128,1,False
Turkey,Finland,72171090,Wire,24.669,20663,1,True
China,Netherlands,72284090,Other alloy bars rods and sections,24.654,38277,3,True
India,India,72071912,Semi-finished steel,24.63,28727,1,False
Spain,Spain,72072080,Semi-finished steel,24.601,54275,3,False
Poland,Spain,72179020,Wire,24.56,16946,1,True
Germany,France,72221181,Stainless steel bars sections and wire,24.558,277433,4,True
France,France,72123000,Coated flat products under 600mm,24.552,33733,2,False
Taiwan,Italy,72254090,Other alloy flat products,24.544999999999998,24798,4,True
Brazil,Netherlands,72285069,Other alloy bars rods and sections,24.543,261241,12,True
Belgium,France,72202049,Stainless steel flat products under 600mm,24.541,34783,2,True
Albania,Germany,72024190,Ferro-alloys,24.54,28066,1,True
United States,United States,72299050,Alloy steel wire,24.525000000000002,226913,5,False
Italy,Netherlands,72165091,Angles shapes and sections,24.524,31485,7,True
China,Slovenia,72022990,Ferro-alloys,24.503,44568,2,True
South Korea,China,72171039,Wire,24.5,16180,1,True
Turkey,Turkey,72072080,Semi-finished steel,24.490000000000002,64659,3,False
India,India,72179020,Wire,24.488,23667,1,False
India,Turkey,72124080,Coated flat products under 600mm,24.484,65202,1,True
France,BB,72149110,Other bars and rods,24.469,14687,1,True
Turkey,Chile,72042110,Ferrous waste and scrap,24.468,41430,1,True
Germany,France,72151000,Other bars and rods,24.465,20187,1,True
Spain,Germany,72283069,Other alloy bars rods and sections,24.461,65835,16,True
South Africa,Italy,72024950,Ferro-alloys,24.46,72689,1,True
Germany,Germany,72044910,Ferrous waste and scrap,24.436999999999998,141754,3,False
China,Netherlands,72165099,Angles shapes and sections,24.424,2572,1,True
Denmark,Netherlands,72085120,Hot-rolled flat products,24.408,24487,2,True
Czechia,Czechia,72149939,Other bars and rods,24.371,16818,2,False
United Kingdom,Oman,72044990,Ferrous waste and scrap,24.37,5675,1,True
Unknown / not supplied,Belgium,72259200,Other alloy flat products,24.36,17103,2,True
Vietnam,Ireland,72259900,Other alloy flat products,24.36,23470,1,True
PE,PE,72172030,Wire,24.33,20922,1,False
Netherlands,Germany,72166190,Angles shapes and sections,24.285,62436,2,True
China,Belgium,72071210,Semi-finished steel,24.272,21163,1,True
Unknown / not supplied,Belgium,72259100,Other alloy flat products,24.270000000000003,15271,2,True
Netherlands,Germany,72142000,Other bars and rods,24.261,17519,1,True
Italy,France,72283070,Other alloy bars rods and sections,24.26,16922,1,True
Italy,France,72165099,Angles shapes and sections,24.25,37003,2,True
Belgium,Belgium,72042190,Ferrous waste and scrap,24.24,26196,1,False
France,France,72201100,Stainless steel flat products under 600mm,24.236,70032,8,False
Japan,Denmark,72172030,Wire,24.226,78481,11,True
Sweden,Finland,72192290,Stainless steel flat products,24.225,66247,5,True
United States,United States,72202021,Stainless steel flat products under 600mm,24.220999999999997,86778,14,False
Italy,Netherlands,72254060,Other alloy flat products,24.216,21830,4,True
Netherlands,Netherlands,72279010,Alloy bars and rods hot-rolled,24.215,29350,1,False
Finland,France,72193390,Stainless steel flat products,24.21,42502,2,True
United Kingdom,Netherlands,72043000,Ferrous waste and scrap,24.2,6493,1,True
United Kingdom,India,72044910,Ferrous waste and scrap,24.18,7041,1,True
Spain,PA,72269191,Other alloy flat products under 600mm,24.175,17857,1,True
Germany,Netherlands,72139910,Hot-rolled bars and rods,24.17,21140,1,True
Netherlands,Germany,72131000,Hot-rolled bars and rods,24.17,14202,1,True
Japan,Italy,72254090,Other alloy flat products,24.166,24314,1,True
China,Turkey,72171010,Wire,24.16,16386,1,True
Belgium,Sweden,72089080,Hot-rolled flat products,24.16,26134,1,True
Germany,Turkey,72164010,Angles shapes and sections,24.15,166117,1,True
Luxembourg,Spain,72163390,Angles shapes and sections,24.14,19994,1,True
Germany,United States,72071912,Semi-finished steel,24.123,21926,2,True
Slovenia,Slovenia,72029930,Ferro-alloys,24.1,44512,1,False
Spain,Spain,72286020,Other alloy bars rods and sections,24.08,21672,1,False
Poland,Czechia,72285069,Other alloy bars rods and sections,24.08,26247,1,True
Germany,France,72230019,Stainless steel wire,24.066,172844,12,True
United Kingdom,United States,72071114,Semi-finished steel,24.065,20526,1,True
PA,China,72261100,Other alloy flat products under 600mm,24.059,46573,1,True
Brazil,France,72285069,Other alloy bars rods and sections,24.055,364974,8,True
Italy,Belgium,72222019,Stainless steel bars sections and wire,24.052,130689,11,True
Slovakia,United States,72071114,Semi-finished steel,24.042,19983,1,True
Taiwan,Vietnam,72192300,Stainless steel flat products,24.035,42529,1,True
Spain,Spain,72254060,Other alloy flat products,24.026,31624,6,False
Germany,Belgium,72261980,Other alloy flat products under 600mm,24.023,22232,1,True
Denmark,Belgium,72085299,Hot-rolled flat products,24.018,22097,1,True
Netherlands,Netherlands,72089020,Hot-rolled flat products,24.01,53157,14,False
Latvia,Latvia,72044199,Ferrous waste and scrap,24.0,10174,1,False
Belgium,Germany,72027000,Ferro-alloys,24.0,1359333,1,True
Germany,Switzerland,72024910,Ferro-alloys,24.0,98444,1,True
China,India,72022100,Ferro-alloys,24.0,98146,1,True
AR,AR,72022910,Ferro-alloys,24.0,48383,1,False
AR,AR,72022100,Ferro-alloys,24.0,32207,1,False
Norway,Norway,72029930,Ferro-alloys,24.0,31280,1,False
China,China,72022910,Ferro-alloys,24.0,31019,1,False
Germany,France,72029910,Ferro-alloys,24.0,42257,1,True
Sierra Leone,Germany,72071912,Semi-finished steel,24.0,20749,1,True
Norway,Norway,72022910,Ferro-alloys,24.0,26073,1,False
China,Belgium,72029910,Ferro-alloys,24.0,10686,1,True
Sierra Leone,Sierra Leone,72223091,Stainless steel bars sections and wire,24.0,95147,1,False
Norway,Norway,72028000,Ferro-alloys,24.0,31844,1,False
Unknown / not supplied,Germany,72139110,Hot-rolled bars and rods,24.0,25412,1,True
China,Sierra Leone,72022990,Ferro-alloys,24.0,23886,1,True
Hong Kong,Hong Kong,72191410,Stainless steel flat products,24.0,67809,1,False
Spain,Ireland,72155019,Other bars and rods,23.986,22191,5,True
Luxembourg,Netherlands,72287090,Other alloy bars rods and sections,23.979,25234,1,True
France,France,72171010,Wire,23.977,87502,14,False
Switzerland,Romania,72222031,Stainless steel bars sections and wire,23.965,341002,25,True
Netherlands,Belgium,72254060,Other alloy flat products,23.961,57575,1,True
United Kingdom,Spain,72166110,Angles shapes and sections,23.947,65475,1,True
Germany,France,72112380,Flat products under 600mm,23.933,54687,1,True
Italy,Germany,72222081,Stainless steel bars sections and wire,23.911,63696,22,True
Greece,Greece,72201200,Stainless steel flat products under 600mm,23.907,30466,1,False
China,China,72011030,Pig iron,23.9,21384,1,False
Ireland,Ireland,72261980,Other alloy flat products under 600mm,23.895,6338,1,False
India,China,72172010,Wire,23.862,46298,1,True
Spain,Spain,72249031,Alloy steel ingots and semi-finished,23.854,30711,1,False
Germany,Germany,72042900,Ferrous waste and scrap,23.839000000000002,91989,3,False
Germany,Austria,72259900,Other alloy flat products,23.83,18997,1,True
Indonesia,China,72201200,Stainless steel flat products under 600mm,23.83,38708,1,True
United Kingdom,Italy,72269200,Other alloy flat products under 600mm,23.828,36050,1,True
China,Turkey,72199080,Stainless steel flat products,23.821,49120,1,True
China,Hong Kong,72193310,Stainless steel flat products,23.814,72411,1,True
North Macedonia,Greece,72149950,Other bars and rods,23.8,14852,1,True
Italy,Germany,72172030,Wire,23.793,27889,1,True
Austria,France,72171090,Wire,23.792,51547,1,True
Italy,Italy,72119080,Flat products under 600mm,23.791999999999998,65215,4,False
Italy,France,72284090,Other alloy bars rods and sections,23.778,38896,3,True
Turkey,Turkey,72173050,Wire,23.776,20260,1,False
Portugal,Portugal,72292000,Alloy steel wire,23.76,28704,1,False
Belgium,NA,72254090,Other alloy flat products,23.76,24279,1,True
Finland,Sweden,72085291,Hot-rolled flat products,23.76,43220,1,True
United States,Germany,72024910,Ferro-alloys,23.75,115890,1,True
Italy,Germany,72085299,Hot-rolled flat products,23.75,24446,5,True
Italy,Italy,72284010,Other alloy bars rods and sections,23.743,66077,8,False
United Kingdom,Greece,72024190,Ferro-alloys,23.736,68452,2,True
Bulgaria,Bulgaria,72085198,Hot-rolled flat products,23.73,17812,1,False
Poland,Poland,72139149,Hot-rolled bars and rods,23.7,16536,1,False
North Macedonia,Greece,72149939,Other bars and rods,23.69,14815,1,True
United Kingdom,Poland,72044990,Ferrous waste and scrap,23.68,818,1,True
Norway,Sweden,72123000,Coated flat products under 600mm,23.661,26027,1,True
Japan,Japan,72285061,Other alloy bars rods and sections,23.627,31454,1,False
United Kingdom,Ireland,72084000,Hot-rolled flat products,23.627,22890,7,True
Belgium,Belgium,72209080,Stainless steel flat products under 600mm,23.626,557429,18,False
South Africa,Germany,72202049,Stainless steel flat products under 600mm,23.625,53698,3,True
Kenya,Kenya,72042110,Ferrous waste and scrap,23.61,23890,1,False
Netherlands,Germany,72164010,Angles shapes and sections,23.6,144546,1,True
Sweden,Sweden,72223091,Stainless steel bars sections and wire,23.595,151109,2,False
South Korea,Netherlands,72165091,Angles shapes and sections,23.58,5381,1,True
Netherlands,China,72202041,Stainless steel flat products under 600mm,23.579,39052,1,True
Germany,Sweden,72163291,Angles shapes and sections,23.548,17426,1,True
Unknown / not supplied,Germany,72222021,Stainless steel bars sections and wire,23.541,62608,14,True
Finland,Sweden,72085390,Hot-rolled flat products,23.532,27109,1,True
Germany,Austria,72085191,Hot-rolled flat products,23.514,22760,1,True
Poland,Poland,72288000,Other alloy bars rods and sections,23.51,37428,1,False
South Korea,France,72125069,Coated flat products under 600mm,23.51,32610,4,True
United States,United States,72112380,Flat products under 600mm,23.485,204226,14,False
Poland,Italy,72123000,Coated flat products under 600mm,23.478,22483,1,True
Poland,Poland,72249018,Alloy steel ingots and semi-finished,23.43,65540,1,False
Switzerland,Switzerland,72269191,Other alloy flat products under 600mm,23.424,19558,1,False
Germany,Belgium,72193100,Stainless steel flat products,23.416,48415,4,True
Germany,Italy,72285080,Other alloy bars rods and sections,23.382,20007,1,True
Taiwan,China,72193490,Stainless steel flat products,23.343999999999998,35426,2,True
Finland,Germany,72192210,Stainless steel flat products,23.321,70573,14,True
Germany,Spain,72279095,Alloy bars and rods hot-rolled,23.312,25326,1,True
Belgium,Poland,72191100,Stainless steel flat products,23.309,154710,10,True
Netherlands,Germany,72123000,Coated flat products under 600mm,23.298,18224,1,True
Malaysia,Denmark,72202081,Stainless steel flat products under 600mm,23.291,175814,2,True
Hungary,Hungary,72283061,Other alloy bars rods and sections,23.283,36554,1,False
Finland,France,72191410,Stainless steel flat products,23.264,44451,2,True
Netherlands,Netherlands,72286080,Other alloy bars rods and sections,23.230999999999998,51088,3,False
Bulgaria,Bulgaria,72172030,Wire,23.228,19532,1,False
Czechia,France,72155080,Other bars and rods,23.226,24223,1,True
Spain,Spain,72202021,Stainless steel flat products under 600mm,23.216,61013,6,False
Denmark,Denmark,72149939,Other bars and rods,23.205000000000002,16575,3,False
Spain,Spain,72125020,Coated flat products under 600mm,23.2,17488,1,False
France,France,72091899,Cold-rolled flat products,23.192,75646,5,False
Belgium,Belgium,72124080,Coated flat products under 600mm,23.185000000000002,28270,5,False
Italy,France,72254040,Other alloy flat products,23.18,22309,1,True
South Korea,South Korea,72259200,Other alloy flat products,23.17,22442,1,False
Germany,Czechia,72091500,Cold-rolled flat products,23.16,31301,2,True
Germany,Germany,72159000,Other bars and rods,23.158,100022,18,False
Taiwan,Poland,72193390,Stainless steel flat products,23.154,42893,3,True
United Kingdom,United States,72124080,Coated flat products under 600mm,23.153,60393,1,True
France,Netherlands,72092790,Cold-rolled flat products,23.14,17068,1,True
Germany,Spain,72112900,Flat products under 600mm,23.13,34853,1,True
Spain,France,72171039,Wire,23.115000000000002,30957,2,True
Spain,France,72202081,Stainless steel flat products under 600mm,23.109,59550,3,True
Spain,Netherlands,72279010,Alloy bars and rods hot-rolled,23.106,31374,1,True
Unknown / not supplied,Germany,72222081,Stainless steel bars sections and wire,23.1,58457,17,True
Turkey,Turkey,72281050,Other alloy bars rods and sections,23.094,137338,5,False
China,China,72111400,Flat products under 600mm,23.083000000000002,94727,11,False
Italy,France,72179050,Wire,23.06,27744,1,True
Netherlands,Sweden,72142000,Other bars and rods,23.041,14974,2,True
Germany,Belgium,72085291,Hot-rolled flat products,23.04,17874,1,True
Poland,Belgium,72179020,Wire,23.032,30269,1,True
China,Belgium,72149939,Other bars and rods,23.014,18317,6,True
China,Netherlands,72024950,Ferro-alloys,23.0,92045,3,True
Spain,Ireland,72163299,Angles shapes and sections,23.0,132028,4,True
India,Netherlands,72022100,Ferro-alloys,23.0,25679,1,True
Greece,France,72119080,Flat products under 600mm,23.0,17933,1,True
Germany,France,72179020,Wire,22.991,42148,2,True
Indonesia,Turkey,72193590,Stainless steel flat products,22.97,44808,1,True
United States,United States,72193590,Stainless steel flat products,22.968,104669,7,False
Thailand,Thailand,72193410,Stainless steel flat products,22.958,91742,1,False
Germany,France,72261100,Other alloy flat products under 600mm,22.958,54891,2,True
Romania,France,72166190,Angles shapes and sections,22.945,48088,1,True
San Marino,Italy,72107080,Coated or plated flat products,22.931,44692,1,True
Germany,Netherlands,72193590,Stainless steel flat products,22.928,30762,3,True
United Kingdom,Switzerland,72222021,Stainless steel bars sections and wire,22.925,77299,1,True
China,China,72285040,Other alloy bars rods and sections,22.891000000000002,28441,9,False
China,China,72249002,Alloy steel ingots and semi-finished,22.868000000000002,85917,7,False
Netherlands,Mexico,72202021,Stainless steel flat products under 600mm,22.854,19151,1,True
Spain,Italy,72172030,Wire,22.852,20041,1,True
Austria,Netherlands,72222011,Stainless steel bars sections and wire,22.85,146280,1,True
Italy,Netherlands,72149190,Other bars and rods,22.843,21146,1,True
India,China,72166900,Angles shapes and sections,22.84,26918,1,True
Italy,Italy,72085400,Hot-rolled flat products,22.83,19474,4,False
Germany,France,72029980,Ferro-alloys,22.824,36065,1,True
Italy,Belgium,72149971,Other bars and rods,22.82,16632,1,True
Italy,Germany,72193210,Stainless steel flat products,22.817999999999998,69585,6,True
Italy,Italy,72109040,Coated or plated flat products,22.816000000000003,44033,3,False
Belgium,France,72169180,Angles shapes and sections,22.8,24763,1,True
China,Italy,72193310,Stainless steel flat products,22.8,47178,2,True
Japan,Belgium,72071114,Semi-finished steel,22.784,34860,1,True
Poland,Poland,72124080,Coated flat products under 600mm,22.778,136635,5,False
Spain,France,72172090,Wire,22.774,27908,1,True
Tunisia,Tunisia,72044110,Ferrous waste and scrap,22.75,42474,1,False
Italy,Italy,72021180,Ferro-alloys,22.75,177089,13,False
Spain,Sweden,72202041,Stainless steel flat products under 600mm,22.741,48461,1,True
Turkey,Netherlands,72071116,Semi-finished steel,22.74,10806,1,True
Italy,Poland,72230019,Stainless steel wire,22.735,107658,4,True
Poland,Italy,72149931,Other bars and rods,22.733999999999998,17673,3,True
South Korea,Netherlands,72103000,Coated or plated flat products,22.73,17729,1,True
Ukraine,Denmark,72172030,Wire,22.706,27647,1,True
France,Netherlands,72254090,Other alloy flat products,22.696,37371,4,True
Austria,Austria,72284010,Other alloy bars rods and sections,22.695,93172,4,False
Denmark,Germany,72171090,Wire,22.682,50191,1,True
Belgium,Poland,72085191,Hot-rolled flat products,22.68,22857,1,True
Denmark,Netherlands,72149110,Other bars and rods,22.64,19636,9,True
Czechia,Netherlands,72261100,Other alloy flat products under 600mm,22.639,36750,1,True
Italy,Germany,72222029,Stainless steel bars sections and wire,22.627,121048,13,True
Spain,France,72222011,Stainless steel bars sections and wire,22.602000000000004,66233,7,True
India,Belgium,72024190,Ferro-alloys,22.6,27500,1,True
Spain,Germany,72269200,Other alloy flat products under 600mm,22.586,50523,1,True
Italy,China,72179050,Wire,22.576,19061,1,True
United States,United States,72224090,Stainless steel bars sections and wire,22.567999999999998,989448,29,False
Germany,Italy,72163211,Angles shapes and sections,22.564999999999998,37062,18,True
China,China,72209020,Stainless steel flat products under 600mm,22.551000000000002,198496,9,False
Germany,Poland,72125069,Coated flat products under 600mm,22.55,29729,1,True
Germany,Belgium,72165010,Angles shapes and sections,22.528,42604,1,True
Lithuania,Denmark,72223097,Stainless steel bars sections and wire,22.458,285637,3,True
Italy,Spain,72269200,Other alloy flat products under 600mm,22.44,33741,1,True
China,Turkey,72202041,Stainless steel flat products under 600mm,22.436999999999998,52704,3,True
Turkey,Luxembourg,72172030,Wire,22.435,26241,1,True
Italy,Belgium,72044990,Ferrous waste and scrap,22.4,2173,1,True
India,Germany,72249018,Alloy steel ingots and semi-finished,22.399,70248,3,True
Spain,Spain,72202089,Stainless steel flat products under 600mm,22.396,80517,5,False
Netherlands,Netherlands,72029100,Ferro-alloys,22.392,70661,1,False
United Kingdom,Netherlands,72163211,Angles shapes and sections,22.374,18833,4,True
Italy,Italy,72209020,Stainless steel flat products under 600mm,22.371,917138,16,False
United Kingdom,United States,72043000,Ferrous waste and scrap,22.345,12160,1,True
China,China,72192190,Stainless steel flat products,22.328,33466,3,False
Unknown / not supplied,Netherlands,72173041,Wire,22.3,37117,13,True
Germany,Belgium,72193410,Stainless steel flat products,22.27,49284,4,True
Netherlands,Belgium,72112330,Flat products under 600mm,22.267,10998,3,True
Germany,France,72083900,Hot-rolled flat products,22.23,12724,1,True
Belgium,Belgium,72179090,Wire,22.221999999999998,94120,5,False
Germany,France,72071210,Semi-finished steel,22.209,11344,1,True
South Africa,Netherlands,72191290,Stainless steel flat products,22.2,28891,1,True
United Kingdom,Belgium,72044990,Ferrous waste and scrap,22.2,2165,1,True
Netherlands,Belgium,72193210,Stainless steel flat products,22.194,46419,2,True
Japan,Sweden,72299090,Alloy steel wire,22.19,112371,6,True
France,Netherlands,72222029,Stainless steel bars sections and wire,22.164,101313,14,True
Hong Kong,China,72202029,Stainless steel flat products under 600mm,22.156,21974,1,True
United States,Germany,72202041,Stainless steel flat products under 600mm,22.133000000000003,290424,8,True
Spain,Spain,72101100,Coated or plated flat products,22.127000000000002,35310,5,False
Morocco,Morocco,72083900,Hot-rolled flat products,22.11,14490,1,False
United Kingdom,Germany,72171090,Wire,22.092,45752,1,True
Singapore,India,72193410,Stainless steel flat products,22.075,36090,1,True
India,Poland,72230019,Stainless steel wire,22.066,80024,18,True
Romania,United States,72072080,Semi-finished steel,22.0,212909,1,True
Norway,Norway,72022100,Ferro-alloys,22.0,9530,1,False
Brazil,France,72022100,Ferro-alloys,22.0,24057,1,True
Canada,Czechia,72292000,Alloy steel wire,22.0,31203,1,True
India,Germany,72221111,Stainless steel bars sections and wire,21.997,81906,18,True
India,Germany,72222029,Stainless steel bars sections and wire,21.992,76742,20,True
Vietnam,Poland,72193490,Stainless steel flat products,21.979,39396,1,True
Italy,Spain,72283061,Other alloy bars rods and sections,21.966,45291,3,True
Australia,Australia,72042900,Ferrous waste and scrap,21.939999999999998,232474,2,False
Belgium,France,72284090,Other alloy bars rods and sections,21.925,24288,2,True
India,India,72209020,Stainless steel flat products under 600mm,21.92,100070,3,False
Mexico,Mexico,72105000,Coated or plated flat products,21.911,86502,1,False
Brazil,Belgium,72193310,Stainless steel flat products,21.872,57830,4,True
Austria,Austria,72071114,Semi-finished steel,21.866,83440,7,False
Germany,Germany,72230099,Stainless steel wire,21.864,728544,26,False
Austria,Austria,72192300,Stainless steel flat products,21.863,368742,16,False
Germany,Netherlands,72222081,Stainless steel bars sections and wire,21.861,173424,8,True
India,Denmark,72104900,Coated or plated flat products,21.84,19441,2,True
Spain,Ireland,72112900,Flat products under 600mm,21.838,30147,1,True
China,Germany,72149931,Other bars and rods,21.837999999999997,22866,3,True
Italy,Germany,72149939,Other bars and rods,21.826,24532,6,True
Sweden,Netherlands,72191290,Stainless steel flat products,21.826,54360,1,True
Poland,Poland,72171050,Wire,21.742,28671,1,False
Taiwan,Ireland,72104900,Coated or plated flat products,21.718,13974,2,True
Belgium,Belgium,72202081,Stainless steel flat products under 600mm,21.709,50147,5,False
France,France,72230091,Stainless steel wire,21.642,349418,20,False
Slovakia,Germany,72166190,Angles shapes and sections,21.608,26607,5,True
China,Italy,72292000,Alloy steel wire,21.6,19991,1,True
South Korea,Vietnam,72299090,Alloy steel wire,21.6,25056,1,True
India,United Arab Emirates,72202081,Stainless steel flat products under 600mm,21.599,75088,1,True
Greece,Greece,72042110,Ferrous waste and scrap,21.59,21957,1,False
Thailand,Italy,72193410,Stainless steel flat products,21.59,105760,15,True
Egypt,Belgium,72283069,Other alloy bars rods and sections,21.572,22937,2,True
Ukraine,Poland,72285069,Other alloy bars rods and sections,21.552,44915,2,True
United Kingdom,Netherlands,72171039,Wire,21.552,23343,2,True
Netherlands,Germany,72299090,Alloy steel wire,21.531,37732,2,True
Sweden,Sweden,72149910,Other bars and rods,21.504,15483,1,False
Germany,Germany,72041000,Ferrous waste and scrap,21.5,4862,1,False
Finland,Ireland,72193100,Stainless steel flat products,21.455,56799,9,True
Czechia,Czechia,72286080,Other alloy bars rods and sections,21.454,62641,23,False
China,Germany,72024190,Ferro-alloys,21.44,31652,1,True
Romania,Romania,72222029,Stainless steel bars sections and wire,21.438,54945,7,False
Poland,Netherlands,72163219,Angles shapes and sections,21.424,30613,3,True
Austria,Germany,72221181,Stainless steel bars sections and wire,21.424,326807,16,True
Czechia,Czechia,72091790,Cold-rolled flat products,21.408,22721,2,False
Spain,Ireland,72163310,Angles shapes and sections,21.406,47138,6,True
Portugal,Portugal,72112380,Flat products under 600mm,21.392,16900,1,False
United Arab Emirates,Ireland,72163291,Angles shapes and sections,21.378999999999998,35199,2,True
China,Ireland,72193310,Stainless steel flat products,21.377000000000002,35119,1,True
Netherlands,Germany,72254040,Other alloy flat products,21.375,35860,3,True
China,Poland,72029980,Ferro-alloys,21.365,34663,1,True
Italy,France,72189980,Stainless steel ingots and semi-finished,21.360999999999997,672118,3,True
Sweden,Netherlands,72254040,Other alloy flat products,21.347,49424,4,True
Denmark,Denmark,72124080,Coated flat products under 600mm,21.339,48736,8,False
South Korea,Belgium,72103000,Coated or plated flat products,21.33,18131,1,True
China,Netherlands,72286080,Other alloy bars rods and sections,21.318,28081,1,True
China,Sweden,72101220,Coated or plated flat products,21.28,19845,1,True
Finland,Belgium,72199080,Stainless steel flat products,21.265,59283,2,True
Spain,Portugal,72285061,Other alloy bars rods and sections,21.26,43409,1,True
Germany,Germany,72286080,Other alloy bars rods and sections,21.247,89071,10,False
Finland,Netherlands,72089080,Hot-rolled flat products,21.240000000000002,5277,2,True
Italy,France,72149110,Other bars and rods,21.224,23128,4,True
Poland,Germany,72283069,Other alloy bars rods and sections,21.222,48929,11,True
Germany,Netherlands,72202089,Stainless steel flat products under 600mm,21.203,144544,2,True
Denmark,Denmark,72155019,Other bars and rods,21.199,38052,3,False
Vietnam,Vietnam,72209080,Stainless steel flat products under 600mm,21.165,20403,1,False
France,Poland,72283061,Other alloy bars rods and sections,21.16,37803,1,True
Taiwan,Taiwan,72284090,Other alloy bars rods and sections,21.157,146928,1,False
France,Netherlands,72082500,Hot-rolled flat products,21.134,13817,1,True
Belgium,France,72202041,Stainless steel flat products under 600mm,21.116,54216,3,True
Mexico,Switzerland,72230019,Stainless steel wire,21.066,74898,5,True
Germany,Belgium,72199080,Stainless steel flat products,21.054999999999996,53253,4,True
Brazil,Brazil,72072080,Semi-finished steel,21.054,9166,1,False
Germany,Italy,72202041,Stainless steel flat products under 600mm,21.044,56485,2,True
India,India,72224050,Stainless steel bars sections and wire,21.026,195051,4,False
United Kingdom,Greece,72029980,Ferro-alloys,21.0,19809,1,True
NG,NG,72149931,Other bars and rods,21.0,10958,1,False
WF,Taiwan,72193510,Stainless steel flat products,21.0,50954,1,True
France,France,72287090,Other alloy bars rods and sections,21.0,448709,2,False
Sweden,Sweden,72109030,Coated or plated flat products,20.988,63538,6,False
China,Ireland,72149950,Other bars and rods,20.966,28870,1,True
Azerbaijan,Azerbaijan,72149950,Other bars and rods,20.965,10737,1,False
Italy,Switzerland,72222089,Stainless steel bars sections and wire,20.964,223808,5,True
Netherlands,Netherlands,72166900,Angles shapes and sections,20.961,40081,5,False
Romania,France,72085310,Hot-rolled flat products,20.952,26646,1,True
Indonesia,Taiwan,72193410,Stainless steel flat products,20.95,30966,1,True
LA,Belgium,72022100,Ferro-alloys,20.94,22860,1,True
United Arab Emirates,Belgium,72104900,Coated or plated flat products,20.932000000000002,19989,2,True
Sweden,Germany,72269191,Other alloy flat products under 600mm,20.886,306502,7,True
China,Germany,72121010,Coated flat products under 600mm,20.882,29667,1,True
China,Poland,72259200,Other alloy flat products,20.88,30265,1,True
Slovenia,Slovenia,72283020,Other alloy bars rods and sections,20.87,73074,5,False
Germany,Czechia,72091790,Cold-rolled flat products,20.85,21201,1,True
Italy,France,72224010,Stainless steel bars sections and wire,20.833,461608,2,True
Germany,Austria,72085291,Hot-rolled flat products,20.832,22142,2,True
Germany,Belgium,72254090,Other alloy flat products,20.821,20016,1,True
Germany,Germany,72155019,Other bars and rods,20.818,50151,9,False
Netherlands,Germany,72101220,Coated or plated flat products,20.81,25133,1,True
Germany,Portugal,72222031,Stainless steel bars sections and wire,20.774,189528,3,True
France,Germany,72222011,Stainless steel bars sections and wire,20.771,148055,17,True
Hong Kong,Hong Kong,72193510,Stainless steel flat products,20.77,49416,1,False
Italy,Belgium,72111900,Flat products under 600mm,20.759,31280,1,True
Austria,Germany,72222011,Stainless steel bars sections and wire,20.756,263621,13,True
France,Germany,72083800,Hot-rolled flat products,20.753,13188,1,True
Germany,France,72189980,Stainless steel ingots and semi-finished,20.751,171228,2,True
Austria,Ireland,72142000,Other bars and rods,20.748,33893,13,True
Germany,Germany,72224010,Stainless steel bars sections and wire,20.748,204381,13,False
Spain,France,72085291,Hot-rolled flat products,20.736,17025,1,True
France,France,72281020,Other alloy bars rods and sections,20.734,429831,27,False
Vietnam,Switzerland,72193390,Stainless steel flat products,20.722,33570,1,True
United States,United States,72201100,Stainless steel flat products under 600mm,20.722,596391,29,False
Finland,Germany,72082700,Hot-rolled flat products,20.72,12038,1,True
United Kingdom,Netherlands,72259900,Other alloy flat products,20.72,32675,3,True
Austria,Lithuania,72169180,Angles shapes and sections,20.714,7845,1,True
Hungary,Netherlands,72111900,Flat products under 600mm,20.713,19733,1,True
Sweden,France,72192210,Stainless steel flat products,20.708,116545,8,True
India,Indonesia,72222019,Stainless steel bars sections and wire,20.706,47839,1,True
Germany,Netherlands,72092690,Cold-rolled flat products,20.698,18881,3,True
Poland,Poland,72165099,Angles shapes and sections,20.689,86602,8,False
Hong Kong,China,72193210,Stainless steel flat products,20.687,31589,1,True
Unknown / not supplied,Ireland,72132000,Hot-rolled bars and rods,20.677,12602,26,True
United Kingdom,Saudi Arabia,72221189,Stainless steel bars sections and wire,20.67,27699,1,True
Vietnam,Vietnam,72193100,Stainless steel flat products,20.667,33845,1,False
Japan,United Arab Emirates,72161000,Angles shapes and sections,20.645,7286,1,True
Spain,Portugal,72165010,Angles shapes and sections,20.593,31643,1,True
Finland,Netherlands,72193510,Stainless steel flat products,20.59,50831,3,True
France,Germany,72192110,Stainless steel flat products,20.586,136621,11,True
Belgium,Belgium,72172050,Wire,20.584,30747,1,False
Belgium,Netherlands,72202021,Stainless steel flat products under 600mm,20.571,44714,9,True
India,France,72230019,Stainless steel wire,20.568,85273,16,True
Indonesia,Vietnam,72192210,Stainless steel flat products,20.554,28602,1,True
France,France,72072052,Semi-finished steel,20.548,12778,1,False
Greece,Greece,72042190,Ferrous waste and scrap,20.539,19974,1,False
Hungary,France,72104900,Coated or plated flat products,20.47,17290,1,True
Italy,France,72222031,Stainless steel bars sections and wire,20.444000000000003,70957,3,True
Romania,Germany,72285061,Other alloy bars rods and sections,20.441,50007,9,True
Germany,Italy,72111900,Flat products under 600mm,20.408,22811,2,True
Germany,Germany,72091899,Cold-rolled flat products,20.401999999999997,34660,2,False
Vietnam,Vietnam,72299020,Alloy steel wire,20.4,25716,1,False
Unknown / not supplied,Germany,72149110,Other bars and rods,20.356,47040,2,True
India,United Arab Emirates,72193410,Stainless steel flat products,20.349,64729,1,True
Turkey,Portugal,72107080,Coated or plated flat products,20.347,43593,2,True
United Kingdom,France,72169180,Angles shapes and sections,20.336,22398,1,True
France,Belgium,72279095,Alloy bars and rods hot-rolled,20.323,27707,1,True
China,Indonesia,72193410,Stainless steel flat products,20.318,32204,1,True
Indonesia,Indonesia,72192110,Stainless steel flat products,20.307,37083,1,False
Hong Kong,Hong Kong,72193390,Stainless steel flat products,20.291,37002,2,False
Japan,Japan,72193510,Stainless steel flat products,20.282,218367,11,False
Austria,Sweden,72249002,Alloy steel ingots and semi-finished,20.247,120546,23,True
France,Italy,72254090,Other alloy flat products,20.246,16014,1,True
Germany,Italy,72254090,Other alloy flat products,20.246,1934,1,True
Belgium,Netherlands,72106900,Coated or plated flat products,20.237,17809,1,True
United Kingdom,Germany,72210010,Stainless steel bars and rods,20.232,59666,1,True
France,Germany,72281020,Other alloy bars rods and sections,20.229,321490,17,True
Unknown / not supplied,Germany,72283061,Other alloy bars rods and sections,20.22,24831,10,True
France,Portugal,72222021,Stainless steel bars sections and wire,20.214,59841,3,True
United Kingdom,Germany,72222081,Stainless steel bars sections and wire,20.21,56735,8,True
Turkey,Turkey,72173090,Wire,20.198,20052,2,False
Austria,Austria,72192400,Stainless steel flat products,20.197,654018,20,False
South Korea,Germany,72202081,Stainless steel flat products under 600mm,20.188,94597,10,True
Italy,Italy,72230091,Stainless steel wire,20.174,46173,4,False
Czechia,France,72284090,Other alloy bars rods and sections,20.17,21857,1,True
China,China,72092790,Cold-rolled flat products,20.17,16967,1,False
Czechia,France,72149931,Other bars and rods,20.165,16226,3,True
Lithuania,Lithuania,72179090,Wire,20.16,16235,1,False
United Kingdom,United States,72221111,Stainless steel bars sections and wire,20.147,136262,7,True
Spain,France,72251100,Other alloy flat products,20.14,39935,1,True
China,China,72112900,Flat products under 600mm,20.13,31383,6,False
Sweden,Sweden,72172030,Wire,20.116,67442,6,False
Czechia,Poland,72111900,Flat products under 600mm,20.108,17440,1,True
Poland,Germany,72254040,Other alloy flat products,20.106,25263,3,True
Slovenia,Poland,72029980,Ferro-alloys,20.102,31666,1,True
Belgium,Romania,72107080,Coated or plated flat products,20.1,25772,1,True
Indonesia,United Arab Emirates,72085198,Hot-rolled flat products,20.096,13580,1,True
Germany,Germany,72171010,Wire,20.094,54606,9,False
Taiwan,Belgium,72193410,Stainless steel flat products,20.071,48081,1,True
Unknown / not supplied,Ireland,72285069,Other alloy bars rods and sections,20.06,38645,28,True
Finland,France,72193490,Stainless steel flat products,20.045,50130,1,True
Italy,Netherlands,72285069,Other alloy bars rods and sections,20.025,30859,2,True
Netherlands,Netherlands,72221189,Stainless steel bars sections and wire,20.019,72507,4,False
France,France,72222019,Stainless steel bars sections and wire,20.013,83365,7,False
India,Latvia,72024190,Ferro-alloys,20.0,31706,1,True
BT,Netherlands,72022100,Ferro-alloys,20.0,16707,1,True
Japan,Japan,72024950,Ferro-alloys,20.0,69214,1,False
Kazakhstan,Mexico,72024950,Ferro-alloys,20.0,63618,1,True
Germany,Netherlands,72051000,Granules and powders,20.0,17676,1,True
Egypt,United States,72052900,Granules and powders,20.0,22472,1,True
Kazakhstan,France,72029910,Ferro-alloys,20.0,8060,1,True
India,China,72052900,Granules and powders,20.0,45318,1,True
Brazil,China,72029100,Ferro-alloys,20.0,459967,1,True
China,India,72052900,Granules and powders,20.0,35905,1,True
PA,Germany,72043000,Ferrous waste and scrap,20.0,3650,1,True
Taiwan,Taiwan,72221119,Stainless steel bars sections and wire,19.98,267284,7,False
Unknown / not supplied,Italy,72071111,Semi-finished steel,19.972,12734,1,True
Czechia,Spain,72283061,Other alloy bars rods and sections,19.963,43588,2,True
Unknown / not supplied,Netherlands,72141000,Other bars and rods,19.932000000000002,19113,2,True
South Korea,South Korea,72051000,Granules and powders,19.93,12375,2,False
United States,Netherlands,72209080,Stainless steel flat products under 600mm,19.927,131902,3,True
United Arab Emirates,Netherlands,72163291,Angles shapes and sections,19.923000000000002,16857,2,True
Spain,France,72221181,Stainless steel bars sections and wire,19.89,52527,2,True
Netherlands,France,72202041,Stainless steel flat products under 600mm,19.887,61109,2,True
Finland,Italy,72199020,Stainless steel flat products,19.886,97714,10,True
Finland,Finland,72101100,Coated or plated flat products,19.866999999999997,28514,12,False
Romania,Italy,72286080,Other alloy bars rods and sections,19.85,33409,5,True
Belgium,Netherlands,72192300,Stainless steel flat products,19.828000000000003,37636,3,True
Germany,Austria,72199080,Stainless steel flat products,19.809,153075,3,True
Unknown / not supplied,Spain,72119080,Flat products under 600mm,19.806,79764,4,True
Netherlands,China,72192300,Stainless steel flat products,19.801,32794,1,True
France,Romania,72022100,Ferro-alloys,19.8,25409,1,True
Italy,Italy,72089080,Hot-rolled flat products,19.778,32965,4,False
Portugal,Portugal,72149995,Other bars and rods,19.77,36608,2,False
France,South Korea,72279095,Alloy bars and rods hot-rolled,19.768,26697,1,True
Taiwan,Taiwan,72193100,Stainless steel flat products,19.767,37760,2,False
Poland,Poland,72193490,Stainless steel flat products,19.766,76370,2,False
Netherlands,Netherlands,72149939,Other bars and rods,19.762,20816,6,False
Germany,France,72173041,Wire,19.755,33291,3,True
Italy,Italy,72072017,Semi-finished steel,19.75,33344,3,False
Italy,Turkey,72222011,Stainless steel bars sections and wire,19.725,55931,1,True
France,Germany,72254060,Other alloy flat products,19.708000000000002,26798,4,True
Netherlands,Germany,72151000,Other bars and rods,19.708,8300,5,True
India,India,72269191,Other alloy flat products under 600mm,19.672,141879,9,False
Taiwan,Germany,72106100,Coated or plated flat products,19.665,15760,1,True
Spain,Netherlands,72224090,Stainless steel bars sections and wire,19.657,29949,1,True
United States,Belgium,72285069,Other alloy bars rods and sections,19.647,254055,7,True
Taiwan,China,72122000,Coated flat products under 600mm,19.605,41201,4,True
South Korea,Singapore,72279095,Alloy bars and rods hot-rolled,19.588,25865,1,True
Belgium,Belgium,72149971,Other bars and rods,19.586,14319,1,False
Germany,Austria,72169110,Angles shapes and sections,19.585,2031,1,True
Austria,Netherlands,72222021,Stainless steel bars sections and wire,19.585,187969,2,True
Germany,Sweden,72189919,Stainless steel ingots and semi-finished,19.57,90022,1,True
Sweden,Germany,72193290,Stainless steel flat products,19.563,68361,1,True
Finland,Sweden,72083900,Hot-rolled flat products,19.552,11438,1,True
Sweden,Denmark,72085198,Hot-rolled flat products,19.55,13763,1,True
China,Italy,72222031,Stainless steel bars sections and wire,19.534000000000002,81944,8,True
Germany,France,72199080,Stainless steel flat products,19.531,102057,8,True
Vietnam,Poland,72202041,Stainless steel flat products under 600mm,19.529,23918,1,True
Germany,Finland,72191290,Stainless steel flat products,19.525,52848,1,True
Italy,Italy,72011090,Pig iron,19.52,23371,3,False
Hong Kong,Indonesia,72193210,Stainless steel flat products,19.51,32094,1,True
India,Austria,72169180,Angles shapes and sections,19.509,7488,1,True
Netherlands,Netherlands,72106900,Coated or plated flat products,19.5,31471,3,False
Finland,Germany,72192300,Stainless steel flat products,19.478,57048,8,True
Greece,Greece,72071210,Semi-finished steel,19.452,96733,6,False
Ireland,Ireland,72101220,Coated or plated flat products,19.445,26280,1,False
Brazil,France,72285061,Other alloy bars rods and sections,19.441000000000003,217973,6,True
Denmark,Denmark,72092690,Cold-rolled flat products,19.43,78919,11,False
Italy,Belgium,72192210,Stainless steel flat products,19.424,37526,2,True
Brazil,Netherlands,72261100,Other alloy flat products under 600mm,19.417,22974,1,True
Spain,Spain,72223091,Stainless steel bars sections and wire,19.406,114317,1,False
Italy,Italy,72202021,Stainless steel flat products under 600mm,19.405,45248,7,False
Sweden,Czechia,72292000,Alloy steel wire,19.403,19653,1,True
Netherlands,Czechia,72082600,Hot-rolled flat products,19.4,15381,1,True
Germany,Estonia,72151000,Other bars and rods,19.396,13352,1,True
Japan,France,72251100,Other alloy flat products,19.394,62002,1,True
United Kingdom,Denmark,72166190,Angles shapes and sections,19.389000000000003,35569,2,True
Finland,Italy,72193310,Stainless steel flat products,19.386,78835,12,True
Germany,Denmark,72222011,Stainless steel bars sections and wire,19.381,91140,3,True
Ireland,Ireland,72161000,Angles shapes and sections,19.331,53763,5,False
China,Malaysia,72192210,Stainless steel flat products,19.318,47336,2,True
China,United States,72169180,Angles shapes and sections,19.3,42462,1,True
Austria,Austria,72281050,Other alloy bars rods and sections,19.295,241994,22,False
Turkey,Turkey,72210090,Stainless steel bars and rods,19.278,19452,1,False
United States,United States,72269191,Other alloy flat products under 600mm,19.269000000000002,467172,24,False
India,Spain,72202041,Stainless steel flat products under 600mm,19.263,80618,1,True
Belgium,Ireland,72192210,Stainless steel flat products,19.254,51180,9,True
Sweden,Belgium,72202041,Stainless steel flat products under 600mm,19.244,154297,9,True
Slovenia,France,72269191,Other alloy flat products under 600mm,19.241,62365,8,True
Italy,France,72285020,Other alloy bars rods and sections,19.205,107240,6,True
China,United States,72069000,Ingots and primary forms,19.201,92956,2,True
Vietnam,Vietnam,72224010,Stainless steel bars sections and wire,19.19,34222,1,False
Italy,France,72085191,Hot-rolled flat products,19.18,20546,1,True
Germany,United States,72222011,Stainless steel bars sections and wire,19.174,209714,4,True
Slovenia,Belgium,72172090,Wire,19.127,34219,1,True
Belgium,Netherlands,72106100,Coated or plated flat products,19.12,17399,1,True
Austria,Germany,72171050,Wire,19.101,26290,4,True
Bulgaria,Bulgaria,72166110,Angles shapes and sections,19.095,55453,2,False
United States,United States,72223091,Stainless steel bars sections and wire,19.083000000000002,206674,10,False
Germany,Austria,72123000,Coated flat products under 600mm,19.08,17091,1,True
Portugal,Portugal,72285020,Other alloy bars rods and sections,19.079,45414,7,False
Hungary,Italy,72111900,Flat products under 600mm,19.058,18226,1,True
Turkey,Germany,72166900,Angles shapes and sections,19.054,38014,1,True
Netherlands,Sweden,72131000,Hot-rolled bars and rods,19.043,12894,3,True
Slovenia,Slovenia,72284090,Other alloy bars rods and sections,19.009999999999998,60148,4,False
Vietnam,Netherlands,72027000,Ferro-alloys,19.0,288961,1,True
Unknown / not supplied,Ireland,72011011,Pig iron,18.961000000000002,158844,12,True
Spain,Portugal,72164010,Angles shapes and sections,18.948,12010,1,True
China,Netherlands,72202021,Stainless steel flat products under 600mm,18.945,19196,1,True
Germany,Netherlands,72149950,Other bars and rods,18.945,17436,2,True
Italy,France,72292000,Alloy steel wire,18.938,24322,8,True
Italy,France,72155011,Other bars and rods,18.922,18531,3,True
Turkey,Belgium,72155080,Other bars and rods,18.913,9158,2,True
India,India,72189980,Stainless steel ingots and semi-finished,18.893,373894,22,False
France,Germany,72221111,Stainless steel bars sections and wire,18.888,109467,15,True
France,Germany,72249002,Alloy steel ingots and semi-finished,18.887999999999998,55260,13,True
China,Germany,72172010,Wire,18.868000000000002,56050,13,True
Sweden,Belgium,72285061,Other alloy bars rods and sections,18.839,82764,4,True
Norway,Norway,72069000,Ingots and primary forms,18.82,10356,1,False
Turkey,Netherlands,72165099,Angles shapes and sections,18.803,32323,4,True
Sweden,Sweden,72283041,Other alloy bars rods and sections,18.78,36704,4,False
France,Belgium,72193290,Stainless steel flat products,18.711,39250,4,True
France,Italy,72111900,Flat products under 600mm,18.71,23181,1,True
Austria,Austria,72085120,Hot-rolled flat products,18.644,16707,1,False
China,United States,72193390,Stainless steel flat products,18.644,27228,1,True
Canada,United States,72189980,Stainless steel ingots and semi-finished,18.638,120697,2,True
Germany,Ireland,72125090,Coated flat products under 600mm,18.637999999999998,66146,8,True
Netherlands,Germany,72085400,Hot-rolled flat products,18.628,41959,6,True
Netherlands,Netherlands,72149950,Other bars and rods,18.623,17191,5,False
India,Netherlands,72163110,Angles shapes and sections,18.606,14355,1,True
Sweden,Sweden,72172090,Wire,18.599,18835,2,False
Sweden,Netherlands,72149939,Other bars and rods,18.590000000000003,17102,3,True
United States,United States,72192190,Stainless steel flat products,18.578,252970,15,False
Serbia and Montenegro aggregate,Netherlands,72101220,Coated or plated flat products,18.56,27376,1,True
Italy,Netherlands,72092790,Cold-rolled flat products,18.551,86017,5,True
France,France,72230099,Stainless steel wire,18.525,598473,16,False
Germany,Germany,72192190,Stainless steel flat products,18.521,100778,17,False
Spain,Norway,72285061,Other alloy bars rods and sections,18.503,47741,4,True
Poland,Germany,72269191,Other alloy flat products under 600mm,18.489,39191,2,True
Germany,Netherlands,72222021,Stainless steel bars sections and wire,18.451,245056,5,True
France,Italy,72111300,Flat products under 600mm,18.447,12230,2,True
Japan,China,72171090,Wire,18.42,18912,1,True
China,India,72224010,Stainless steel bars sections and wire,18.415,48863,5,True
China,Singapore,72283061,Other alloy bars rods and sections,18.415,63686,7,True
Taiwan,Netherlands,72171039,Wire,18.413,102056,1,True
Slovenia,Netherlands,72192110,Stainless steel flat products,18.409,68173,8,True
United Kingdom,Ireland,72269930,Other alloy flat products under 600mm,18.4,14877,1,True
Italy,Austria,72222011,Stainless steel bars sections and wire,18.384,71324,2,True
United States,United States,72283089,Other alloy bars rods and sections,18.384,218930,9,False
Germany,Sweden,72165010,Angles shapes and sections,18.363,37570,1,True
Netherlands,France,72042110,Ferrous waste and scrap,18.36,24786,1,True
Ireland,Ireland,72085120,Hot-rolled flat products,18.333,41929,4,False
Unknown / not supplied,Bulgaria,72149971,Other bars and rods,18.33,16184,1,True
France,Germany,72221181,Stainless steel bars sections and wire,18.324,115570,17,True
Spain,Germany,72141000,Other bars and rods,18.317999999999998,32657,2,True
India,India,72181000,Stainless steel ingots and semi-finished,18.287,222284,20,False
South Korea,Belgium,72149931,Other bars and rods,18.274,15531,5,True
Italy,Germany,72285061,Other alloy bars rods and sections,18.272,58108,8,True
China,Germany,72159000,Other bars and rods,18.253,31988,5,True
Hungary,Germany,72193390,Stainless steel flat products,18.25,31689,1,True
Sweden,Germany,72254040,Other alloy flat products,18.240000000000002,22123,3,True
China,Belgium,72124080,Coated flat products under 600mm,18.22,41268,6,True
Luxembourg,Belgium,72163190,Angles shapes and sections,18.149,14777,1,True
Belgium,Finland,72085191,Hot-rolled flat products,18.144,18191,1,True
Taiwan,Italy,72111900,Flat products under 600mm,18.143,22053,3,True
France,Luxembourg,72259900,Other alloy flat products,18.106,17577,1,True
Switzerland,Chile,72042190,Ferrous waste and scrap,18.079,22153,1,True
Poland,Germany,72163291,Angles shapes and sections,18.054,15309,4,True
Sweden,Netherlands,72192110,Stainless steel flat products,18.047,155319,7,True
France,Germany,72202041,Stainless steel flat products under 600mm,18.046,93611,3,True
Italy,Netherlands,72193390,Stainless steel flat products,18.029,22567,3,True
Belgium,Belgium,72091899,Cold-rolled flat products,18.01,13624,1,False
Unknown / not supplied,Ireland,72109030,Coated or plated flat products,18.0,1685,4,True
Netherlands,Poland,72042190,Ferrous waste and scrap,18.0,14796,1,True
China,Belgium,72172030,Wire,18.0,16930,1,True
North Macedonia,Netherlands,72085120,Hot-rolled flat products,18.0,23272,1,True
Mexico,United States,72193390,Stainless steel flat products,17.987,46902,1,True
United Kingdom,Spain,72259900,Other alloy flat products,17.985,25835,1,True
Belgium,Switzerland,72107010,Coated or plated flat products,17.968,89291,6,True
Chile,Netherlands,72027000,Ferro-alloys,17.965,496559,4,True
Belgium,Luxembourg,72191210,Stainless steel flat products,17.929,39673,2,True
Denmark,Denmark,72091899,Cold-rolled flat products,17.911,29452,3,False
Sweden,Sweden,72222019,Stainless steel bars sections and wire,17.906,99582,24,False
South Korea,China,72230019,Stainless steel wire,17.902,59132,1,True
Unknown / not supplied,Ireland,72159000,Other bars and rods,17.902,29152,18,True
Denmark,Denmark,72071912,Semi-finished steel,17.893,42532,2,False
Taiwan,China,72193100,Stainless steel flat products,17.877,29807,1,True
Spain,Germany,72112330,Flat products under 600mm,17.853,20987,2,True
France,Belgium,72202081,Stainless steel flat products under 600mm,17.843,35508,3,True
Slovenia,Germany,72221990,Stainless steel bars sections and wire,17.832,63994,14,True
China,Ireland,72149931,Other bars and rods,17.810000000000002,14561,3,True
Estonia,Estonia,72044110,Ferrous waste and scrap,17.802,99763,1,False
United Kingdom,Spain,72169180,Angles shapes and sections,17.783,38211,2,True
Belgium,Germany,72249002,Alloy steel ingots and semi-finished,17.78,25950,4,True
Japan,Belgium,72251100,Other alloy flat products,17.777,49339,1,True
Germany,Denmark,72071912,Semi-finished steel,17.762999999999998,6593,2,True
United Kingdom,Ireland,72085120,Hot-rolled flat products,17.718,12581,2,True
Spain,Belgium,72221111,Stainless steel bars sections and wire,17.713,246869,2,True
South Africa,Italy,72193390,Stainless steel flat products,17.71,34277,1,True
Finland,Ireland,72193210,Stainless steel flat products,17.674,51580,7,True
Poland,Germany,72163299,Angles shapes and sections,17.639,20458,2,True
Germany,Germany,72109080,Coated or plated flat products,17.617,20714,4,False
Germany,Belgium,72163390,Angles shapes and sections,17.607,15260,2,True
India,Switzerland,72230099,Stainless steel wire,17.598,80699,11,True
Indonesia,Malaysia,72192300,Stainless steel flat products,17.584,31594,2,True
Finland,Netherlands,72191410,Stainless steel flat products,17.58,35569,1,True
Netherlands,Netherlands,72249005,Alloy steel ingots and semi-finished,17.576,96595,3,False
Finland,Netherlands,72254040,Other alloy flat products,17.567999999999998,20032,2,True
China,Hong Kong,72230011,Stainless steel wire,17.553,48987,4,True
Italy,Germany,72222011,Stainless steel bars sections and wire,17.529,97563,11,True
United States,United States,72163211,Angles shapes and sections,17.509,27021,1,False
Austria,Netherlands,72107080,Coated or plated flat products,17.468,131239,17,True
Netherlands,France,72089080,Hot-rolled flat products,17.457,29749,2,True
United Kingdom,France,72085120,Hot-rolled flat products,17.445,23253,2,True
Unknown / not supplied,Poland,72166900,Angles shapes and sections,17.442,20927,1,True
Malaysia,Malaysia,72189110,Stainless steel ingots and semi-finished,17.432,142779,6,False
Finland,Sweden,72253090,Other alloy flat products,17.43,15860,1,True
South Korea,Netherlands,72089080,Hot-rolled flat products,17.398,9420,2,True
Brazil,Belgium,72193490,Stainless steel flat products,17.391,20349,2,True
Austria,Germany,72249002,Alloy steel ingots and semi-finished,17.37,57328,13,True
China,China,72111300,Flat products under 600mm,17.36,9767,2,False
Vietnam,Vietnam,72201200,Stainless steel flat products under 600mm,17.336,26883,2,False
South Korea,Germany,72092790,Cold-rolled flat products,17.318,17870,1,True
United States,United States,72125040,Coated flat products under 600mm,17.309,334903,11,False
Belgium,Netherlands,72255080,Other alloy flat products,17.307,13396,1,True
Italy,United States,72222039,Stainless steel bars sections and wire,17.28,152237,5,True
Germany,Netherlands,72169110,Angles shapes and sections,17.279,29535,6,True
Germany,Poland,72283061,Other alloy bars rods and sections,17.26,17699,1,True
France,Italy,72222021,Stainless steel bars sections and wire,17.257,91108,11,True
Taiwan,Taiwan,72288000,Other alloy bars rods and sections,17.252000000000002,42631,2,False
Italy,Belgium,72222011,Stainless steel bars sections and wire,17.248,221218,6,True
United States,United States,72125061,Coated flat products under 600mm,17.215,746,1,False
Germany,Germany,72285040,Other alloy bars rods and sections,17.206000000000003,23156,4,False
Germany,Czechia,72299090,Alloy steel wire,17.204,125401,9,True
Belgium,Italy,72192210,Stainless steel flat products,17.183999999999997,70352,11,True
Italy,Romania,72106900,Coated or plated flat products,17.182,51195,15,True
Luxembourg,Ireland,72163211,Angles shapes and sections,17.174,14536,2,True
Belgium,Germany,72202029,Stainless steel flat products under 600mm,17.146,51829,8,True
China,China,72222021,Stainless steel bars sections and wire,17.14,83887,4,False
Germany,Switzerland,72269200,Other alloy flat products under 600mm,17.118,56588,4,True
Spain,Germany,72279095,Alloy bars and rods hot-rolled,17.111,19063,2,True
India,Switzerland,72224090,Stainless steel bars sections and wire,17.093,99856,4,True
Germany,Denmark,72104900,Coated or plated flat products,17.092,33166,11,True
Japan,Japan,72173090,Wire,17.080000000000002,89555,5,False
Italy,Italy,72191490,Stainless steel flat products,17.067999999999998,35395,3,False
United Kingdom,Slovakia,72269930,Other alloy flat products under 600mm,17.03,13866,1,True
Vietnam,Netherlands,72193310,Stainless steel flat products,17.017,37469,3,True
Ireland,Ireland,72269930,Other alloy flat products under 600mm,17.0,17210,1,False
Germany,Netherlands,72029980,Ferro-alloys,17.0,38442,2,True
Albania,Ireland,72024190,Ferro-alloys,17.0,29137,1,True
China,United States,72224010,Stainless steel bars sections and wire,17.0,322423,1,True
Slovakia,Slovakia,72171090,Wire,16.993,40207,4,False
Switzerland,Switzerland,72151000,Other bars and rods,16.967,37018,10,False
Italy,Italy,72286020,Other alloy bars rods and sections,16.96,20178,4,False
United States,United States,72192210,Stainless steel flat products,16.958,307692,21,False
France,Belgium,72085198,Hot-rolled flat products,16.955,11450,3,True
Germany,Germany,72173090,Wire,16.913,38331,5,False
Spain,Ireland,72192110,Stainless steel flat products,16.906,47698,3,True
United States,Germany,72171090,Wire,16.905,35702,1,True
Tunisia,Tunisia,72042190,Ferrous waste and scrap,16.89,16876,1,False
Belgium,Netherlands,72193590,Stainless steel flat products,16.89,17949,2,True
Italy,Belgium,72193410,Stainless steel flat products,16.86,47464,2,True
Sweden,Turkey,72254060,Other alloy flat products,16.85,17170,1,True
Italy,Italy,72299020,Alloy steel wire,16.836,589042,15,False
South Korea,Ireland,72106100,Coated or plated flat products,16.835,15365,1,True
Georgia,France,72193490,Stainless steel flat products,16.82,37500,1,True
United States,United States,72222031,Stainless steel bars sections and wire,16.804,615129,28,False
Taiwan,Germany,72051000,Granules and powders,16.8,172250,4,True
Germany,Belgium,72083800,Hot-rolled flat products,16.775,7633,1,True
Czechia,France,72283069,Other alloy bars rods and sections,16.758,24985,2,True
Czechia,Slovakia,72172050,Wire,16.732,78108,9,True
Germany,Belgium,72083600,Hot-rolled flat products,16.725,9266,1,True
Poland,Poland,72269910,Other alloy flat products under 600mm,16.718,31076,5,False
Spain,Germany,72121090,Coated flat products under 600mm,16.715,46001,1,True
Italy,Netherlands,72283089,Other alloy bars rods and sections,16.711,11883,1,True
Brazil,Belgium,72193390,Stainless steel flat products,16.703,21982,3,True
Spain,Slovenia,72051000,Granules and powders,16.693,28005,1,True
United States,Canada,72091690,Cold-rolled flat products,16.689,49776,1,True
United Arab Emirates,United Arab Emirates,72283020,Other alloy bars rods and sections,16.686,28439,1,False
Italy,Italy,72071190,Semi-finished steel,16.644000000000002,85446,4,False
Turkey,Spain,72224050,Stainless steel bars sections and wire,16.638,62108,4,True
Finland,Ireland,72192210,Stainless steel flat products,16.608,40721,5,True
Italy,Belgium,72149931,Other bars and rods,16.582,18793,3,True
Turkey,Turkey,72202049,Stainless steel flat products under 600mm,16.527,26980,1,False
Slovakia,Hungary,72099020,Cold-rolled flat products,16.508,357722,22,True
France,Ireland,72193310,Stainless steel flat products,16.469,42996,7,True
Netherlands,Netherlands,72254012,Other alloy flat products,16.465,33465,1,False
Sweden,Italy,72193410,Stainless steel flat products,16.46,118913,13,True
France,France,72107010,Coated or plated flat products,16.444,54578,3,False
Brazil,France,72222019,Stainless steel bars sections and wire,16.436,301308,7,True
Finland,Netherlands,72085299,Hot-rolled flat products,16.43,27707,3,True
Germany,Germany,72209080,Stainless steel flat products under 600mm,16.416999999999998,447936,26,False
South Korea,Spain,72299090,Alloy steel wire,16.4,46739,12,True
Austria,Austria,72287010,Other alloy bars rods and sections,16.388,161761,10,False
France,United States,72286080,Other alloy bars rods and sections,16.362,223714,3,True
Slovenia,Slovenia,72029980,Ferro-alloys,16.356,29412,3,False
Romania,France,72085299,Hot-rolled flat products,16.344,20897,2,True
Bosnia and Herzegovina,Bosnia and Herzegovina,72071980,Semi-finished steel,16.328,231181,2,False
China,China,72255020,Other alloy flat products,16.321,15716,1,False
China,Germany,72085120,Hot-rolled flat products,16.32,30981,1,True
Spain,Italy,72249090,Alloy steel ingots and semi-finished,16.3,51208,1,True
Netherlands,Netherlands,72071114,Semi-finished steel,16.295,13013,2,False
Belgium,Belgium,72179020,Wire,16.294,34297,3,False
United Kingdom,Ireland,72085299,Hot-rolled flat products,16.29,34056,10,True
Sweden,Denmark,72193210,Stainless steel flat products,16.288,80388,10,True
Slovakia,Germany,72192110,Stainless steel flat products,16.272,66054,1,True
Germany,Norway,72284090,Other alloy bars rods and sections,16.26,46941,6,True
Sweden,France,72201100,Stainless steel flat products under 600mm,16.249000000000002,135180,15,True
Romania,Italy,72222029,Stainless steel bars sections and wire,16.242,90722,17,True
Vietnam,Belgium,72193210,Stainless steel flat products,16.228,28480,1,True
Norway,Denmark,72192110,Stainless steel flat products,16.2,54150,1,True
South Korea,Vietnam,72085191,Hot-rolled flat products,16.193,8420,1,True
Spain,Netherlands,72085299,Hot-rolled flat products,16.177,15091,4,True
Slovenia,Slovenia,72241090,Alloy steel ingots and semi-finished,16.168,54847,2,False
Italy,France,72159000,Other bars and rods,16.162,31641,3,True
India,India,72072011,Semi-finished steel,16.153,132743,5,False
Vietnam,Vietnam,72287090,Other alloy bars rods and sections,16.15,138791,6,False
Sweden,Sweden,72173041,Wire,16.131,92427,11,False
United States,Belgium,72209080,Stainless steel flat products under 600mm,16.125,106066,2,True
Turkey,France,72172090,Wire,16.117,21195,1,True
Taiwan,Taiwan,72179050,Wire,16.113,41797,1,False
Iceland,Iceland,72044990,Ferrous waste and scrap,16.1,14901,5,False
Taiwan,Italy,72193390,Stainless steel flat products,16.081,33958,7,True
United States,China,72026000,Ferro-alloys,16.054,653394,1,True
Germany,Netherlands,72193510,Stainless steel flat products,16.046,44864,5,True
Poland,Poland,72169900,Angles shapes and sections,16.041,35551,6,False
France,France,72223097,Stainless steel bars sections and wire,16.03,309703,23,False
Spain,Belgium,72193390,Stainless steel flat products,16.01,18572,1,True
Spain,Ireland,72155080,Other bars and rods,16.008,15130,4,True
Poland,France,72149939,Other bars and rods,16.005000000000003,13002,2,True
Norway,Germany,72022990,Ferro-alloys,16.0,23066,2,True
United Kingdom,France,72024190,Ferro-alloys,16.0,40832,1,True
France,France,72163390,Angles shapes and sections,15.979,33733,2,False
United States,United States,72254012,Other alloy flat products,15.978,93120,3,False
United States,United States,72109080,Coated or plated flat products,15.971,111987,8,False
Unknown / not supplied,Netherlands,72164010,Angles shapes and sections,15.963999999999999,12207,5,True
China,Netherlands,72179090,Wire,15.957,38923,10,True
India,India,72169180,Angles shapes and sections,15.926,66067,2,False
United States,United States,72011011,Pig iron,15.924,286776,4,False
United Kingdom,Netherlands,72042190,Ferrous waste and scrap,15.92,19022,1,True
Germany,Denmark,72192210,Stainless steel flat products,15.904,154865,2,True
Unknown / not supplied,Germany,72106900,Coated or plated flat products,15.889,48202,18,True
Sweden,Norway,72193210,Stainless steel flat products,15.793,94449,7,True
Belgium,Poland,72193410,Stainless steel flat products,15.775,49901,3,True
Germany,Finland,72193510,Stainless steel flat products,15.759,48175,1,True
Italy,Belgium,72222031,Stainless steel bars sections and wire,15.754999999999999,117168,2,True
Brazil,France,72283061,Other alloy bars rods and sections,15.753,122843,8,True
Unknown / not supplied,Netherlands,72166110,Angles shapes and sections,15.728,69371,16,True
Spain,Spain,72221119,Stainless steel bars sections and wire,15.705,59170,4,False
Finland,Ireland,72193410,Stainless steel flat products,15.704,42388,10,True
Austria,Netherlands,72223091,Stainless steel bars sections and wire,15.696,78694,1,True
Albania,Estonia,72024190,Ferro-alloys,15.688,48215,1,True
Italy,Italy,72285020,Other alloy bars rods and sections,15.681999999999999,26274,5,False
United States,United States,72103000,Coated or plated flat products,15.674,57554,7,False
Germany,France,72166190,Angles shapes and sections,15.672,49853,9,True
Norway,Netherlands,72192190,Stainless steel flat products,15.665,4818,1,True
Sweden,Sweden,72202029,Stainless steel flat products under 600mm,15.664,142596,10,False
Austria,France,72222031,Stainless steel bars sections and wire,15.577,250734,13,True
Netherlands,Netherlands,72209080,Stainless steel flat products under 600mm,15.546000000000001,213178,12,False
China,Germany,72292000,Alloy steel wire,15.538,19129,8,True
Italy,Sweden,72164010,Angles shapes and sections,15.524,11100,1,True
Italy,Belgium,72193210,Stainless steel flat products,15.48,30114,1,True
Brazil,Netherlands,72222039,Stainless steel bars sections and wire,15.475,338991,11,True
Austria,Austria,72193390,Stainless steel flat products,15.459,270162,12,False
India,India,72069000,Ingots and primary forms,15.458,350474,14,False
Poland,Italy,72149971,Other bars and rods,15.434,12239,2,True
Italy,Bulgaria,72159000,Other bars and rods,15.433,20215,1,True
India,Germany,72221181,Stainless steel bars sections and wire,15.4,67475,16,True
Luxembourg,Netherlands,72149939,Other bars and rods,15.391,14223,1,True
Netherlands,Netherlands,72251100,Other alloy flat products,15.360999999999999,25696,4,False
United Kingdom,Ireland,72163310,Angles shapes and sections,15.32,32895,6,True
India,India,72201200,Stainless steel flat products under 600mm,15.278,76528,5,False
Sweden,Sweden,72202021,Stainless steel flat products under 600mm,15.256,73313,2,False
Spain,Ireland,72193310,Stainless steel flat products,15.208,36522,6,True
Portugal,Ireland,72139110,Hot-rolled bars and rods,15.2,12692,2,True
Taiwan,Belgium,72254090,Other alloy flat products,15.186,12925,3,True
Unknown / not supplied,Germany,72199080,Stainless steel flat products,15.176,103913,5,True
Sweden,Netherlands,72085390,Hot-rolled flat products,15.167,58796,10,True
Italy,Belgium,72169900,Angles shapes and sections,15.152999999999999,146548,19,True
Denmark,Denmark,72189980,Stainless steel ingots and semi-finished,15.152,528285,15,False
Ukraine,Netherlands,72171039,Wire,15.15,11080,1,True
China,United States,72283089,Other alloy bars rods and sections,15.141,101967,4,True
Italy,Spain,72149110,Other bars and rods,15.14,9962,1,True
France,Germany,72155080,Other bars and rods,15.135,24036,6,True
Spain,Germany,72163310,Angles shapes and sections,15.129,12025,3,True
Czechia,Netherlands,72149939,Other bars and rods,15.125,13439,6,True
Slovenia,Slovenia,72222021,Stainless steel bars sections and wire,15.075,111987,6,False
Spain,France,72202041,Stainless steel flat products under 600mm,15.068999999999999,11267,3,True
Italy,Italy,72259200,Other alloy flat products,15.058,54663,2,False
France,Poland,72072080,Semi-finished steel,15.054,39913,2,True
Netherlands,Netherlands,72044910,Ferrous waste and scrap,15.052,4843,1,False
Poland,Germany,72254090,Other alloy flat products,15.04,22572,8,True
Netherlands,Netherlands,72031000,Direct reduced iron,15.04,9989,2,False
Unknown / not supplied,Germany,72281020,Other alloy bars rods and sections,15.039,23993,5,True
Germany,Netherlands,72221111,Stainless steel bars sections and wire,15.038,115784,5,True
Germany,Netherlands,72284010,Other alloy bars rods and sections,15.030999999999999,71528,7,True
Romania,Netherlands,72029980,Ferro-alloys,15.011,14862,1,True
China,Malaysia,72193410,Stainless steel flat products,15.008,30880,1,True
China,Spain,72104900,Coated or plated flat products,15.0,17761,1,True
Vietnam,Netherlands,72021900,Ferro-alloys,15.0,17730,2,True
China,Netherlands,72024910,Ferro-alloys,15.0,49185,2,True
China,Taiwan,72171039,Wire,15.0,37144,1,True
Germany,France,72191290,Stainless steel flat products,15.0,111465,1,True
United Kingdom,CI,72061000,Ingots and primary forms,15.0,64240,1,True
France,Netherlands,72085299,Hot-rolled flat products,14.991,12703,3,True
Taiwan,Taiwan,72121010,Coated flat products under 600mm,14.991,19114,1,False
Taiwan,France,72283061,Other alloy bars rods and sections,14.981,110838,4,True
Unknown / not supplied,Germany,72123000,Coated flat products under 600mm,14.965,73676,12,True
France,Belgium,72082600,Hot-rolled flat products,14.96,6934,2,True
Italy,Sweden,72210010,Stainless steel bars and rods,14.955,95297,4,True
France,France,72163310,Angles shapes and sections,14.953000000000001,23167,3,False
Austria,Germany,72085191,Hot-rolled flat products,14.950999999999999,14666,2,True
Taiwan,Netherlands,72254060,Other alloy flat products,14.95,14416,3,True
Romania,Romania,72202041,Stainless steel flat products under 600mm,14.922,55979,2,False
Spain,Spain,72044990,Ferrous waste and scrap,14.911000000000001,356801,2,False
Switzerland,Switzerland,72043000,Ferrous waste and scrap,14.865,100386,3,False
Italy,Germany,72230019,Stainless steel wire,14.856,114824,10,True
China,Ireland,72141000,Other bars and rods,14.83,14624,2,True
Italy,Belgium,72202081,Stainless steel flat products under 600mm,14.828,48789,3,True
Finland,Poland,72193310,Stainless steel flat products,14.826,60723,4,True
Germany,Italy,72166110,Angles shapes and sections,14.825999999999999,21147,2,True
South Africa,France,72191390,Stainless steel flat products,14.81,24685,1,True
United States,France,72285061,Other alloy bars rods and sections,14.807,408574,6,True
Finland,Italy,72193210,Stainless steel flat products,14.804000000000002,63587,3,True
Italy,Turkey,72286080,Other alloy bars rods and sections,14.8,11348,1,True
Taiwan,Taiwan,72193590,Stainless steel flat products,14.789000000000001,20787,3,False
Czechia,Czechia,72141000,Other bars and rods,14.78,19614,1,False
France,France,72189980,Stainless steel ingots and semi-finished,14.778,184634,12,False
Austria,France,72085198,Hot-rolled flat products,14.776,17150,2,True
Finland,Italy,72202041,Stainless steel flat products under 600mm,14.768999999999998,49779,9,True
Singapore,India,72193390,Stainless steel flat products,14.766,24141,1,True
South Korea,South Korea,72015090,Pig iron,14.761,26193,1,False
Belgium,France,72259200,Other alloy flat products,14.76,17718,1,True
Indonesia,Turkey,72193210,Stainless steel flat products,14.76,34639,7,True
Spain,Netherlands,72085198,Hot-rolled flat products,14.756,16585,7,True
Luxembourg,Luxembourg,72269930,Other alloy flat products under 600mm,14.744,22088,1,False
Germany,Germany,72126000,Coated flat products under 600mm,14.725999999999999,62985,4,False
Italy,Spain,72111300,Flat products under 600mm,14.714,9858,1,True
Unknown / not supplied,Ireland,72072052,Semi-finished steel,14.708,16161,28,True
United States,United States,72255080,Other alloy flat products,14.706,108205,22,False
Norway,Netherlands,72022910,Ferro-alloys,14.700000000000001,33483,2,True
France,Czechia,72042110,Ferrous waste and scrap,14.697,766,9,True
Romania,Germany,72072080,Semi-finished steel,14.683,133903,5,True
Ireland,Ireland,72132000,Hot-rolled bars and rods,14.677999999999999,12013,8,False
Belgium,Belgium,72119080,Flat products under 600mm,14.67,32818,1,False
Czechia,Germany,72169180,Angles shapes and sections,14.653,55460,3,True
Romania,France,72085400,Hot-rolled flat products,14.634,18734,2,True
Poland,Poland,72084000,Hot-rolled flat products,14.617,28407,9,False
Germany,Netherlands,72193410,Stainless steel flat products,14.603,34455,2,True
Spain,Spain,72071980,Semi-finished steel,14.581999999999999,41622,4,False
United States,United States,72026000,Ferro-alloys,14.544,852089,28,False
Spain,France,72202089,Stainless steel flat products under 600mm,14.538,27764,1,True
China,Hong Kong,72222011,Stainless steel bars sections and wire,14.537,75738,1,True
SN,SN,72166900,Angles shapes and sections,14.533,23432,1,False
Switzerland,Netherlands,72163310,Angles shapes and sections,14.530000000000001,10917,3,True
China,Hong Kong,72285020,Other alloy bars rods and sections,14.528,75691,1,True
Italy,Netherlands,72283069,Other alloy bars rods and sections,14.512,16501,3,True
Germany,Belgium,72083700,Hot-rolled flat products,14.485,6591,1,True
Czechia,Sweden,72155019,Other bars and rods,14.485,19241,1,True
China,China,72105000,Coated or plated flat products,14.48,15789,3,False
Switzerland,Netherlands,72163390,Angles shapes and sections,14.476,10718,1,True
France,Ireland,72199080,Stainless steel flat products,14.474,31448,5,True
China,China,72101100,Coated or plated flat products,14.466999999999999,32684,10,False
South Korea,Belgium,72121010,Coated flat products under 600mm,14.457,24910,1,True
Spain,Belgium,72222011,Stainless steel bars sections and wire,14.442,48624,2,True
Bulgaria,Poland,72285061,Other alloy bars rods and sections,14.436,28282,1,True
South Korea,United States,72286080,Other alloy bars rods and sections,14.41,57998,7,True
Spain,Belgium,72179050,Wire,14.406,19530,1,True
France,Portugal,72163390,Angles shapes and sections,14.4,35587,1,True
Sweden,Germany,72230019,Stainless steel wire,14.395,93724,14,True
Czechia,Italy,72149971,Other bars and rods,14.355999999999998,13138,2,True
China,Turkey,72193100,Stainless steel flat products,14.355,32266,1,True
Germany,Belgium,72193590,Stainless steel flat products,14.335,19680,2,True
Unknown / not supplied,Ireland,72085191,Hot-rolled flat products,14.322,11817,4,True
Unknown / not supplied,Germany,72141000,Other bars and rods,14.3,14811,4,True
Sweden,Denmark,72193290,Stainless steel flat products,14.288,34857,9,True
Poland,Poland,72085291,Hot-rolled flat products,14.274000000000001,10211,2,False
Slovenia,Slovenia,72169110,Angles shapes and sections,14.265,74885,13,False
China,Chile,72042190,Ferrous waste and scrap,14.23,15381,1,True
Slovenia,Poland,72191100,Stainless steel flat products,14.224000000000002,65297,4,True
Unknown / not supplied,Italy,72143000,Other bars and rods,14.223,10455,1,True
Austria,Austria,72193310,Stainless steel flat products,14.169,445476,6,False
France,France,72155011,Other bars and rods,14.125000000000002,70514,6,False
Slovakia,Slovakia,72173090,Wire,14.116,57605,17,False
France,Slovakia,72124080,Coated flat products under 600mm,14.114,12412,1,True
Japan,Netherlands,72085198,Hot-rolled flat products,14.112,11823,1,True
Indonesia,Turkey,72193290,Stainless steel flat products,14.100000000000001,24384,2,True
Finland,Belgium,72085120,Hot-rolled flat products,14.08,19614,1,True
Germany,Denmark,72092790,Cold-rolled flat products,14.053999999999998,36321,14,True
Finland,Turkey,72193100,Stainless steel flat products,14.05,31547,1,True
Turkey,Netherlands,72024910,Ferro-alloys,14.0,67973,1,True
United Arab Emirates,Netherlands,72163211,Angles shapes and sections,13.967,14311,1,True
Taiwan,Netherlands,72202049,Stainless steel flat products under 600mm,13.959,30510,2,True
Austria,Austria,72221181,Stainless steel bars sections and wire,13.951,133317,8,False
Thailand,Thailand,72107010,Coated or plated flat products,13.95,6981,2,False
Sierra Leone,Germany,72192110,Stainless steel flat products,13.947,66117,4,True
China,Germany,72299090,Alloy steel wire,13.946000000000002,25035,4,True
United Kingdom,Ireland,72193210,Stainless steel flat products,13.921,81877,1,True
Taiwan,Taiwan,72285080,Other alloy bars rods and sections,13.92,253781,9,False
Finland,Belgium,72254040,Other alloy flat products,13.904,22892,2,True
Italy,France,72222021,Stainless steel bars sections and wire,13.904,97448,5,True
China,France,72149931,Other bars and rods,13.892,11168,1,True
Thailand,Germany,72202041,Stainless steel flat products under 600mm,13.889,54111,7,True
Japan,Japan,72261100,Other alloy flat products under 600mm,13.866,238854,5,False
France,Germany,72193310,Stainless steel flat products,13.865,51617,10,True
Czechia,Poland,72155019,Other bars and rods,13.844999999999999,11491,2,True
France,Netherlands,72091690,Cold-rolled flat products,13.838,11493,1,True
Sweden,Sweden,72179020,Wire,13.832,29701,12,False
Denmark,Netherlands,72085191,Hot-rolled flat products,13.824,10456,1,True
Sweden,France,72269970,Other alloy flat products under 600mm,13.805,89670,4,True
Germany,Belgium,72193310,Stainless steel flat products,13.799,33898,2,True
Italy,Netherlands,72151000,Other bars and rods,13.785,11905,5,True
Belgium,Belgium,72149950,Other bars and rods,13.760000000000002,8600,1,False
Slovakia,Slovakia,72172050,Wire,13.735,23815,2,False
Germany,Netherlands,72172090,Wire,13.723,22968,7,True
Spain,Italy,72221111,Stainless steel bars sections and wire,13.718,165806,6,True
Czechia,Czechia,72299050,Alloy steel wire,13.716000000000001,17395,2,False
Indonesia,Malaysia,72192110,Stainless steel flat products,13.705,25076,2,True
Sweden,Sweden,72171039,Wire,13.697,42410,8,False
Netherlands,Germany,72149931,Other bars and rods,13.691,18413,8,True
Taiwan,Poland,72199080,Stainless steel flat products,13.686,49905,3,True
France,United States,72271000,Alloy bars and rods hot-rolled,13.682,322942,6,True
China,Netherlands,72165091,Angles shapes and sections,13.681,21111,4,True
China,United States,72283061,Other alloy bars rods and sections,13.636000000000001,37146,6,True
Romania,Germany,72202049,Stainless steel flat products under 600mm,13.616,11044,1,True
Sweden,Sweden,72192190,Stainless steel flat products,13.6,41314,2,False
Hong Kong,China,72193410,Stainless steel flat products,13.583,13216,1,True
Germany,Germany,72181000,Stainless steel ingots and semi-finished,13.579,252109,6,False
Slovenia,France,72269970,Other alloy flat products under 600mm,13.577,44094,5,True
Netherlands,Netherlands,72193490,Stainless steel flat products,13.549999999999999,17998,3,False
Italy,Netherlands,72085191,Hot-rolled flat products,13.536000000000001,10669,2,True
France,Poland,72221910,Stainless steel bars sections and wire,13.523,102823,14,True
Germany,Netherlands,72124080,Coated flat products under 600mm,13.518,27030,4,True
Spain,Portugal,72172050,Wire,13.5,13074,2,True
Norway,Norway,72124020,Coated flat products under 600mm,13.5,126825,1,False
Belgium,Denmark,72166190,Angles shapes and sections,13.5,25121,1,True
China,China,72044990,Ferrous waste and scrap,13.49,5798,3,False
India,Netherlands,72069000,Ingots and primary forms,13.48,64211,12,True
Sweden,Sweden,72155011,Other bars and rods,13.478,30298,6,False
Czechia,Germany,72151000,Other bars and rods,13.471,11328,3,True
India,India,72172090,Wire,13.469,51495,3,False
India,India,72269970,Other alloy flat products under 600mm,13.463000000000001,100441,5,False
South Korea,Spain,72202089,Stainless steel flat products under 600mm,13.451999999999998,64802,10,True
Taiwan,Germany,72283089,Other alloy bars rods and sections,13.439,30868,1,True
Unknown / not supplied,Ireland,72192400,Stainless steel flat products,13.433,33112,8,True
Netherlands,Netherlands,72222021,Stainless steel bars sections and wire,13.413,117710,9,False
China,Italy,72254012,Other alloy flat products,13.395,23505,4,True
Taiwan,China,72202081,Stainless steel flat products under 600mm,13.392,18696,1,True
Germany,Finland,72193210,Stainless steel flat products,13.369,30930,3,True
Italy,France,72222011,Stainless steel bars sections and wire,13.368,100832,5,True
Turkey,France,72299090,Alloy steel wire,13.367,20026,4,True
France,France,72085299,Hot-rolled flat products,13.363,17721,3,False
Taiwan,Netherlands,72199080,Stainless steel flat products,13.362,56591,2,True
Japan,Japan,72281090,Other alloy bars rods and sections,13.315,245995,11,False
Finland,Romania,72202081,Stainless steel flat products under 600mm,13.314,65274,3,True
Turkey,Lithuania,72193390,Stainless steel flat products,13.302,10557,1,True
Denmark,Belgium,72254060,Other alloy flat products,13.302,14331,1,True
Italy,Belgium,72222081,Stainless steel bars sections and wire,13.248999999999999,72538,3,True
Germany,Norway,72221189,Stainless steel bars sections and wire,13.246,41755,7,True
Netherlands,Netherlands,72201200,Stainless steel flat products under 600mm,13.207,112556,13,False
Unknown / not supplied,France,72149939,Other bars and rods,13.190999999999999,7724,2,True
Spain,Italy,72222081,Stainless steel bars sections and wire,13.187,42735,7,True
China,India,72221910,Stainless steel bars sections and wire,13.185,34117,3,True
South Africa,Belgium,72104900,Coated or plated flat products,13.178,13081,1,True
Sweden,France,72192110,Stainless steel flat products,13.157,79149,9,True
United Kingdom,United States,72105000,Coated or plated flat products,13.143,59928,1,True
Portugal,Italy,72149939,Other bars and rods,13.132,10158,1,True
Italy,France,72249090,Alloy steel ingots and semi-finished,13.126999999999999,59110,5,True
Spain,Ireland,72286080,Other alloy bars rods and sections,13.124,8203,1,True
Unknown / not supplied,Ireland,72089020,Hot-rolled flat products,13.115,9155,1,True
United States,Hong Kong,72193510,Stainless steel flat products,13.095,35714,1,True
United Kingdom,Spain,72171039,Wire,13.076,21718,2,True
Italy,Denmark,72202081,Stainless steel flat products under 600mm,13.066,100670,2,True
Germany,Germany,72162100,Angles shapes and sections,13.065999999999999,33046,3,False
Slovenia,France,72201100,Stainless steel flat products under 600mm,13.06,133422,19,True
Italy,Italy,72083800,Hot-rolled flat products,13.055,26301,2,False
Sweden,Sweden,72169900,Angles shapes and sections,13.049999999999999,68267,7,False
Greece,Greece,72085198,Hot-rolled flat products,13.038,51245,1,False
Belgium,France,72193310,Stainless steel flat products,13.02,25353,2,True
Finland,Poland,72193390,Stainless steel flat products,13.02,42046,4,True
Austria,Poland,72029200,Ferro-alloys,13.0,240790,3,True
Belgium,Poland,72027000,Ferro-alloys,13.0,363548,3,True
China,United Arab Emirates,72284090,Other alloy bars rods and sections,12.992,48468,1,True
Germany,Netherlands,72121010,Coated flat products under 600mm,12.988,45016,3,True
Taiwan,Turkey,72202049,Stainless steel flat products under 600mm,12.984,17006,1,True
Austria,Austria,72112330,Flat products under 600mm,12.978,63262,4,False
Bulgaria,Bulgaria,72285069,Other alloy bars rods and sections,12.969999999999999,23687,1,False
Germany,Belgium,72169180,Angles shapes and sections,12.963999999999999,13898,3,True
China,France,72173049,Wire,12.96,31942,1,True
Finland,Germany,72193510,Stainless steel flat products,12.882000000000001,67803,4,True
Germany,Spain,72299090,Alloy steel wire,12.866,35809,10,True
Slovakia,Belgium,72172090,Wire,12.850000000000001,36150,2,True
United Kingdom,Belgium,72107080,Coated or plated flat products,12.85,16816,1,True
Czechia,France,72155019,Other bars and rods,12.85,11746,2,True
India,Germany,72021180,Ferro-alloys,12.84,6708,2,True
Germany,Italy,72193490,Stainless steel flat products,12.835,27363,1,True
United Kingdom,France,72222021,Stainless steel bars sections and wire,12.828,320692,5,True
France,France,72109030,Coated or plated flat products,12.827,25060,1,False
South Africa,South Africa,72104900,Coated or plated flat products,12.81,15901,1,False
Germany,Germany,72121090,Coated flat products under 600mm,12.806,25054,4,False
Austria,Belgium,72085299,Hot-rolled flat products,12.8,15439,1,True
Czechia,Netherlands,72162100,Angles shapes and sections,12.756,14852,5,True
India,India,72121090,Coated flat products under 600mm,12.739,35505,3,False
Germany,United Arab Emirates,72223097,Stainless steel bars sections and wire,12.735,47511,1,True
Sweden,Netherlands,72112330,Flat products under 600mm,12.731,16541,3,True
United Kingdom,Germany,72051000,Granules and powders,12.725,9446,1,True
Czechia,France,72149971,Other bars and rods,12.71,10522,2,True
Austria,Netherlands,72299090,Alloy steel wire,12.71,22052,5,True
Canada,Canada,72042900,Ferrous waste and scrap,12.71,101689,1,False
Czechia,Czechia,72193410,Stainless steel flat products,12.708,60135,4,False
United Kingdom,Germany,72193310,Stainless steel flat products,12.703,65508,2,True
Bulgaria,Bulgaria,72172090,Wire,12.692,15544,2,False
United States,United States,72269200,Other alloy flat products under 600mm,12.69,737462,25,False
Canada,Czechia,72171090,Wire,12.663,10751,1,True
Italy,Germany,72085291,Hot-rolled flat products,12.63,15899,3,True
Malaysia,Netherlands,72202041,Stainless steel flat products under 600mm,12.63,26388,2,True
Germany,Sweden,72112330,Flat products under 600mm,12.627,13225,1,True
United States,Taiwan,72222011,Stainless steel bars sections and wire,12.623999999999999,101125,2,True
Spain,Netherlands,72284090,Other alloy bars rods and sections,12.623999999999999,33295,4,True
Austria,Italy,72283089,Other alloy bars rods and sections,12.609,74076,2,True
Hong Kong,China,72221181,Stainless steel bars sections and wire,12.603,39681,4,True
Unknown / not supplied,Germany,72222031,Stainless steel bars sections and wire,12.587,42037,17,True
Slovenia,Slovenia,72222019,Stainless steel bars sections and wire,12.584,48877,5,False
Belgium,Belgium,72285061,Other alloy bars rods and sections,12.567,60181,3,False
Germany,Netherlands,72139190,Hot-rolled bars and rods,12.544,11574,2,True
United States,United States,72222081,Stainless steel bars sections and wire,12.533,193257,18,False
Norway,France,72021900,Ferro-alloys,12.531,16809,2,True
Italy,France,72285061,Other alloy bars rods and sections,12.528,25726,1,True
Vietnam,Vietnam,72202049,Stainless steel flat products under 600mm,12.52,14775,2,False
Ukraine,Bulgaria,72285069,Other alloy bars rods and sections,12.512,25314,1,True
Czechia,Netherlands,72269200,Other alloy flat products under 600mm,12.51,1872,1,True
Ireland,Ireland,72199020,Stainless steel flat products,12.489999999999998,15650,11,False
Italy,France,72230019,Stainless steel wire,12.481,90541,17,True
Germany,Belgium,72171090,Wire,12.464,28707,2,True
Austria,Austria,72193210,Stainless steel flat products,12.464,265582,10,False
Taiwan,Italy,72254060,Other alloy flat products,12.439,11200,2,True
Sweden,Netherlands,72254060,Other alloy flat products,12.437999999999999,33574,3,True
Denmark,Denmark,72193210,Stainless steel flat products,12.436,114612,13,False
Germany,Belgium,72163110,Angles shapes and sections,12.423000000000002,10801,2,True
Taiwan,Italy,72192300,Stainless steel flat products,12.404,27476,5,True
South Korea,Ireland,72107080,Coated or plated flat products,12.392999999999999,20387,6,True
Germany,France,72106900,Coated or plated flat products,12.388,15282,2,True
Belgium,Netherlands,72283061,Other alloy bars rods and sections,12.365,12794,1,True
Germany,Denmark,72072052,Semi-finished steel,12.362,14134,1,True
Netherlands,Netherlands,72284090,Other alloy bars rods and sections,12.360999999999999,44401,6,False
South Korea,Italy,72112320,Flat products under 600mm,12.36,10582,1,True
China,Malaysia,72224090,Stainless steel bars sections and wire,12.36,51870,1,True
Czechia,Czechia,72085400,Hot-rolled flat products,12.3,10580,1,False
Finland,Poland,72192210,Stainless steel flat products,12.274,30595,1,True
South Korea,South Korea,72172090,Wire,12.273000000000001,19091,2,False
China,Netherlands,72281090,Other alloy bars rods and sections,12.273,45282,3,True
Czechia,Poland,72279050,Alloy bars and rods hot-rolled,12.26,12076,1,True
Netherlands,Germany,72085198,Hot-rolled flat products,12.258000000000001,16934,3,True
Germany,Netherlands,72283020,Other alloy bars rods and sections,12.258000000000001,37824,5,True
Italy,France,72085390,Hot-rolled flat products,12.249,11988,1,True
China,China,72283041,Other alloy bars rods and sections,12.224,19347,1,False
Italy,Netherlands,72193510,Stainless steel flat products,12.183,25463,3,True
Austria,Austria,72173090,Wire,12.16,42757,2,False
Italy,France,72071980,Semi-finished steel,12.13,50354,3,True
Denmark,Denmark,72099080,Cold-rolled flat products,12.115,85528,4,False
Turkey,Turkey,72159000,Other bars and rods,12.109,30347,5,False
United Kingdom,Germany,72179050,Wire,12.099,15337,1,True
Italy,Italy,72189180,Stainless steel ingots and semi-finished,12.087,105997,2,False
Belgium,Ireland,72193310,Stainless steel flat products,12.084999999999999,29067,4,True
Spain,France,72122000,Coated flat products under 600mm,12.074,46380,4,True
France,Italy,72230019,Stainless steel wire,12.074,70567,10,True
Sweden,Germany,72299090,Alloy steel wire,12.072000000000001,61235,16,True
Spain,Germany,72221181,Stainless steel bars sections and wire,12.038,54744,15,True
China,Germany,72166110,Angles shapes and sections,12.032,27281,12,True
Germany,Austria,72283061,Other alloy bars rods and sections,12.024999999999999,30042,3,True
France,BZ,72085191,Hot-rolled flat products,12.01,14652,1,True
Italy,France,72193490,Stainless steel flat products,12.009,22672,2,True
Poland,Poland,72101100,Coated or plated flat products,12.008,26255,2,False
Germany,Belgium,72166190,Angles shapes and sections,12.004,32117,5,True
Ukraine,Poland,72029200,Ferro-alloys,12.0,186333,3,True
Armenia,France,72027000,Ferro-alloys,12.0,321515,1,True
Italy,France,72193210,Stainless steel flat products,11.986,26660,1,True
Turkey,Turkey,72201200,Stainless steel flat products under 600mm,11.974,20537,1,False
Italy,Netherlands,72089080,Hot-rolled flat products,11.963000000000001,8443,3,True
Sweden,France,72281090,Other alloy bars rods and sections,11.959999999999999,492084,14,True
Spain,Italy,72222021,Stainless steel bars sections and wire,11.925,70284,7,True
China,Netherlands,72052900,Granules and powders,11.920000000000002,14390,2,True
Netherlands,Netherlands,72029300,Ferro-alloys,11.92,255088,3,False
United States,United States,72201200,Stainless steel flat products under 600mm,11.915,237913,15,False
Unknown / not supplied,Germany,72052100,Granules and powders,11.915,22472,9,True
Ireland,Ireland,72101100,Coated or plated flat products,11.892,46451,10,False
Algeria,Ireland,72142000,Other bars and rods,11.888,9510,1,True
Belgium,Belgium,72149939,Other bars and rods,11.876999999999999,10823,2,False
Portugal,Portugal,72172010,Wire,11.861,17652,5,False
Sweden,Norway,72224090,Stainless steel bars sections and wire,11.857000000000001,78107,2,True
United States,United States,72283020,Other alloy bars rods and sections,11.853,216340,8,False
Belgium,Germany,72171090,Wire,11.848,24593,1,True
Austria,Austria,72169110,Angles shapes and sections,11.801,49626,10,False
Germany,Germany,72125030,Coated flat products under 600mm,11.790999999999999,45367,5,False
India,Poland,72085210,Hot-rolled flat products,11.79,52376,1,True
Sweden,Sweden,72221189,Stainless steel bars sections and wire,11.787,87532,15,False
Turkey,Turkey,72222019,Stainless steel bars sections and wire,11.784,39919,1,False
Italy,France,72299050,Alloy steel wire,11.783999999999999,20783,2,True
Italy,Sweden,72155019,Other bars and rods,11.78,15648,1,True
Austria,Germany,72222031,Stainless steel bars sections and wire,11.742999999999999,201563,8,True
BB,Belgium,72171090,Wire,11.732,27420,1,True
China,India,72072032,Semi-finished steel,11.728,59616,1,True
Taiwan,Poland,72202049,Stainless steel flat products under 600mm,11.718,10042,2,True
Germany,Belgium,72122000,Coated flat products under 600mm,11.715,6710,1,True
Germany,Belgium,72209020,Stainless steel flat products under 600mm,11.707,130600,6,True
Slovenia,Germany,72285069,Other alloy bars rods and sections,11.702,77745,9,True
Spain,Portugal,72283061,Other alloy bars rods and sections,11.7,17813,1,True
Austria,Austria,72249018,Alloy steel ingots and semi-finished,11.693999999999999,60912,2,False
Japan,Japan,72269191,Other alloy flat products under 600mm,11.687000000000001,27749,3,False
Taiwan,Poland,72193310,Stainless steel flat products,11.687,24853,2,True
Slovakia,Germany,72166110,Angles shapes and sections,11.677,17086,5,True
Germany,Sweden,72123000,Coated flat products under 600mm,11.677,15565,1,True
Spain,Germany,72165091,Angles shapes and sections,11.668000000000001,21076,2,True
Turkey,Netherlands,72299090,Alloy steel wire,11.655,18580,2,True
China,Italy,72193210,Stainless steel flat products,11.641,33249,2,True
Slovakia,Germany,72254060,Other alloy flat products,11.616,10207,2,True
China,France,72085120,Hot-rolled flat products,11.597,11782,1,True
Germany,Netherlands,72149931,Other bars and rods,11.587,38012,16,True
China,Belgium,72285061,Other alloy bars rods and sections,11.565,15266,2,True
Germany,Netherlands,72179050,Wire,11.543,16811,2,True
Italy,Belgium,72199080,Stainless steel flat products,11.542,88413,18,True
China,France,72051000,Granules and powders,11.54,26492,11,True
United States,United States,72029100,Ferro-alloys,11.537,13586,1,False
France,Germany,72285061,Other alloy bars rods and sections,11.533999999999999,19237,8,True
Romania,Belgium,72193510,Stainless steel flat products,11.532,25090,3,True
Poland,Poland,72085299,Hot-rolled flat products,11.53,7093,1,False
Germany,Switzerland,72222089,Stainless steel bars sections and wire,11.528,555963,23,True
France,Italy,72222039,Stainless steel bars sections and wire,11.524,41433,7,True
Germany,France,72202049,Stainless steel flat products under 600mm,11.522,32283,4,True
Norway,Norway,72221111,Stainless steel bars sections and wire,11.518,92176,5,False
Spain,Germany,72192300,Stainless steel flat products,11.485000000000001,48238,9,True
Ireland,Ireland,72261100,Other alloy flat products under 600mm,11.48,15014,1,False
Luxembourg,Netherlands,72163110,Angles shapes and sections,11.48,7518,4,True
Finland,Finland,72042900,Ferrous waste and scrap,11.471,242814,4,False
Brazil,Belgium,72202049,Stainless steel flat products under 600mm,11.462,15094,3,True
United States,Germany,72193510,Stainless steel flat products,11.455,207295,26,True
Denmark,Netherlands,72149939,Other bars and rods,11.454,10019,5,True
Taiwan,Taiwan,72202021,Stainless steel flat products under 600mm,11.447,24140,2,False
United Kingdom,France,72069000,Ingots and primary forms,11.44,45871,13,True
Estonia,Estonia,72044990,Ferrous waste and scrap,11.439,10457,1,False
China,Netherlands,72269910,Other alloy flat products under 600mm,11.421,22351,1,True
China,Hong Kong,72202029,Stainless steel flat products under 600mm,11.419,12271,2,True
Spain,Spain,72285040,Other alloy bars rods and sections,11.415,15806,2,False
Spain,Belgium,72285069,Other alloy bars rods and sections,11.41,18919,1,True
Vietnam,Netherlands,72193210,Stainless steel flat products,11.404,19301,2,True
Italy,Netherlands,72202029,Stainless steel flat products under 600mm,11.393,12435,2,True
Unknown / not supplied,Ireland,72172030,Wire,11.391,25098,12,True
India,Italy,72222021,Stainless steel bars sections and wire,11.387,64496,4,True
Finland,Finland,72283089,Other alloy bars rods and sections,11.38,14752,1,False
France,Germany,72269200,Other alloy flat products under 600mm,11.379999999999999,65811,4,True
Germany,France,72163310,Angles shapes and sections,11.379,12013,3,True
Japan,Germany,72254040,Other alloy flat products,11.373,14812,1,True
Poland,Poland,72224050,Stainless steel bars sections and wire,11.365,22893,8,False
Unknown / not supplied,Italy,72149931,Other bars and rods,11.36,7905,1,True
Japan,Japan,72283070,Other alloy bars rods and sections,11.347000000000001,67217,2,False
Japan,China,72202081,Stainless steel flat products under 600mm,11.346,42073,2,True
Taiwan,Taiwan,72269200,Other alloy flat products under 600mm,11.335,43052,1,False
Hong Kong,Hong Kong,72230099,Stainless steel wire,11.331,42542,2,False
Italy,Germany,72155019,Other bars and rods,11.318,34145,3,True
France,Germany,72222019,Stainless steel bars sections and wire,11.311,50813,15,True
Sweden,Sweden,72101220,Coated or plated flat products,11.301,12764,1,False
Finland,France,72193100,Stainless steel flat products,11.299,30808,3,True
Spain,France,72230019,Stainless steel wire,11.295,85387,9,True
Taiwan,Poland,72202041,Stainless steel flat products under 600mm,11.294,17994,1,True
Germany,Sweden,72166190,Angles shapes and sections,11.29,66480,19,True
Ireland,Denmark,72199020,Stainless steel flat products,11.28,16706,6,True
Sweden,Ireland,72192210,Stainless steel flat products,11.253,33901,4,True
Germany,Netherlands,72111300,Flat products under 600mm,11.251,10250,3,True
Italy,Poland,72072080,Semi-finished steel,11.232,31578,2,True
Kyrgyzstan,Germany,72139170,Hot-rolled bars and rods,11.224,14672,3,True
South Korea,Germany,72085198,Hot-rolled flat products,11.2,8324,1,True
Italy,Italy,72221990,Stainless steel bars sections and wire,11.197,60402,4,False
Romania,Romania,72224010,Stainless steel bars sections and wire,11.18,58759,2,False
Germany,Netherlands,72224090,Stainless steel bars sections and wire,11.155,75942,8,True
Germany,Poland,72173090,Wire,11.137,202,1,True
United States,United States,72163310,Angles shapes and sections,11.129,11623,1,False
France,Poland,72123000,Coated flat products under 600mm,11.128,12096,1,True
Kyrgyzstan,Germany,72299090,Alloy steel wire,11.123999999999999,13971,3,True
Indonesia,Turkey,72201200,Stainless steel flat products under 600mm,11.113,24537,2,True
Czechia,France,72283061,Other alloy bars rods and sections,11.105,19175,3,True
Turkey,Netherlands,72163291,Angles shapes and sections,11.099,8701,3,True
Lithuania,Lithuania,72107080,Coated or plated flat products,11.083,25034,5,False
United States,United States,72285040,Other alloy bars rods and sections,11.048,224163,23,False
Taiwan,Italy,72202041,Stainless steel flat products under 600mm,11.042,27558,2,True
Belgium,Belgium,72202089,Stainless steel flat products under 600mm,11.04,20655,2,False
China,Germany,72222019,Stainless steel bars sections and wire,11.039000000000001,56041,7,True
Austria,Austria,72287090,Other alloy bars rods and sections,11.025,127782,24,False
Germany,Belgium,72163310,Angles shapes and sections,11.01,9505,2,True
Norway,Norway,72042900,Ferrous waste and scrap,11.0,1231,1,False
Belgium,Germany,72089080,Hot-rolled flat products,10.992,12446,1,True
South Africa,Belgium,72091500,Cold-rolled flat products,10.98,5710,1,True
Norway,Norway,72193410,Stainless steel flat products,10.96,41078,1,False
Belgium,Germany,72193210,Stainless steel flat products,10.955,44255,13,True
Luxembourg,Luxembourg,72259900,Other alloy flat products,10.945,15300,2,False
Malaysia,South Africa,72202041,Stainless steel flat products under 600mm,10.94,12667,1,True
China,Turkey,72193290,Stainless steel flat products,10.938,26944,2,True
China,France,72288000,Other alloy bars rods and sections,10.925,32189,1,True
Portugal,Portugal,72069000,Ingots and primary forms,10.925,200764,28,False
Unknown / not supplied,Sweden,72193390,Stainless steel flat products,10.923,33457,1,True
France,France,72052900,Granules and powders,10.908,1831459,24,False
Netherlands,Germany,72163310,Angles shapes and sections,10.904,9860,1,True
Italy,Belgium,72222029,Stainless steel bars sections and wire,10.894,47101,6,True
Poland,Poland,72111400,Flat products under 600mm,10.885,20453,5,False
China,China,72283089,Other alloy bars rods and sections,10.884,69413,6,False
Finland,France,72192210,Stainless steel flat products,10.873999999999999,77352,2,True
Slovakia,Slovakia,72041000,Ferrous waste and scrap,10.866,3412,1,False
Italy,Germany,72230099,Stainless steel wire,10.862,69716,12,True
Belgium,South Korea,72202081,Stainless steel flat products under 600mm,10.854,10744,1,True
Sweden,Poland,72249090,Alloy steel ingots and semi-finished,10.85,31900,1,True
China,Italy,72149971,Other bars and rods,10.85,26918,2,True
France,France,72193390,Stainless steel flat products,10.84,13256,2,False
Ireland,France,72199080,Stainless steel flat products,10.836,235038,1,True
Italy,Germany,72287090,Other alloy bars rods and sections,10.812000000000001,10640,2,True
France,France,72288000,Other alloy bars rods and sections,10.805,50825,7,False
Turkey,Germany,72223097,Stainless steel bars sections and wire,10.804,12981,1,True
Portugal,Spain,72292000,Alloy steel wire,10.8,11375,1,True
Germany,Denmark,72254040,Other alloy flat products,10.8,13153,1,True
India,Poland,72192290,Stainless steel flat products,10.8,14110,1,True
Brazil,Netherlands,72085291,Hot-rolled flat products,10.8,12786,1,True
Belgium,Denmark,72193410,Stainless steel flat products,10.77,48269,1,True
Italy,Italy,72112380,Flat products under 600mm,10.764,12909,3,False
Austria,France,72169110,Angles shapes and sections,10.762,28699,3,True
China,Spain,72163310,Angles shapes and sections,10.74,23663,1,True
Romania,Netherlands,72251990,Other alloy flat products,10.74,12542,1,True
Czechia,France,72171039,Wire,10.739999999999998,11472,2,True
Romania,Netherlands,72202081,Stainless steel flat products under 600mm,10.737,29765,1,True
Germany,Germany,72044110,Ferrous waste and scrap,10.727,103495,2,False
China,Canada,72284010,Other alloy bars rods and sections,10.702,18999,1,True
Falkland Islands,Falkland Islands,72042900,Ferrous waste and scrap,10.7,29550,9,False
Czechia,Czechia,72122000,Coated flat products under 600mm,10.696,12410,6,False
Belgium,Belgium,72202021,Stainless steel flat products under 600mm,10.683,35668,2,False
Lithuania,Lithuania,72222021,Stainless steel bars sections and wire,10.68,13338,1,False
France,Germany,72162100,Angles shapes and sections,10.674,7842,3,True
India,Italy,72222081,Stainless steel bars sections and wire,10.667,54267,8,True
France,Germany,72164010,Angles shapes and sections,10.663,10787,5,True
Turkey,Turkey,72209080,Stainless steel flat products under 600mm,10.65,62364,1,False
Mexico,United States,72286080,Other alloy bars rods and sections,10.645,46988,6,True
Turkey,Ireland,72163390,Angles shapes and sections,10.638,9021,2,True
Italy,Netherlands,72163310,Angles shapes and sections,10.637,9706,6,True
Romania,Netherlands,72261980,Other alloy flat products under 600mm,10.62,12493,1,True
Estonia,Poland,72072080,Semi-finished steel,10.608,33021,1,True
Czechia,Czechia,72166900,Angles shapes and sections,10.602,21472,11,False
Austria,Germany,72085299,Hot-rolled flat products,10.591000000000001,15746,5,True
Hong Kong,Hong Kong,72193210,Stainless steel flat products,10.591,17157,1,False
Taiwan,Canada,72202021,Stainless steel flat products under 600mm,10.588000000000001,95750,3,True
India,India,72149939,Other bars and rods,10.585,6494,2,False
Germany,Belgium,72299090,Alloy steel wire,10.577,27474,2,True
Italy,Italy,72072015,Semi-finished steel,10.567,59385,2,False
South Korea,Ireland,72163291,Angles shapes and sections,10.555,11429,3,True
Austria,Austria,72222081,Stainless steel bars sections and wire,10.554,156031,5,False
United States,United States,72209020,Stainless steel flat products under 600mm,10.55,171449,12,False
Netherlands,Finland,72193210,Stainless steel flat products,10.55,20571,1,True
Thailand,Italy,72193310,Stainless steel flat products,10.545,87837,8,True
Denmark,Denmark,72166110,Angles shapes and sections,10.534,75814,10,False
Germany,Luxembourg,72222081,Stainless steel bars sections and wire,10.532,25332,3,True
Slovenia,Slovenia,72222039,Stainless steel bars sections and wire,10.506,50794,6,False
Germany,Austria,72283069,Other alloy bars rods and sections,10.5,19317,1,True
Spain,Belgium,72155080,Other bars and rods,10.495000000000001,5096,2,True
Unknown / not supplied,Ireland,72254040,Other alloy flat products,10.492,13393,4,True
Unknown / not supplied,Italy,72151000,Other bars and rods,10.491,10601,3,True
Italy,Denmark,72221111,Stainless steel bars sections and wire,10.484,84295,5,True
Netherlands,France,72259900,Other alloy flat products,10.46,13050,1,True
Belgium,Finland,72166190,Angles shapes and sections,10.458,37367,1,True
China,China,72163219,Angles shapes and sections,10.45,9710,1,False
Poland,Spain,72163190,Angles shapes and sections,10.447,8201,1,True
Slovenia,Germany,72254060,Other alloy flat products,10.423,28839,7,True
Netherlands,Belgium,72193410,Stainless steel flat products,10.418,23060,1,True
Poland,France,72269970,Other alloy flat products under 600mm,10.416,23418,2,True
Germany,Netherlands,72161000,Angles shapes and sections,10.415000000000001,25244,2,True
Italy,Spain,72299090,Alloy steel wire,10.413,34012,4,True
Germany,United States,72221119,Stainless steel bars sections and wire,10.41,73921,4,True
Luxembourg,Luxembourg,72259200,Other alloy flat products,10.402,23658,2,False
France,Slovakia,72112380,Flat products under 600mm,10.401,9103,1,True
Austria,Austria,72142000,Other bars and rods,10.4,10534,3,False
Germany,Germany,72071114,Semi-finished steel,10.399,254863,6,False
Germany,Denmark,72092690,Cold-rolled flat products,10.394,56730,15,True
Poland,Netherlands,72123000,Coated flat products under 600mm,10.377999999999998,15070,2,True
Italy,Netherlands,72163110,Angles shapes and sections,10.375,8215,5,True
Spain,France,72085198,Hot-rolled flat products,10.368,10409,1,True
Czechia,Czechia,72044990,Ferrous waste and scrap,10.366999999999999,6210,5,False
Austria,Germany,72085390,Hot-rolled flat products,10.338,13979,6,True
United States,United States,72155019,Other bars and rods,10.331,23975,9,False
Poland,Poland,72122000,Coated flat products under 600mm,10.318,33447,7,False
Germany,Netherlands,72191490,Stainless steel flat products,10.31,17460,1,True
Unknown / not supplied,Ireland,72192210,Stainless steel flat products,10.307,26571,17,True
Netherlands,Germany,72254060,Other alloy flat products,10.294,12129,2,True
United States,United States,72259900,Other alloy flat products,10.275,72066,9,False
Slovenia,France,72283070,Other alloy bars rods and sections,10.272,33374,5,True
Hungary,Hungary,72104900,Coated or plated flat products,10.26,7870,1,False
Finland,Sweden,72085191,Hot-rolled flat products,10.26,16065,1,True
Italy,Italy,72201100,Stainless steel flat products under 600mm,10.25,114579,13,False
Italy,Italy,72071111,Semi-finished steel,10.248,80608,13,False
Italy,Italy,72092500,Cold-rolled flat products,10.246,12823,1,False
Hong Kong,China,72193390,Stainless steel flat products,10.24,15285,1,True
France,Spain,72285061,Other alloy bars rods and sections,10.224,30287,1,True
Czechia,Italy,72283061,Other alloy bars rods and sections,10.221,12048,3,True
Ireland,Netherlands,72104100,Coated or plated flat products,10.218,17358,2,True
Denmark,Germany,72149110,Other bars and rods,10.216999999999999,9226,3,True
Austria,China,72223091,Stainless steel bars sections and wire,10.214,54813,1,True
United States,United States,72281090,Other alloy bars rods and sections,10.204999999999998,214121,11,False
South Africa,France,72193490,Stainless steel flat products,10.178,17595,1,True
Unknown / not supplied,Sweden,72169900,Angles shapes and sections,10.168,23329,4,True
Italy,Norway,72221111,Stainless steel bars sections and wire,10.165000000000001,102686,10,True
Finland,Poland,72193410,Stainless steel flat products,10.164,52861,6,True
Indonesia,Turkey,72191390,Stainless steel flat products,10.152,16897,1,True
Germany,Netherlands,72221119,Stainless steel bars sections and wire,10.15,34354,1,True
China,Hong Kong,72155019,Other bars and rods,10.14,6499,2,True
Germany,Denmark,72193210,Stainless steel flat products,10.13,95418,14,True
Indonesia,Spain,72193310,Stainless steel flat products,10.121,16702,1,True
France,Netherlands,72193310,Stainless steel flat products,10.11,25435,2,True
China,Netherlands,72121010,Coated flat products under 600mm,10.100999999999999,15000,1,True
Slovakia,Belgium,72172050,Wire,10.097,15481,1,True
Thailand,Thailand,72029980,Ferro-alloys,10.065999999999999,36448,3,False
Germany,Germany,72287010,Other alloy bars rods and sections,10.061,24856,6,False
Spain,Norway,72283069,Other alloy bars rods and sections,10.043,20693,7,True
Romania,Romania,72287090,Other alloy bars rods and sections,10.034,15389,1,False
Japan,Japan,72230019,Stainless steel wire,10.031,187327,18,False
Austria,Romania,72223091,Stainless steel bars sections and wire,10.006,51308,1,True
Germany,Germany,72164010,Angles shapes and sections,10.004,29214,8,False
Germany,Norway,72283061,Other alloy bars rods and sections,10.003,25251,4,True
Vietnam,Netherlands,72028000,Ferro-alloys,10.0,255149,3,True
United States,United States,72122000,Coated flat products under 600mm,10.0,6314,1,False
India,Netherlands,72029300,Ferro-alloys,10.0,225256,1,True
India,Netherlands,72024990,Ferro-alloys,10.0,23662,2,True
Canada,Australia,72029300,Ferro-alloys,10.0,242516,1,True
United Kingdom,Sweden,72027000,Ferro-alloys,10.0,300078,2,True
Estonia,Kazakhstan,72029980,Ferro-alloys,10.0,24813,1,True
India,France,72029980,Ferro-alloys,10.0,17440,3,True
Latvia,Germany,72029100,Ferro-alloys,10.0,32828,1,True
Canada,Netherlands,72099080,Cold-rolled flat products,10.0,238313,1,True
China,Netherlands,72029910,Ferro-alloys,10.0,4463,1,True
China,India,72021900,Ferro-alloys,10.0,5141,1,True
Unknown / not supplied,Italy,72142000,Other bars and rods,10.0,25892,1,True
Netherlands,Netherlands,72149110,Other bars and rods,9.996,11959,5,False
Malaysia,Netherlands,72202049,Stainless steel flat products under 600mm,9.988,11178,1,True
Belgium,Belgium,72155019,Other bars and rods,9.972,8514,1,False
Slovenia,Germany,72254040,Other alloy flat products,9.964,12933,3,True
China,Hong Kong,72193210,Stainless steel flat products,9.955,16107,1,True
Switzerland,Switzerland,72299090,Alloy steel wire,9.945,77643,12,False
Austria,France,72107080,Coated or plated flat products,9.936,81613,12,True
Sweden,Ireland,72192110,Stainless steel flat products,9.919,22471,4,True
Turkey,Turkey,72222029,Stainless steel bars sections and wire,9.901,31013,2,False
Unknown / not supplied,Germany,72254060,Other alloy flat products,9.9,867,1,True
United Kingdom,Netherlands,72169900,Angles shapes and sections,9.9,58461,4,True
South Korea,Italy,72202041,Stainless steel flat products under 600mm,9.882,23276,1,True
Germany,Germany,72149939,Other bars and rods,9.864,38293,6,False
China,Netherlands,72189920,Stainless steel ingots and semi-finished,9.86,15187,1,True
Spain,Spain,72202029,Stainless steel flat products under 600mm,9.859,56352,2,False
Brazil,Netherlands,72222031,Stainless steel bars sections and wire,9.857,207028,10,True
Finland,Belgium,72201100,Stainless steel flat products under 600mm,9.852,24271,2,True
Poland,Czechia,72101220,Coated or plated flat products,9.843,16122,2,True
India,Italy,72111900,Flat products under 600mm,9.842,12015,1,True
Germany,China,72189980,Stainless steel ingots and semi-finished,9.82,13406,2,True
Turkey,Lithuania,72193310,Stainless steel flat products,9.814,15578,1,True
Unknown / not supplied,Ireland,72222031,Stainless steel bars sections and wire,9.812,39143,29,True
Turkey,Turkey,72192110,Stainless steel flat products,9.805,24806,2,False
Italy,Italy,72201200,Stainless steel flat products under 600mm,9.789,35655,9,False
Spain,United States,72284090,Other alloy bars rods and sections,9.783000000000001,45082,2,True
Belgium,Germany,72192190,Stainless steel flat products,9.773,69950,8,True
Italy,Italy,72085310,Hot-rolled flat products,9.758,7728,1,False
Switzerland,Switzerland,72181000,Stainless steel ingots and semi-finished,9.756,28301,4,False
Unknown / not supplied,Portugal,72083800,Hot-rolled flat products,9.756,5160,1,True
Poland,Belgium,72163211,Angles shapes and sections,9.751,7824,1,True
Turkey,Netherlands,72172090,Wire,9.75,11370,1,True
Vietnam,Italy,72299090,Alloy steel wire,9.75,12383,1,True
Indonesia,Spain,72193210,Stainless steel flat products,9.735,16065,1,True
Italy,Denmark,72292000,Alloy steel wire,9.73,14945,1,True
Italy,France,72254090,Other alloy flat products,9.715,10337,1,True
Poland,Germany,72163390,Angles shapes and sections,9.709,8448,2,True
Netherlands,France,72085390,Hot-rolled flat products,9.706999999999999,16256,4,True
Turkey,Turkey,72192190,Stainless steel flat products,9.706,27818,1,False
Germany,France,72085390,Hot-rolled flat products,9.692,20784,7,True
Germany,Netherlands,72106900,Coated or plated flat products,9.69,7347,1,True
United States,United States,72179020,Wire,9.686,20743,2,False
China,Hong Kong,72230099,Stainless steel wire,9.682,34706,1,True
Finland,Germany,72193290,Stainless steel flat products,9.678,19685,1,True
Italy,Denmark,72299090,Alloy steel wire,9.675,15220,1,True
India,Denmark,72091690,Cold-rolled flat products,9.668,9362,1,True
Italy,Germany,72163110,Angles shapes and sections,9.64,8736,3,True
Ireland,Ireland,72192110,Stainless steel flat products,9.64,90429,1,False
Taiwan,Germany,72202081,Stainless steel flat products under 600mm,9.639,64977,2,True
Germany,Belgium,72085198,Hot-rolled flat products,9.634,11880,1,True
France,France,72201200,Stainless steel flat products under 600mm,9.618,49070,9,False
Taiwan,Taiwan,72051000,Granules and powders,9.600000000000001,84252,4,False
Germany,Sweden,72254040,Other alloy flat products,9.6,16582,1,True
Germany,Luxembourg,72179020,Wire,9.598,11742,1,True
China,Taiwan,72230019,Stainless steel wire,9.598,37242,1,True
Netherlands,Netherlands,72165010,Angles shapes and sections,9.597999999999999,21954,2,False
Finland,Germany,72283061,Other alloy bars rods and sections,9.59,23292,4,True
Belgium,Denmark,72072052,Semi-finished steel,9.584,10023,1,True
India,India,72199020,Stainless steel flat products,9.582,45860,3,False
Unknown / not supplied,Ireland,72171031,Wire,9.578,8505,5,True
Taiwan,Belgium,72202049,Stainless steel flat products under 600mm,9.54,20576,1,True
Germany,Germany,72124020,Coated flat products under 600mm,9.54,24187,3,False
France,France,72222081,Stainless steel bars sections and wire,9.539,36251,16,False
Italy,Belgium,72249090,Alloy steel ingots and semi-finished,9.529,52088,1,True
United Kingdom,Norway,72230019,Stainless steel wire,9.512,115916,7,True
France,France,72282010,Other alloy bars rods and sections,9.511,26037,3,False
Germany,Netherlands,72111400,Flat products under 600mm,9.509,14707,4,True
United States,United States,72029980,Ferro-alloys,9.505999999999998,250632,3,False
Austria,Romania,72223051,Stainless steel bars sections and wire,9.504,48734,1,True
Iceland,Iceland,72042900,Ferrous waste and scrap,9.5,57000,1,False
Germany,Netherlands,72101220,Coated or plated flat products,9.492,35073,1,True
Spain,Germany,72285061,Other alloy bars rods and sections,9.491999999999999,40325,10,True
Czechia,Czechia,72230099,Stainless steel wire,9.49,70650,15,False
Armenia,Germany,72027000,Ferro-alloys,9.489,253977,8,True
Belgium,France,72192210,Stainless steel flat products,9.469000000000001,30858,3,True
Finland,Sweden,72166110,Angles shapes and sections,9.46,9931,2,True
France,Belgium,72072052,Semi-finished steel,9.453,14202,1,True
Germany,Netherlands,72085400,Hot-rolled flat products,9.449,19200,7,True
Italy,Germany,72089020,Hot-rolled flat products,9.439,20377,2,True
France,Germany,72283069,Other alloy bars rods and sections,9.434999999999999,28222,3,True
France,Belgium,72149931,Other bars and rods,9.419,12184,2,True
United Kingdom,Sweden,72193490,Stainless steel flat products,9.417,33845,1,True
Luxembourg,Germany,72172030,Wire,9.405,18677,2,True
China,France,72141000,Other bars and rods,9.402,10537,2,True
Finland,Finland,72202081,Stainless steel flat products under 600mm,9.386,58590,2,False
Japan,Netherlands,72286080,Other alloy bars rods and sections,9.379,20582,7,True
United Kingdom,Poland,72283061,Other alloy bars rods and sections,9.369,109162,4,True
Lithuania,Lithuania,72104900,Coated or plated flat products,9.359,10761,4,False
Spain,Germany,72193210,Stainless steel flat products,9.339,51067,9,True
South Korea,France,72299090,Alloy steel wire,9.31,15353,4,True
Germany,Germany,72222039,Stainless steel bars sections and wire,9.304,80176,16,False
Sweden,Netherlands,72089080,Hot-rolled flat products,9.303,14087,5,True
Italy,Italy,72031000,Direct reduced iron,9.3,175410,1,False
Italy,Germany,72192210,Stainless steel flat products,9.296,38542,6,True
Luxembourg,Germany,72163190,Angles shapes and sections,9.293,7969,1,True
United States,United States,72165099,Angles shapes and sections,9.287,29778,8,False
United States,United States,72283070,Other alloy bars rods and sections,9.263,166321,9,False
Unknown / not supplied,Ireland,72222021,Stainless steel bars sections and wire,9.255,32165,28,True
Italy,Germany,72111300,Flat products under 600mm,9.249,9236,1,True
Sweden,Netherlands,72124080,Coated flat products under 600mm,9.248,10684,2,True
Germany,Germany,72089080,Hot-rolled flat products,9.248,53391,11,False
Germany,Germany,72269199,Other alloy flat products under 600mm,9.233,138407,6,False
Spain,Spain,72119080,Flat products under 600mm,9.223,30165,4,False
Spain,Spain,72112380,Flat products under 600mm,9.222000000000001,30568,1,False
Austria,Netherlands,72173090,Wire,9.222,35479,2,True
Ukraine,Austria,72283061,Other alloy bars rods and sections,9.221,16364,1,True
Finland,Belgium,72085191,Hot-rolled flat products,9.216000000000001,11117,1,True
South Korea,Netherlands,72085390,Hot-rolled flat products,9.216,7969,1,True
Spain,Germany,72254060,Other alloy flat products,9.216,10707,1,True
Japan,Belgium,72085198,Hot-rolled flat products,9.216,7438,1,True
Taiwan,Poland,72222021,Stainless steel bars sections and wire,9.211,66962,4,True
United States,United States,72163299,Angles shapes and sections,9.205,21443,2,False
South Korea,South Korea,72171090,Wire,9.205,17243,2,False
Netherlands,India,72224010,Stainless steel bars sections and wire,9.205,27773,2,True
United States,United States,72286020,Other alloy bars rods and sections,9.2,143265,6,False
South Korea,Ireland,72166900,Angles shapes and sections,9.2,12222,3,True
Czechia,Germany,72149971,Other bars and rods,9.198,11095,2,True
Poland,Belgium,72254060,Other alloy flat products,9.195,8473,2,True
Taiwan,Italy,72112900,Flat products under 600mm,9.194,11267,1,True
Austria,Netherlands,72125090,Coated flat products under 600mm,9.182,34311,6,True
Brazil,France,72222039,Stainless steel bars sections and wire,9.179,213167,7,True
Brazil,Brazil,72189980,Stainless steel ingots and semi-finished,9.172,230854,11,False
China,Austria,72249002,Alloy steel ingots and semi-finished,9.17,15309,2,True
Turkey,Turkey,72192400,Stainless steel flat products,9.165,13063,3,False
Turkey,Netherlands,72202041,Stainless steel flat products under 600mm,9.163,16705,1,True
Belgium,Denmark,72192290,Stainless steel flat products,9.148,21695,3,True
Netherlands,Netherlands,72112330,Flat products under 600mm,9.127,194002,16,False
Belgium,Belgium,72101220,Coated or plated flat products,9.11,14373,6,False
Germany,Denmark,72085400,Hot-rolled flat products,9.084,17508,6,True
Japan,Spain,72171039,Wire,9.083,22300,8,True
Sweden,Norway,72221111,Stainless steel bars sections and wire,9.079,75100,6,True
Sweden,Sweden,72166110,Angles shapes and sections,9.079,19974,4,False
Belgium,Belgium,72179050,Wire,9.072000000000001,45034,4,False
Netherlands,Netherlands,72283061,Other alloy bars rods and sections,9.068,17841,4,False
Italy,Netherlands,72192210,Stainless steel flat products,9.029,20295,2,True
United Kingdom,Netherlands,72166110,Angles shapes and sections,9.025,31074,2,True
Czechia,Netherlands,72089080,Hot-rolled flat products,9.017,37327,16,True
Germany,France,72223097,Stainless steel bars sections and wire,9.016,59421,4,True
China,Chile,72042110,Ferrous waste and scrap,9.01,17143,1,True
United States,Canada,72122000,Coated flat products under 600mm,9.006,51365,2,True
China,France,72024950,Ferro-alloys,9.001999999999999,42714,3,True
France,Slovenia,72051000,Granules and powders,9.0,15006,2,True
India,Czechia,72022100,Ferro-alloys,9.0,28426,1,True
Germany,France,72191310,Stainless steel flat products,9.0,55050,1,True
China,Netherlands,72027000,Ferro-alloys,9.0,281171,2,True
India,India,72029980,Ferro-alloys,9.0,25017,3,False
Switzerland,Switzerland,72112320,Flat products under 600mm,8.992,436340,14,False
Turkey,Turkey,72191290,Stainless steel flat products,8.981,26380,2,False
Spain,Spain,72166900,Angles shapes and sections,8.981,107113,12,False
Slovakia,Czechia,72259200,Other alloy flat products,8.98,6813,1,True
China,China,72221189,Stainless steel bars sections and wire,8.978,29617,11,False
Portugal,Germany,72222081,Stainless steel bars sections and wire,8.975999999999999,37758,13,True
Belgium,Netherlands,72209080,Stainless steel flat products under 600mm,8.975,16294,2,True
Sweden,Finland,72193410,Stainless steel flat products,8.97,36858,1,True
South Korea,Netherlands,72193310,Stainless steel flat products,8.958,20186,1,True
Germany,Singapore,72284090,Other alloy bars rods and sections,8.953,36122,3,True
India,Italy,72202041,Stainless steel flat products under 600mm,8.95,42489,10,True
Poland,Italy,72149979,Other bars and rods,8.936,7920,3,True
Belgium,Belgium,72155011,Other bars and rods,8.932,10515,2,False
Belgium,Italy,72192300,Stainless steel flat products,8.918000000000001,31660,6,True
United Kingdom,France,72283069,Other alloy bars rods and sections,8.913,118681,14,True
France,Norway,72283061,Other alloy bars rods and sections,8.908999999999999,20356,2,True
Italy,Italy,72193100,Stainless steel flat products,8.888,36770,1,False
Belgium,Germany,72193390,Stainless steel flat products,8.873,20581,4,True
China,Netherlands,72202041,Stainless steel flat products under 600mm,8.864,13042,1,True
Germany,France,72163390,Angles shapes and sections,8.86,8443,3,True
United Kingdom,Ireland,72085400,Hot-rolled flat products,8.853,6801,1,True
Spain,Spain,72111300,Flat products under 600mm,8.848,7724,1,False
Spain,Italy,72193410,Stainless steel flat products,8.845,21346,1,True
Belgium,Netherlands,72202081,Stainless steel flat products under 600mm,8.834,15189,1,True
United Kingdom,Slovenia,72287090,Other alloy bars rods and sections,8.831,54552,9,True
Vietnam,Ireland,72106100,Coated or plated flat products,8.83,6677,2,True
United States,United States,72281020,Other alloy bars rods and sections,8.827,157216,8,False
Thailand,Netherlands,72202041,Stainless steel flat products under 600mm,8.826,16340,2,True
Germany,Denmark,72285061,Other alloy bars rods and sections,8.826,23193,2,True
Spain,Ireland,72269930,Other alloy flat products under 600mm,8.815,6772,1,True
Taiwan,China,72221181,Stainless steel bars sections and wire,8.807,77237,2,True
Sweden,Norway,72193310,Stainless steel flat products,8.801,52996,4,True
Czechia,Germany,72162100,Angles shapes and sections,8.801,12340,3,True
Slovenia,Slovenia,72221990,Stainless steel bars sections and wire,8.799999999999999,41229,6,False
Germany,Spain,72193510,Stainless steel flat products,8.798,54183,3,True
Luxembourg,Germany,72164010,Angles shapes and sections,8.789,13402,7,True
Germany,Belgium,72084000,Hot-rolled flat products,8.786000000000001,15633,2,True
Germany,Poland,72171050,Wire,8.779,17125,3,True
Netherlands,Netherlands,72191210,Stainless steel flat products,8.775,75906,1,False
India,Denmark,72123000,Coated flat products under 600mm,8.758,9126,1,True
United States,Austria,72284090,Other alloy bars rods and sections,8.758,198242,1,True
Turkey,Spain,72171090,Wire,8.745,13948,5,True
Poland,France,72171050,Wire,8.73,12639,1,True
Italy,Italy,72099020,Cold-rolled flat products,8.728,21221,11,False
Romania,Romania,72172030,Wire,8.725,11398,1,False
Germany,Belgium,72224090,Stainless steel bars sections and wire,8.717,113274,1,True
India,Germany,72221189,Stainless steel bars sections and wire,8.712,37995,14,True
Unknown / not supplied,Ireland,72230019,Stainless steel wire,8.709999999999999,18213,24,True
Poland,Poland,72202041,Stainless steel flat products under 600mm,8.707,50076,14,False
Germany,Italy,72111400,Flat products under 600mm,8.706,10710,2,True
Spain,France,72281090,Other alloy bars rods and sections,8.7,7807,1,True
United States,United States,72159000,Other bars and rods,8.686,199774,14,False
India,Italy,72230099,Stainless steel wire,8.671000000000001,36908,5,True
Spain,Spain,72082700,Hot-rolled flat products,8.67,7295,2,False
Belgium,France,72254060,Other alloy flat products,8.668,12946,2,True
France,Belgium,72286080,Other alloy bars rods and sections,8.661,7305,2,True
United Kingdom,Slovakia,72111900,Flat products under 600mm,8.656,16111,2,True
United Kingdom,Germany,72141000,Other bars and rods,8.65,17100,1,True
United Kingdom,France,72222011,Stainless steel bars sections and wire,8.648,115163,6,True
China,United Arab Emirates,72222011,Stainless steel bars sections and wire,8.634,39999,1,True
Portugal,Ireland,72222021,Stainless steel bars sections and wire,8.629,42432,4,True
Finland,France,72285061,Other alloy bars rods and sections,8.625,20919,4,True
Taiwan,Canada,72209080,Stainless steel flat products under 600mm,8.614999999999998,77888,2,True
Czechia,Czechia,72285040,Other alloy bars rods and sections,8.61,12140,1,False
Sweden,Italy,72193100,Stainless steel flat products,8.609,56926,7,True
Slovakia,France,72085299,Hot-rolled flat products,8.606,12832,1,True
France,Italy,72222081,Stainless steel bars sections and wire,8.59,46252,9,True
Ukraine,Netherlands,72283020,Other alloy bars rods and sections,8.59,22992,3,True
Unknown / not supplied,Ireland,72165099,Angles shapes and sections,8.59,12690,12,True
Italy,Italy,72249018,Alloy steel ingots and semi-finished,8.565000000000001,29487,2,False
Poland,Poland,72199080,Stainless steel flat products,8.56,52098,9,False
Belgium,Ireland,72199080,Stainless steel flat products,8.557,23928,5,True
Slovenia,Italy,72192110,Stainless steel flat products,8.552,38798,7,True
Taiwan,Ireland,72193390,Stainless steel flat products,8.55,28374,4,True
Sweden,Germany,72210010,Stainless steel bars and rods,8.543,33456,2,True
China,Turkey,72107080,Coated or plated flat products,8.542,7389,1,True
China,Poland,72193390,Stainless steel flat products,8.54,15316,1,True
China,China,72125040,Coated flat products under 600mm,8.539,26241,8,False
Taiwan,Sweden,72112900,Flat products under 600mm,8.537,19256,2,True
Italy,Germany,72221111,Stainless steel bars sections and wire,8.535,43132,8,True
Romania,France,72286080,Other alloy bars rods and sections,8.530999999999999,24463,2,True
Belgium,Belgium,72099080,Cold-rolled flat products,8.5,11581,4,False
Hungary,Hungary,72099020,Cold-rolled flat products,8.483,208363,10,False
Czechia,Germany,72163211,Angles shapes and sections,8.482,7897,2,True
Ireland,Ireland,72166110,Angles shapes and sections,8.476,4740,1,False
Unknown / not supplied,Italy,72149971,Other bars and rods,8.469999999999999,7066,2,True
Belgium,France,72224050,Stainless steel bars sections and wire,8.469,59316,1,True
Turkey,Netherlands,72124080,Coated flat products under 600mm,8.468,11980,2,True
Germany,Italy,72112330,Flat products under 600mm,8.432,12115,2,True
South Korea,South Korea,72202049,Stainless steel flat products under 600mm,8.425,42542,3,False
India,Germany,72149979,Other bars and rods,8.423,6823,1,True
Germany,Italy,72284090,Other alloy bars rods and sections,8.373000000000001,125982,2,True
France,France,72221990,Stainless steel bars sections and wire,8.372,32358,1,False
Denmark,Denmark,72141000,Other bars and rods,8.354,46867,1,False
India,India,72119080,Flat products under 600mm,8.350999999999999,16668,3,False
Spain,Spain,72269120,Other alloy flat products under 600mm,8.35,34637,1,False
Italy,Sweden,72209080,Stainless steel flat products under 600mm,8.338000000000001,241824,2,True
United Kingdom,Netherlands,72107080,Coated or plated flat products,8.335,11340,2,True
China,China,72042110,Ferrous waste and scrap,8.333,213017,4,False
Sweden,Germany,72201100,Stainless steel flat products under 600mm,8.325,46383,7,True
Germany,Netherlands,72164010,Angles shapes and sections,8.318,8831,3,True
Belgium,United States,72221910,Stainless steel bars sections and wire,8.313,281015,4,True
Bulgaria,France,72159000,Other bars and rods,8.307,10646,1,True
Turkey,Italy,72173041,Wire,8.303999999999998,15964,4,True
Slovenia,Switzerland,72192110,Stainless steel flat products,8.286,39067,2,True
Switzerland,Italy,72149939,Other bars and rods,8.282,6433,1,True
Italy,Italy,72281090,Other alloy bars rods and sections,8.272,115800,7,False
Germany,Netherlands,72126000,Coated flat products under 600mm,8.262,60224,11,True
South Africa,South Africa,72286080,Other alloy bars rods and sections,8.258,202864,14,False
United Kingdom,United States,72071210,Semi-finished steel,8.255,6970,1,True
India,Italy,72222019,Stainless steel bars sections and wire,8.246,36474,6,True
Belgium,Belgium,72163299,Angles shapes and sections,8.24,19237,2,False
Italy,Norway,72284090,Other alloy bars rods and sections,8.225,25605,3,True
Denmark,Netherlands,72051000,Granules and powders,8.216000000000001,32204,2,True
Sweden,Poland,72192210,Stainless steel flat products,8.209,95658,1,True
Slovenia,Germany,72201100,Stainless steel flat products under 600mm,8.208,63385,6,True
Japan,Japan,72169900,Angles shapes and sections,8.203,74008,19,False
Romania,Italy,72222039,Stainless steel bars sections and wire,8.197000000000001,63986,12,True
India,Italy,72112900,Flat products under 600mm,8.192,10172,1,True
Austria,Germany,72171039,Wire,8.185,11173,3,True
Spain,Italy,72155011,Other bars and rods,8.177,7905,1,True
Slovenia,Czechia,72279095,Alloy bars and rods hot-rolled,8.14,11396,1,True
France,Italy,72109030,Coated or plated flat products,8.136,22003,1,True
Spain,Germany,72163299,Angles shapes and sections,8.121,19035,1,True
Spain,Romania,72202081,Stainless steel flat products under 600mm,8.120000000000001,38966,3,True
China,Hong Kong,72222029,Stainless steel bars sections and wire,8.119,42298,1,True
Germany,France,72172010,Wire,8.115,13464,1,True
United States,Belgium,72230019,Stainless steel wire,8.112,170714,6,True
China,Taiwan,72193590,Stainless steel flat products,8.112,8986,1,True
Slovenia,Slovenia,72269970,Other alloy flat products under 600mm,8.109,28158,3,False
Unknown / not supplied,Ireland,72283070,Other alloy bars rods and sections,8.105,10405,23,True
France,Netherlands,72085390,Hot-rolled flat products,8.1,9827,1,True
Unknown / not supplied,Bulgaria,72141000,Other bars and rods,8.099,7440,1,True
Austria,Germany,72281020,Other alloy bars rods and sections,8.087,180784,23,True
Czechia,Czechia,72139910,Hot-rolled bars and rods,8.078,5544,2,False
Sweden,Netherlands,72085120,Hot-rolled flat products,8.073,8414,1,True
BZ,France,72283061,Other alloy bars rods and sections,8.062999999999999,65274,2,True
South Africa,South Africa,72172090,Wire,8.054,5709,3,False
Germany,Denmark,72091690,Cold-rolled flat products,8.05,23038,2,True
Italy,Germany,72169180,Angles shapes and sections,8.049,66676,20,True
Belgium,Belgium,72166900,Angles shapes and sections,8.032,17435,1,False
Ireland,Ireland,72169900,Angles shapes and sections,8.011,56716,12,False
Poland,Germany,72149931,Other bars and rods,8.01,24619,3,True
Hong Kong,Hong Kong,72224090,Stainless steel bars sections and wire,8.003,32211,4,False
Finland,Germany,72201100,Stainless steel flat products under 600mm,8.002,25121,5,True
Estonia,Estonia,72022990,Ferro-alloys,8.0,57825,1,False
Spain,Estonia,72029980,Ferro-alloys,8.0,57066,1,True
United Kingdom,Sweden,72052900,Granules and powders,8.0,13089,2,True
Germany,Spain,72166110,Angles shapes and sections,8.0,15768,1,True
Canada,China,72282091,Other alloy bars rods and sections,8.0,7182,1,True
Unknown / not supplied,Ireland,72092710,Cold-rolled flat products,8.0,3170,2,True
Indonesia,Malaysia,72193410,Stainless steel flat products,7.998,15556,1,True
South Africa,South Africa,72192110,Stainless steel flat products,7.992,28798,1,False
Spain,Spain,72285020,Other alloy bars rods and sections,7.992,647980,23,False
Italy,France,72193510,Stainless steel flat products,7.984,29744,5,True
Spain,Germany,72230019,Stainless steel wire,7.979,14357,2,True
Malaysia,Malaysia,72193490,Stainless steel flat products,7.978,8417,1,False
Germany,Netherlands,72285069,Other alloy bars rods and sections,7.9270000000000005,20721,6,True
Belgium,Italy,72202041,Stainless steel flat products under 600mm,7.926,26450,5,True
Finland,Netherlands,72254090,Other alloy flat products,7.92,7537,1,True
India,Netherlands,72230091,Stainless steel wire,7.92,226505,14,True
Romania,Germany,72149971,Other bars and rods,7.904,10723,3,True
Finland,Ireland,72193390,Stainless steel flat products,7.897,27706,4,True
Sweden,Germany,72193390,Stainless steel flat products,7.896999999999999,27244,2,True
Romania,France,72085198,Hot-rolled flat products,7.888,10112,2,True
Germany,France,72221910,Stainless steel bars sections and wire,7.886000000000001,38293,2,True
France,Portugal,72221181,Stainless steel bars sections and wire,7.882,20428,1,True
Germany,Italy,72193410,Stainless steel flat products,7.879,38819,7,True
Thailand,Netherlands,72202049,Stainless steel flat products under 600mm,7.877000000000001,9326,2,True
Italy,France,72285069,Other alloy bars rods and sections,7.871,17501,6,True
France,Belgium,72169110,Angles shapes and sections,7.856,34092,2,True
Japan,Japan,72284010,Other alloy bars rods and sections,7.838,255967,3,False
Taiwan,Taiwan,72071980,Semi-finished steel,7.832,1429950,16,False
Romania,Romania,72222031,Stainless steel bars sections and wire,7.825,84870,5,False
Germany,Germany,72241090,Alloy steel ingots and semi-finished,7.821,16826,4,False
Netherlands,Netherlands,72222031,Stainless steel bars sections and wire,7.805,81056,9,False
Belgium,Belgium,72163211,Angles shapes and sections,7.804,31288,4,False
Italy,Italy,72209080,Stainless steel flat products under 600mm,7.797000000000001,78333,9,False
Brazil,Netherlands,72222029,Stainless steel bars sections and wire,7.789,170057,4,True
Italy,France,72089080,Hot-rolled flat products,7.782,13704,2,True
China,India,72223051,Stainless steel bars sections and wire,7.777,21226,1,True
South Korea,Thailand,72104900,Coated or plated flat products,7.742,14993,1,True
China,France,72285080,Other alloy bars rods and sections,7.7410000000000005,17747,3,True
Czechia,Czechia,72163291,Angles shapes and sections,7.73,32963,1,False
Germany,Norway,72222029,Stainless steel bars sections and wire,7.721,25282,4,True
Turkey,Ireland,72163110,Angles shapes and sections,7.719,17889,3,True
Poland,Poland,72109080,Coated or plated flat products,7.718,19073,4,False
Germany,Norway,72230019,Stainless steel wire,7.712000000000001,31588,4,True
Spain,Belgium,72285061,Other alloy bars rods and sections,7.71,12649,1,True
Unknown / not supplied,Ireland,72099080,Cold-rolled flat products,7.703,71706,21,True
Luxembourg,Germany,72163211,Angles shapes and sections,7.698,7227,3,True
Germany,Germany,72221990,Stainless steel bars sections and wire,7.697,36130,10,False
Germany,Spain,72193310,Stainless steel flat products,7.695,13048,1,True
Canada,Canada,72287090,Other alloy bars rods and sections,7.686,434076,7,False
Unknown / not supplied,Ireland,72143000,Other bars and rods,7.681,5730,4,True
Spain,Netherlands,72221181,Stainless steel bars sections and wire,7.674,33683,2,True
China,Germany,72155080,Other bars and rods,7.664,9504,2,True
Austria,Austria,72299090,Alloy steel wire,7.647,28003,8,False
Mexico,Switzerland,72230011,Stainless steel wire,7.647,30650,4,True
Germany,Finland,72166110,Angles shapes and sections,7.645,15952,1,True
Austria,Austria,72052100,Granules and powders,7.64,294012,8,False
Czechia,France,72151000,Other bars and rods,7.63,7197,1,True
Japan,Denmark,72171039,Wire,7.627,18126,9,True
Czechia,Italy,72149931,Other bars and rods,7.62,11601,3,True
Spain,Italy,72193490,Stainless steel flat products,7.615,13076,1,True
Italy,Italy,72249014,Alloy steel ingots and semi-finished,7.596,11874,1,False
South Korea,Hong Kong,72026000,Ferro-alloys,7.59,44765,2,True
China,Hong Kong,72202021,Stainless steel flat products under 600mm,7.589,32664,1,True
Czechia,Czechia,72179020,Wire,7.589,9331,1,False
Finland,Finland,72201100,Stainless steel flat products under 600mm,7.582,23698,4,False
Italy,Italy,72071114,Semi-finished steel,7.5809999999999995,14959,2,False
India,Belgium,72104900,Coated or plated flat products,7.565,7149,1,True
Finland,Belgium,72085291,Hot-rolled flat products,7.562,11704,1,True
Czechia,Germany,72163310,Angles shapes and sections,7.558,7793,1,True
Poland,Germany,72121010,Coated flat products under 600mm,7.547000000000001,39216,5,True
Poland,Poland,72222031,Stainless steel bars sections and wire,7.544,33975,11,False
Indonesia,United Arab Emirates,72085120,Hot-rolled flat products,7.54,5095,1,True
France,France,72286020,Other alloy bars rods and sections,7.514,12246,4,False
Germany,France,72193510,Stainless steel flat products,7.513,81833,1,True
Finland,France,72193410,Stainless steel flat products,7.513,54991,15,True
Denmark,Germany,72071912,Semi-finished steel,7.511,7686,1,True
Portugal,France,72169110,Angles shapes and sections,7.503,30134,1,True
South Africa,Latvia,72192300,Stainless steel flat products,7.5,10463,1,True
Belgium,Germany,72085299,Hot-rolled flat products,7.4990000000000006,10086,3,True
KW,KW,72199080,Stainless steel flat products,7.47,48,1,False
Netherlands,France,72193410,Stainless steel flat products,7.469,21937,1,True
Greece,Romania,72166190,Angles shapes and sections,7.462,13655,1,True
Greece,Greece,72166190,Angles shapes and sections,7.462,13823,1,False
Sweden,Poland,72191100,Stainless steel flat products,7.46,55304,10,True
United Kingdom,Germany,72230019,Stainless steel wire,7.458,50879,8,True
United States,Germany,72193590,Stainless steel flat products,7.457,146628,4,True
Turkey,Turkey,72169110,Angles shapes and sections,7.417,14467,3,False
Spain,Netherlands,72149931,Other bars and rods,7.406000000000001,12904,4,True
Austria,Germany,72286080,Other alloy bars rods and sections,7.405,18281,9,True
Finland,Poland,72202041,Stainless steel flat products under 600mm,7.404,19188,2,True
France,Netherlands,72089080,Hot-rolled flat products,7.4030000000000005,23417,3,True
Germany,Romania,72292000,Alloy steel wire,7.403,18144,10,True
Japan,Japan,72254012,Other alloy flat products,7.402,30058,2,False
Slovenia,Slovenia,72283069,Other alloy bars rods and sections,7.4,11223,1,False
Finland,Germany,72201200,Stainless steel flat products under 600mm,7.399,23465,4,True
Switzerland,Switzerland,72052900,Granules and powders,7.390000000000001,97856,11,False
United States,MZ,72223051,Stainless steel bars sections and wire,7.39,60001,1,True
Spain,France,72222081,Stainless steel bars sections and wire,7.382,31956,2,True
Germany,Germany,72029300,Ferro-alloys,7.359,197028,4,False
Brazil,Brazil,72042900,Ferrous waste and scrap,7.357,80323,1,False
United States,Belgium,72249002,Alloy steel ingots and semi-finished,7.35,80603,1,True
Netherlands,Belgium,72202041,Stainless steel flat products under 600mm,7.344,13307,1,True
Germany,Italy,72269200,Other alloy flat products under 600mm,7.342,30244,2,True
France,Ireland,72259200,Other alloy flat products,7.34,5347,2,True
Belgium,Finland,72089080,Hot-rolled flat products,7.328,7610,1,True
Denmark,Poland,72072080,Semi-finished steel,7.324,70591,18,True
Sweden,Sweden,72230091,Stainless steel wire,7.32,130027,9,False
Finland,France,72202041,Stainless steel flat products under 600mm,7.318,16694,2,True
Italy,Netherlands,72085390,Hot-rolled flat products,7.314,14607,3,True
Norway,Sweden,72107080,Coated or plated flat products,7.305,12075,1,True
Germany,Norway,72283089,Other alloy bars rods and sections,7.295,17266,2,True
Norway,Italy,72071980,Semi-finished steel,7.295,51293,2,True
South Korea,South Korea,72222021,Stainless steel bars sections and wire,7.28,64325,1,False
Germany,Norway,72285069,Other alloy bars rods and sections,7.272,23892,5,True
Italy,Switzerland,72222019,Stainless steel bars sections and wire,7.271,25924,1,True
Spain,France,72199080,Stainless steel flat products,7.2700000000000005,37175,3,True
Italy,Netherlands,72111400,Flat products under 600mm,7.27,11381,1,True
United Kingdom,Germany,72163310,Angles shapes and sections,7.267,5712,1,True
Slovenia,Portugal,72222081,Stainless steel bars sections and wire,7.257000000000001,35515,2,True
Italy,France,72288000,Other alloy bars rods and sections,7.254,29797,3,True
Germany,Germany,72109030,Coated or plated flat products,7.251,119483,11,False
Unknown / not supplied,Ireland,72222081,Stainless steel bars sections and wire,7.25,19051,25,True
Portugal,Netherlands,72299090,Alloy steel wire,7.25,5230,2,True
Sweden,Germany,72283069,Other alloy bars rods and sections,7.239,17421,5,True
China,Hong Kong,72192400,Stainless steel flat products,7.2379999999999995,17748,2,True
Netherlands,France,72189920,Stainless steel ingots and semi-finished,7.236,121866,4,True
Spain,Spain,72143000,Other bars and rods,7.231,8208,2,False
Germany,Denmark,72193310,Stainless steel flat products,7.221,89508,10,True
France,Norway,72221119,Stainless steel bars sections and wire,7.22,18796,3,True
South Africa,South Africa,72202021,Stainless steel flat products under 600mm,7.216,17144,1,False
United States,United States,72149950,Other bars and rods,7.210999999999999,126488,3,False
Slovakia,Slovakia,72085120,Hot-rolled flat products,7.202,14380,1,False
Slovenia,Poland,72201100,Stainless steel flat products under 600mm,7.2010000000000005,41133,6,True
Finland,Sweden,72255080,Other alloy flat products,7.2,7344,1,True
Romania,Romania,72193410,Stainless steel flat products,7.2,41390,2,False
Sweden,Finland,72111300,Flat products under 600mm,7.2,6022,1,True
Belgium,Germany,72085191,Hot-rolled flat products,7.2,5703,1,True
Romania,Netherlands,72202041,Stainless steel flat products under 600mm,7.189,15596,3,True
Germany,Netherlands,72269200,Other alloy flat products under 600mm,7.188,21904,4,True
Unknown / not supplied,Belgium,72149931,Other bars and rods,7.182,6009,1,True
India,Spain,72230099,Stainless steel wire,7.167,31898,8,True
United States,United States,72149110,Other bars and rods,7.16,59593,11,False
Czechia,France,72124080,Coated flat products under 600mm,7.158,28681,3,True
Spain,Ireland,72085299,Hot-rolled flat products,7.154,15469,7,True
United States,Canada,72193410,Stainless steel flat products,7.1530000000000005,453303,3,True
Belgium,France,72201100,Stainless steel flat products under 600mm,7.153,68317,11,True
Italy,France,72222029,Stainless steel bars sections and wire,7.15,29035,2,True
United States,United States,72287090,Other alloy bars rods and sections,7.15,69604,9,False
China,Netherlands,72285020,Other alloy bars rods and sections,7.147,21539,4,True
France,Italy,72192210,Stainless steel flat products,7.132,65380,5,True
Indonesia,China,72193490,Stainless steel flat products,7.128,14125,1,True
Italy,Turkey,72222021,Stainless steel bars sections and wire,7.124,22914,1,True
Czechia,Netherlands,72111300,Flat products under 600mm,7.109999999999999,6676,3,True
Germany,Portugal,72221111,Stainless steel bars sections and wire,7.106,28106,2,True
Turkey,Ireland,72163291,Angles shapes and sections,7.105,20249,3,True
United Kingdom,Sweden,72269200,Other alloy flat products under 600mm,7.1,10200,1,True
Sweden,Sweden,72171050,Wire,7.1,13965,1,False
Hungary,Netherlands,72089080,Hot-rolled flat products,7.089,18667,9,True
Romania,Romania,72085299,Hot-rolled flat products,7.067,38182,2,False
Belgium,Netherlands,72141000,Other bars and rods,7.06,6740,1,True
Finland,Netherlands,72085400,Hot-rolled flat products,7.059,7230,2,True
Germany,Denmark,72222019,Stainless steel bars sections and wire,7.051,19064,1,True
Germany,France,72285069,Other alloy bars rods and sections,7.043,29951,5,True
Poland,Poland,72189920,Stainless steel ingots and semi-finished,7.042,108429,7,False
Belgium,Belgium,72151000,Other bars and rods,7.033,6717,1,False
Czechia,Czechia,72283049,Other alloy bars rods and sections,7.028,8293,1,False
Romania,Germany,72149931,Other bars and rods,7.026,12011,5,True
Taiwan,France,72283069,Other alloy bars rods and sections,7.024,52906,3,True
Belgium,Denmark,72192210,Stainless steel flat products,7.011,26398,6,True
Slovakia,Romania,72104900,Coated or plated flat products,7.005,17906,8,True
Sweden,Sweden,72071912,Semi-finished steel,7.001,4730,1,False
India,Latvia,72024990,Ferro-alloys,7.0,18123,1,True
Czechia,Czechia,72029200,Ferro-alloys,7.0,104991,2,False
Sweden,Sweden,72024950,Ferro-alloys,7.0,30369,3,False
Spain,Netherlands,72169900,Angles shapes and sections,6.977,25545,3,True
France,Netherlands,72193410,Stainless steel flat products,6.964,21164,3,True
Ireland,Ireland,72210090,Stainless steel bars and rods,6.961,14119,1,False
Finland,Poland,72107080,Coated or plated flat products,6.954000000000001,11126,3,True
Slovenia,Germany,72285061,Other alloy bars rods and sections,6.952999999999999,47819,7,True
Unknown / not supplied,Italy,72284090,Other alloy bars rods and sections,6.949,7439,1,True
Taiwan,Belgium,72254060,Other alloy flat products,6.9190000000000005,5747,2,True
United States,Hong Kong,72193410,Stainless steel flat products,6.905,18832,1,True
United States,United States,72101100,Coated or plated flat products,6.899,65405,8,False
Taiwan,Taiwan,72224050,Stainless steel bars sections and wire,6.889,39791,5,False
France,France,72024910,Ferro-alloys,6.884,46389,1,False
Belgium,Germany,72201100,Stainless steel flat products under 600mm,6.883,28453,8,True
United States,United States,72210010,Stainless steel bars and rods,6.882,88831,10,False
Sweden,Netherlands,72085400,Hot-rolled flat products,6.880000000000001,7294,2,True
Ukraine,France,72283020,Other alloy bars rods and sections,6.875,21114,1,True
Slovenia,Slovenia,72269191,Other alloy flat products under 600mm,6.87,22697,3,False
United States,United States,72279095,Alloy bars and rods hot-rolled,6.8660000000000005,252852,7,False
Germany,France,72224050,Stainless steel bars sections and wire,6.862,49819,9,True
Finland,Turkey,72193290,Stainless steel flat products,6.86,15403,1,True
Turkey,Netherlands,72193410,Stainless steel flat products,6.85,13152,1,True
United States,United States,72162100,Angles shapes and sections,6.838000000000001,34140,12,False
Poland,Germany,72139170,Hot-rolled bars and rods,6.836,4356,2,True
Vietnam,China,72193310,Stainless steel flat products,6.828,11519,1,True
United States,Croatia,72171050,Wire,6.827,13681,1,True
China,Germany,72171090,Wire,6.827,22295,5,True
Belgium,France,72193410,Stainless steel flat products,6.822,33768,6,True
United Kingdom,Netherlands,72085120,Hot-rolled flat products,6.819,7824,3,True
AR,France,72029980,Ferro-alloys,6.814,17789,2,True
China,China,72223091,Stainless steel bars sections and wire,6.8069999999999995,42742,2,False
Netherlands,Finland,72193310,Stainless steel flat products,6.804,12481,2,True
Poland,Germany,72169110,Angles shapes and sections,6.798,9454,2,True
Norway,Norway,72192300,Stainless steel flat products,6.794,14064,1,False
Belgium,Austria,72169110,Angles shapes and sections,6.789,16419,2,True
France,Netherlands,72164010,Angles shapes and sections,6.788,5665,3,True
India,Germany,72192110,Stainless steel flat products,6.785,16783,1,True
Brazil,Belgium,72285061,Other alloy bars rods and sections,6.782,40962,1,True
Poland,Netherlands,72283069,Other alloy bars rods and sections,6.779,17017,6,True
Italy,Italy,72169900,Angles shapes and sections,6.774,40188,9,False
Italy,Italy,72179090,Wire,6.7490000000000006,22067,6,False
Slovenia,Slovenia,72221910,Stainless steel bars sections and wire,6.741,100618,4,False
France,France,72284010,Other alloy bars rods and sections,6.735,4142,1,False
Australia,Italy,72283041,Other alloy bars rods and sections,6.732,6307,1,True
France,France,72072015,Semi-finished steel,6.725,6396,1,False
France,Portugal,72222031,Stainless steel bars sections and wire,6.717,18628,2,True
Italy,Italy,72072032,Semi-finished steel,6.714,17895,2,False
Italy,France,72112330,Flat products under 600mm,6.708,9162,1,True
France,Netherlands,72149939,Other bars and rods,6.704,4116,2,True
Netherlands,Netherlands,72044199,Ferrous waste and scrap,6.695,2744,1,False
Italy,Belgium,72193390,Stainless steel flat products,6.692,7481,2,True
Spain,Ireland,72162100,Angles shapes and sections,6.684,123,1,True
India,China,72209080,Stainless steel flat products under 600mm,6.68,50814,1,True
Unknown / not supplied,Ireland,72224010,Stainless steel bars sections and wire,6.668,12995,8,True
Estonia,Netherlands,72285020,Other alloy bars rods and sections,6.664,46537,1,True
United Kingdom,Poland,72283069,Other alloy bars rods and sections,6.664,85102,5,True
Germany,Netherlands,72222031,Stainless steel bars sections and wire,6.642,108482,2,True
Czechia,Germany,72230019,Stainless steel wire,6.627,18550,3,True
United States,United States,72193290,Stainless steel flat products,6.623,55074,8,False
Turkey,Turkey,72191100,Stainless steel flat products,6.622,32584,3,False
Portugal,Italy,72221910,Stainless steel bars sections and wire,6.62,26604,1,True
Unknown / not supplied,Ireland,72165091,Angles shapes and sections,6.615,9288,2,True
China,China,72102000,Coated or plated flat products,6.611000000000001,39374,5,False
Slovenia,Georgia,72192110,Stainless steel flat products,6.611,17456,1,True
Czechia,Czechia,72072052,Semi-finished steel,6.611,3733,3,False
India,Netherlands,72201100,Stainless steel flat products under 600mm,6.609,19453,1,True
France,Italy,72193390,Stainless steel flat products,6.5920000000000005,16419,2,True
Italy,Netherlands,72193210,Stainless steel flat products,6.587,13314,1,True
France,Azerbaijan,72283061,Other alloy bars rods and sections,6.583,13835,1,True
France,Sweden,72221990,Stainless steel bars sections and wire,6.567,37738,10,True
Sweden,Ireland,72149110,Other bars and rods,6.562,4101,1,True
Czechia,Netherlands,72261980,Other alloy flat products under 600mm,6.554,11792,1,True
Japan,Singapore,72125090,Coated flat products under 600mm,6.553999999999999,55621,6,True
Australia,France,72222011,Stainless steel bars sections and wire,6.54,83905,1,True
France,Germany,72163211,Angles shapes and sections,6.534,5777,2,True
China,India,72221111,Stainless steel bars sections and wire,6.5329999999999995,18257,2,True
Unknown / not supplied,Italy,72141000,Other bars and rods,6.516,6122,1,True
Unknown / not supplied,Ireland,72284090,Other alloy bars rods and sections,6.513,12493,10,True
Poland,Germany,72254060,Other alloy flat products,6.512,12911,7,True
United States,United States,72164010,Angles shapes and sections,6.511,31086,7,False
India,United States,72230019,Stainless steel wire,6.505,24938,2,True
South Korea,South Korea,72230099,Stainless steel wire,6.493,77984,9,False
Spain,Spain,72069000,Ingots and primary forms,6.48,9885,4,False
Spain,Spain,72199020,Stainless steel flat products,6.476,45510,12,False
Czechia,Germany,72142000,Other bars and rods,6.4719999999999995,13984,3,True
Germany,Germany,72021900,Ferro-alloys,6.464,2554,1,False
Denmark,Belgium,72072052,Semi-finished steel,6.464,5873,1,True
Germany,Germany,72281050,Other alloy bars rods and sections,6.454,52096,4,False
China,United Arab Emirates,72283061,Other alloy bars rods and sections,6.452,23118,2,True
Taiwan,Italy,72230019,Stainless steel wire,6.449,29613,3,True
Luxembourg,Luxembourg,72106900,Coated or plated flat products,6.44,10908,1,False
France,Germany,72202081,Stainless steel flat products under 600mm,6.436,32247,1,True
India,Switzerland,72230011,Stainless steel wire,6.434,28008,4,True
France,France,72269930,Other alloy flat products under 600mm,6.43,7434,1,False
Turkey,Turkey,72193590,Stainless steel flat products,6.43,7936,1,False
Poland,Germany,72169900,Angles shapes and sections,6.425,16297,3,True
Germany,Italy,72155080,Other bars and rods,6.422,11717,1,True
Malaysia,France,72202041,Stainless steel flat products under 600mm,6.421,40012,3,True
Slovakia,Slovakia,72112900,Flat products under 600mm,6.421,7774,3,False
Austria,France,72111400,Flat products under 600mm,6.41,19494,3,True
Czechia,Netherlands,72141000,Other bars and rods,6.404,10522,3,True
Germany,Germany,72021180,Ferro-alloys,6.4,3451,1,False
United States,United States,72261100,Other alloy flat products under 600mm,6.397,103766,4,False
Slovenia,Germany,72283020,Other alloy bars rods and sections,6.391,17366,2,True
Sweden,Sweden,72155080,Other bars and rods,6.383,151270,9,False
Poland,Poland,72193100,Stainless steel flat products,6.380000000000001,26563,2,False
Ireland,Ireland,72199080,Stainless steel flat products,6.3790000000000004,131699,3,False
Unknown / not supplied,Poland,72169180,Angles shapes and sections,6.372,12612,7,True
Germany,Netherlands,72193390,Stainless steel flat products,6.365,10369,4,True
Belgium,Belgium,72164010,Angles shapes and sections,6.36,4047,1,False
United States,United States,72091500,Cold-rolled flat products,6.356,245920,2,False
Portugal,France,72166110,Angles shapes and sections,6.352,38243,1,True
Spain,Germany,72221119,Stainless steel bars sections and wire,6.349,22192,6,True
Belgium,Italy,72201100,Stainless steel flat products under 600mm,6.346,36240,9,True
Turkey,Turkey,72191490,Stainless steel flat products,6.341,16864,2,False
China,China,72085299,Hot-rolled flat products,6.34,4714,2,False
Finland,Finland,72209080,Stainless steel flat products under 600mm,6.332,212498,8,False
Czechia,Germany,72283061,Other alloy bars rods and sections,6.323,19866,4,True
Czechia,Netherlands,72139149,Hot-rolled bars and rods,6.322,8271,1,True
United Arab Emirates,United Arab Emirates,72259900,Other alloy flat products,6.314,6264,1,False
Unknown / not supplied,Austria,72124080,Coated flat products under 600mm,6.312,74387,23,True
France,France,72125090,Coated flat products under 600mm,6.312,6511,2,False
France,Belgium,72083700,Hot-rolled flat products,6.302,2867,1,True
Sweden,Germany,72085390,Hot-rolled flat products,6.3,6799,3,True
Spain,France,72155011,Other bars and rods,6.298,9194,1,True
Belgium,Netherlands,72222031,Stainless steel bars sections and wire,6.287999999999999,14606,2,True
Germany,Norway,72221181,Stainless steel bars sections and wire,6.279,48604,6,True
Ireland,Ireland,72092890,Cold-rolled flat products,6.273,11098,1,False
Austria,Belgium,72085120,Hot-rolled flat products,6.272,9233,1,True
Italy,Netherlands,72166190,Angles shapes and sections,6.27,16875,1,True
Germany,Netherlands,72192110,Stainless steel flat products,6.259,27447,1,True
Poland,Belgium,72155019,Other bars and rods,6.258,3398,2,True
Canada,Canada,72179050,Wire,6.251,18844,1,False
Turkey,Ireland,72171090,Wire,6.25,11929,2,True
Sweden,Sweden,72103000,Coated or plated flat products,6.25,8494,2,False
Denmark,Denmark,72171090,Wire,6.242,4848,1,False
Spain,Netherlands,72083700,Hot-rolled flat products,6.24,5949,2,True
Turkey,France,72202041,Stainless steel flat products under 600mm,6.236000000000001,34071,2,True
China,Turkey,72192110,Stainless steel flat products,6.23,11717,2,True
Germany,Netherlands,72125069,Coated flat products under 600mm,6.228,7065,1,True
Norway,Norway,72223091,Stainless steel bars sections and wire,6.218,26665,1,False
Italy,Netherlands,72222081,Stainless steel bars sections and wire,6.212,23102,1,True
Italy,Germany,72283069,Other alloy bars rods and sections,6.208000000000001,4088,3,True
Spain,Turkey,72202041,Stainless steel flat products under 600mm,6.201,11979,1,True
Spain,Germany,72155080,Other bars and rods,6.2,10063,1,True
Poland,France,72111400,Flat products under 600mm,6.196,11594,1,True
China,Belgium,72159000,Other bars and rods,6.194,11371,5,True
United Arab Emirates,Netherlands,72163190,Angles shapes and sections,6.193,5543,1,True
Norway,Norway,72285061,Other alloy bars rods and sections,6.193,18208,4,False
Spain,Spain,72149910,Other bars and rods,6.19,15466,1,False
United States,United States,72111400,Flat products under 600mm,6.184,27868,5,False
Slovenia,France,72285020,Other alloy bars rods and sections,6.172000000000001,18957,3,True
India,Turkey,72192110,Stainless steel flat products,6.164,11404,1,True
Bulgaria,Netherlands,72159000,Other bars and rods,6.133,9785,1,True
Turkey,Ireland,72163211,Angles shapes and sections,6.129,12418,2,True
United Kingdom,France,72222031,Stainless steel bars sections and wire,6.122,20467,1,True
China,China,72269120,Other alloy flat products under 600mm,6.1129999999999995,13335,2,False
Sweden,Sweden,72171090,Wire,6.11,36704,5,False
Czechia,Czechia,72221181,Stainless steel bars sections and wire,6.105,40489,6,False
United States,United States,72173049,Wire,6.101,88083,16,False
Norway,Norway,72221990,Stainless steel bars sections and wire,6.096,167242,6,False
Sweden,Netherlands,72169180,Angles shapes and sections,6.094,7714,1,True
Germany,France,72163219,Angles shapes and sections,6.0840000000000005,7327,2,True
Norway,Norway,72071980,Semi-finished steel,6.084,21280,1,False
Taiwan,Switzerland,72230011,Stainless steel wire,6.077,17485,2,True
Austria,Sweden,72287090,Other alloy bars rods and sections,6.0760000000000005,36609,4,True
United Kingdom,Netherlands,72111400,Flat products under 600mm,6.074,1406,2,True
Austria,Italy,72285020,Other alloy bars rods and sections,6.07,21184,2,True
United Kingdom,Germany,72163190,Angles shapes and sections,6.061,8132,2,True
South Korea,South Korea,72173090,Wire,6.051,92159,3,False
Vietnam,Italy,72202041,Stainless steel flat products under 600mm,6.048,25434,2,True
Spain,Italy,72155080,Other bars and rods,6.0409999999999995,6218,2,True
Italy,France,72222019,Stainless steel bars sections and wire,6.04,24264,1,True
Norway,Norway,72193210,Stainless steel flat products,6.027,23657,2,False
Ireland,Ireland,72028000,Ferro-alloys,6.026000000000001,180630,6,False
South Korea,France,72202081,Stainless steel flat products under 600mm,6.021999999999999,22087,6,True
Austria,Austria,72201200,Stainless steel flat products under 600mm,6.02,38999,1,False
Belgium,Germany,72112330,Flat products under 600mm,6.014,12892,1,True
Brazil,Belgium,72222029,Stainless steel bars sections and wire,6.012,131182,1,True
Thailand,Germany,72193410,Stainless steel flat products,6.01,14087,1,True
United Kingdom,China,72189980,Stainless steel ingots and semi-finished,6.002,49150,1,True
Brazil,France,72029980,Ferro-alloys,6.0,19142,7,True
Unknown / not supplied,Ireland,72269970,Other alloy flat products under 600mm,6.0,20266,1,True
Estonia,Netherlands,72029100,Ferro-alloys,6.0,24904,2,True
Turkey,Turkey,72072052,Semi-finished steel,6.0,3139,1,False
Poland,Poland,72029100,Ferro-alloys,6.0,19072,3,False
Mexico,United States,72223097,Stainless steel bars sections and wire,5.997,189980,1,True
Denmark,Denmark,72172050,Wire,5.996,7891,5,False
Italy,Belgium,72254060,Other alloy flat products,5.99,5219,1,True
Taiwan,Italy,72193510,Stainless steel flat products,5.987,21913,4,True
United States,United States,72210090,Stainless steel bars and rods,5.981,178857,18,False
Sweden,Poland,72192110,Stainless steel flat products,5.98,17562,2,True
Sweden,Germany,72193310,Stainless steel flat products,5.97,56101,9,True
United Kingdom,Belgium,72286020,Other alloy bars rods and sections,5.967,3398,1,True
South Africa,Netherlands,72193310,Stainless steel flat products,5.964,26087,7,True
South Africa,South Africa,72052900,Granules and powders,5.953,38308,1,False
United States,United States,72155080,Other bars and rods,5.953,104640,9,False
Bulgaria,Italy,72286080,Other alloy bars rods and sections,5.949,9459,1,True
Brazil,France,72261100,Other alloy flat products under 600mm,5.948,12492,1,True
Germany,Denmark,72155019,Other bars and rods,5.936,11775,1,True
France,Italy,72112330,Flat products under 600mm,5.936,7919,1,True
Czechia,Czechia,72042110,Ferrous waste and scrap,5.932,319,4,False
China,India,72202049,Stainless steel flat products under 600mm,5.918,6419,1,True
Germany,Netherlands,72084000,Hot-rolled flat products,5.916,6334,1,True
Poland,France,72287090,Other alloy bars rods and sections,5.907,37934,2,True
France,Portugal,72221111,Stainless steel bars sections and wire,5.906,17354,2,True
Turkey,Sweden,72282010,Other alloy bars rods and sections,5.906,4193,1,True
Unknown / not supplied,Belgium,72254040,Other alloy flat products,5.902,7706,2,True
United States,Ireland,72051000,Granules and powders,5.902,42677,2,True
Italy,Sweden,72163190,Angles shapes and sections,5.9,3658,1,True
China,China,72092690,Cold-rolled flat products,5.897,13001,5,False
Finland,Italy,72201200,Stainless steel flat products under 600mm,5.890000000000001,29796,3,True
Austria,Austria,72192290,Stainless steel flat products,5.89,78047,4,False
Poland,Poland,72230019,Stainless steel wire,5.888,50235,5,False
Sweden,Finland,72202041,Stainless steel flat products under 600mm,5.886,30148,1,True
Netherlands,Netherlands,72111900,Flat products under 600mm,5.881,5150,1,False
Estonia,Poland,72071980,Semi-finished steel,5.874,75080,1,True
Mexico,Belgium,72163219,Angles shapes and sections,5.87,27423,1,True
Indonesia,Turkey,72193100,Stainless steel flat products,5.865,10387,1,True
United Kingdom,Norway,72221111,Stainless steel bars sections and wire,5.858,43748,5,True
Germany,Denmark,72224090,Stainless steel bars sections and wire,5.858,58599,5,True
Czechia,Netherlands,72149979,Other bars and rods,5.85,4388,1,True
Unknown / not supplied,Ireland,72223097,Stainless steel bars sections and wire,5.8469999999999995,37988,12,True
Germany,Sweden,72124080,Coated flat products under 600mm,5.839,8423,1,True
France,France,72269199,Other alloy flat products under 600mm,5.83,66848,2,False
China,China,72042900,Ferrous waste and scrap,5.829,435,1,False
Sweden,Poland,72221910,Stainless steel bars sections and wire,5.823,47441,4,True
Spain,Netherlands,72085390,Hot-rolled flat products,5.82,6645,2,True
Austria,Austria,72171050,Wire,5.81,8772,1,False
United States,United States,72189920,Stainless steel ingots and semi-finished,5.7940000000000005,223307,7,False
United States,United States,72192300,Stainless steel flat products,5.777,163897,8,False
Germany,Germany,72249038,Alloy steel ingots and semi-finished,5.76,9799,1,False
South Korea,France,72085120,Hot-rolled flat products,5.76,3954,1,True
Denmark,Germany,72166110,Angles shapes and sections,5.76,15328,3,True
Spain,Germany,72222021,Stainless steel bars sections and wire,5.757,27771,8,True
Slovenia,Germany,72284010,Other alloy bars rods and sections,5.756,16302,1,True
Japan,Japan,72172090,Wire,5.75,158690,8,False
Canada,Canada,72169900,Angles shapes and sections,5.74,469443,6,False
Germany,France,72193590,Stainless steel flat products,5.739,5287,1,True
Sweden,Sweden,72222029,Stainless steel bars sections and wire,5.736,33417,12,False
Belgium,Norway,72192110,Stainless steel flat products,5.731,32331,4,True
Spain,Romania,72202041,Stainless steel flat products under 600mm,5.729,19853,3,True
France,France,72103000,Coated or plated flat products,5.714,7261,2,False
United Arab Emirates,Ireland,72162100,Angles shapes and sections,5.708,12946,1,True
Finland,Romania,72202041,Stainless steel flat products under 600mm,5.703,19083,3,True
Germany,Spain,72173041,Wire,5.702,4918,3,True
Unknown / not supplied,Poland,72169900,Angles shapes and sections,5.7,12992,3,True
Germany,France,72222039,Stainless steel bars sections and wire,5.6979999999999995,47188,5,True
China,Hong Kong,72230019,Stainless steel wire,5.692,11359,3,True
Italy,France,72202089,Stainless steel flat products under 600mm,5.682,20765,2,True
Switzerland,Netherlands,72163291,Angles shapes and sections,5.678,4237,1,True
Turkey,Germany,72163310,Angles shapes and sections,5.678,4768,2,True
Malaysia,Malaysia,72121090,Coated flat products under 600mm,5.67,9162,3,False
Netherlands,Netherlands,72072032,Semi-finished steel,5.667,63027,4,False
China,Poland,72202049,Stainless steel flat products under 600mm,5.667,5441,1,True
Unknown / not supplied,Poland,72166190,Angles shapes and sections,5.664,4437,1,True
Germany,Germany,72191410,Stainless steel flat products,5.664,28189,2,False
Finland,Italy,72222081,Stainless steel bars sections and wire,5.663,16959,5,True
South Africa,China,72193410,Stainless steel flat products,5.662,7733,1,True
Germany,Norway,72283049,Other alloy bars rods and sections,5.66,14000,1,True
Italy,Germany,72189980,Stainless steel ingots and semi-finished,5.66,113949,3,True
China,Italy,72210010,Stainless steel bars and rods,5.6499999999999995,25119,4,True
China,China,72125069,Coated flat products under 600mm,5.643,22004,3,False
Italy,Germany,72287010,Other alloy bars rods and sections,5.636,5354,2,True
India,India,72189920,Stainless steel ingots and semi-finished,5.629,78240,7,False
Slovakia,Germany,72172090,Wire,5.626,9037,1,True
Italy,Germany,72222019,Stainless steel bars sections and wire,5.625,24907,8,True
Belgium,Belgium,72285069,Other alloy bars rods and sections,5.612,13736,2,False
China,Canada,72165010,Angles shapes and sections,5.612,15361,1,True
Romania,Belgium,72193490,Stainless steel flat products,5.61,5536,1,True
Ireland,Ireland,72192210,Stainless steel flat products,5.603,14380,3,False
Germany,Poland,72283069,Other alloy bars rods and sections,5.595,8293,1,True
France,Germany,72149110,Other bars and rods,5.590999999999999,6808,4,True
Norway,Netherlands,72193410,Stainless steel flat products,5.59,10621,1,True
Netherlands,Belgium,72169900,Angles shapes and sections,5.583,6765,5,True
Italy,Italy,72193290,Stainless steel flat products,5.578,10260,2,False
Belgium,Germany,72199080,Stainless steel flat products,5.574,41667,9,True
Germany,Luxembourg,72085120,Hot-rolled flat products,5.572,11987,1,True
Turkey,Czechia,72169180,Angles shapes and sections,5.569,9067,1,True
Austria,Netherlands,72172090,Wire,5.55,11692,2,True
Netherlands,Netherlands,72193590,Stainless steel flat products,5.55,5550,1,False
Spain,Denmark,72193290,Stainless steel flat products,5.55,12850,1,True
China,Netherlands,72284010,Other alloy bars rods and sections,5.547000000000001,14707,3,True
Italy,Netherlands,72249090,Alloy steel ingots and semi-finished,5.545,33225,1,True
India,Italy,72210010,Stainless steel bars and rods,5.54,16480,3,True
Luxembourg,Ireland,72163390,Angles shapes and sections,5.5360000000000005,7425,2,True
Canada,United States,72299090,Alloy steel wire,5.536,17357,3,True
Netherlands,Belgium,72201200,Stainless steel flat products under 600mm,5.53,14087,2,True
Italy,Spain,72193410,Stainless steel flat products,5.526,11347,1,True
India,Spain,72193490,Stainless steel flat products,5.526,13450,1,True
United States,United States,72042900,Ferrous waste and scrap,5.520999999999999,37299,3,False
Italy,Poland,72171090,Wire,5.5200000000000005,11264,3,True
United States,United States,72171039,Wire,5.519,51582,13,False
Turkey,Bulgaria,72171090,Wire,5.519,6135,2,True
Italy,Netherlands,72163211,Angles shapes and sections,5.515,4491,1,True
Belgium,Poland,72201100,Stainless steel flat products under 600mm,5.515,75466,9,True
Italy,Germany,72141000,Other bars and rods,5.514,10094,2,True
Germany,Ireland,72106100,Coated or plated flat products,5.514,5304,1,True
Kazakhstan,Netherlands,72027000,Ferro-alloys,5.5,137843,2,True
Belgium,France,72027000,Ferro-alloys,5.5,144591,5,True
United Kingdom,Italy,72171090,Wire,5.498,6161,1,True
Sweden,Netherlands,72192210,Stainless steel flat products,5.492,38643,5,True
Italy,Italy,72072039,Semi-finished steel,5.49,9489,2,False
Japan,Japan,72230099,Stainless steel wire,5.485,104193,13,False
IQ,IQ,72222021,Stainless steel bars sections and wire,5.484999999999999,7779,2,False
Vietnam,Singapore,72287090,Other alloy bars rods and sections,5.48,38872,1,True
Italy,Czechia,72292000,Alloy steel wire,5.479,16184,1,True
United Kingdom,France,72179090,Wire,5.476,14540,5,True
Taiwan,Taiwan,72189980,Stainless steel ingots and semi-finished,5.476,1205512,29,False
Lithuania,Lithuania,72069000,Ingots and primary forms,5.475,1266,1,False
France,France,72069000,Ingots and primary forms,5.472,121064,11,False
China,Norway,72124080,Coated flat products under 600mm,5.465,8385,1,True
Turkey,Turkey,72163291,Angles shapes and sections,5.462,35372,1,False
Spain,Ireland,72193210,Stainless steel flat products,5.458,11533,1,True
Belgium,Germany,72254090,Other alloy flat products,5.458,15943,4,True
Austria,Netherlands,72171050,Wire,5.454,20491,1,True
Spain,Spain,72109080,Coated or plated flat products,5.452,25637,2,False
France,Netherlands,72149950,Other bars and rods,5.445,3879,2,True
Germany,United States,72299050,Alloy steel wire,5.443,34218,1,True
Italy,France,72161000,Angles shapes and sections,5.435,23170,2,True
Unknown / not supplied,Ireland,72149950,Other bars and rods,5.433,5330,5,True
India,Germany,72283069,Other alloy bars rods and sections,5.433,4564,1,True
France,Germany,72163110,Angles shapes and sections,5.429,6786,4,True
Unknown / not supplied,Ireland,72191410,Stainless steel flat products,5.424,19585,10,True
China,Finland,72166110,Angles shapes and sections,5.42,6160,2,True
Taiwan,Netherlands,72179020,Wire,5.417,18215,9,True
Spain,United States,72283069,Other alloy bars rods and sections,5.408,13927,2,True
Czechia,Belgium,72171090,Wire,5.4,7800,3,True
Spain,Netherlands,72254040,Other alloy flat products,5.4,6034,1,True
Japan,France,72085120,Hot-rolled flat products,5.4,4552,1,True
Ukraine,Switzerland,72222021,Stainless steel bars sections and wire,5.396,15561,1,True
Ukraine,France,72283061,Other alloy bars rods and sections,5.3870000000000005,12205,2,True
Turkey,Turkey,72224090,Stainless steel bars sections and wire,5.382000000000001,24587,4,False
Germany,France,72092690,Cold-rolled flat products,5.379,13612,7,True
Latvia,Latvia,72042110,Ferrous waste and scrap,5.37,11009,1,False
Poland,Netherlands,72107080,Coated or plated flat products,5.366,10852,2,True
Spain,Germany,72202049,Stainless steel flat products under 600mm,5.335999999999999,22525,2,True
Romania,Germany,72202081,Stainless steel flat products under 600mm,5.332,11375,1,True
China,China,72222089,Stainless steel bars sections and wire,5.327,19323,3,False
Czechia,Netherlands,72151000,Other bars and rods,5.324,4845,1,True
United States,United States,72285020,Other alloy bars rods and sections,5.324,127324,16,False
Slovenia,Slovenia,72269120,Other alloy flat products under 600mm,5.32,17877,1,False
France,Netherlands,72222031,Stainless steel bars sections and wire,5.306,37796,7,True
Spain,Spain,72149971,Other bars and rods,5.304,11934,1,False
China,Hong Kong,72202049,Stainless steel flat products under 600mm,5.302,11197,1,True
Taiwan,China,72221189,Stainless steel bars sections and wire,5.3,76091,1,True
China,Denmark,72193490,Stainless steel flat products,5.3,11537,1,True
Brazil,Netherlands,72283070,Other alloy bars rods and sections,5.2989999999999995,167044,3,True
Poland,Poland,72071114,Semi-finished steel,5.29,3786,1,False
Unknown / not supplied,Poland,72089020,Hot-rolled flat products,5.29,16204,1,True
Czechia,Germany,72164010,Angles shapes and sections,5.289,5154,2,True
Slovenia,Slovenia,72287090,Other alloy bars rods and sections,5.288,33063,8,False
Taiwan,Ireland,72193310,Stainless steel flat products,5.286,17193,5,True
United Arab Emirates,Germany,72163390,Angles shapes and sections,5.283,4447,1,True
France,Belgium,72191390,Stainless steel flat products,5.282,11290,1,True
United States,United States,72161000,Angles shapes and sections,5.2780000000000005,31236,9,False
Italy,United Arab Emirates,72221111,Stainless steel bars sections and wire,5.278,81722,1,True
Italy,Ireland,72202081,Stainless steel flat products under 600mm,5.277,24913,1,True
France,Ireland,72222039,Stainless steel bars sections and wire,5.2749999999999995,33704,2,True
China,Germany,72269910,Other alloy flat products under 600mm,5.27,8723,1,True
Spain,Portugal,72163110,Angles shapes and sections,5.27,3067,1,True
China,Germany,72089080,Hot-rolled flat products,5.265,11286,1,True
Czechia,Czechia,72249014,Alloy steel ingots and semi-finished,5.265,5792,1,False
Taiwan,Germany,72166190,Angles shapes and sections,5.258,9262,1,True
Indonesia,Germany,72166190,Angles shapes and sections,5.258,9262,1,True
Austria,China,72221111,Stainless steel bars sections and wire,5.2540000000000004,64156,2,True
Turkey,Netherlands,72171039,Wire,5.252,4148,1,True
Belgium,Belgium,72189920,Stainless steel ingots and semi-finished,5.243,60952,7,False
South Korea,Spain,72202029,Stainless steel flat products under 600mm,5.239,22720,2,True
China,China,72029200,Ferro-alloys,5.2330000000000005,76977,2,False
Czechia,Canada,72166900,Angles shapes and sections,5.229,11401,1,True
Germany,Norway,72223051,Stainless steel bars sections and wire,5.228,34879,6,True
United States,United States,72072080,Semi-finished steel,5.226999999999999,128362,7,False
Netherlands,Germany,72286080,Other alloy bars rods and sections,5.224,40695,2,True
United States,United States,72163390,Angles shapes and sections,5.217,14616,1,False
Japan,Ireland,72092690,Cold-rolled flat products,5.216,9920,1,True
Italy,Italy,72042190,Ferrous waste and scrap,5.216,1529,1,False
France,Italy,72201100,Stainless steel flat products under 600mm,5.2,85297,11,True
United States,United States,72251990,Other alloy flat products,5.2,29522,2,False
Austria,Austria,72109030,Coated or plated flat products,5.195,76214,8,False
Austria,Italy,72222029,Stainless steel bars sections and wire,5.189,30059,1,True
Denmark,Denmark,72222031,Stainless steel bars sections and wire,5.189,48094,9,False
India,Czechia,72222031,Stainless steel bars sections and wire,5.186,13914,1,True
Sweden,Netherlands,72193290,Stainless steel flat products,5.184,16070,1,True
Austria,Austria,72221111,Stainless steel bars sections and wire,5.184,56938,1,False
Italy,Romania,72230019,Stainless steel wire,5.183,28982,6,True
Vietnam,Germany,72193410,Stainless steel flat products,5.182,20830,1,True
Germany,Netherlands,72191210,Stainless steel flat products,5.181,75268,1,True
Norway,Norway,72284090,Other alloy bars rods and sections,5.173,26596,4,False
Brazil,Brazil,72269970,Other alloy flat products under 600mm,5.164,11896,1,False
Malaysia,Belgium,72202041,Stainless steel flat products under 600mm,5.164,19430,6,True
BD,Germany,72085291,Hot-rolled flat products,5.162,5110,1,True
Estonia,Estonia,72169110,Angles shapes and sections,5.162,37030,2,False
South Korea,South Korea,72202089,Stainless steel flat products under 600mm,5.161,36904,1,False
Taiwan,Poland,72193210,Stainless steel flat products,5.156,10228,1,True
United Kingdom,France,72292000,Alloy steel wire,5.152,12182,1,True
Czechia,Netherlands,72165099,Angles shapes and sections,5.14,11,1,True
Poland,Poland,72119020,Flat products under 600mm,5.139,36035,7,False
Brazil,China,72112900,Flat products under 600mm,5.139,18519,1,True
Spain,France,72202021,Stainless steel flat products under 600mm,5.136,10927,1,True
Austria,Austria,72281020,Other alloy bars rods and sections,5.134,86541,2,False
Switzerland,Switzerland,72286080,Other alloy bars rods and sections,5.133,18885,2,False
Italy,Romania,72299090,Alloy steel wire,5.132,12293,3,True
South Korea,South Korea,72159000,Other bars and rods,5.13,39943,1,False
South Korea,France,72202041,Stainless steel flat products under 600mm,5.128,20385,3,True
China,Germany,72224050,Stainless steel bars sections and wire,5.125,38773,9,True
Italy,Netherlands,72159000,Other bars and rods,5.124,16462,4,True
Spain,Italy,72193310,Stainless steel flat products,5.119,17143,2,True
Spain,Italy,72155019,Other bars and rods,5.117,4879,1,True
China,Italy,72193390,Stainless steel flat products,5.112,15476,1,True
Czechia,Poland,72155080,Other bars and rods,5.11,4088,1,True
India,Belgium,72223051,Stainless steel bars sections and wire,5.11,17694,2,True
Italy,Netherlands,72191210,Stainless steel flat products,5.11,15330,1,True
Germany,France,72254012,Other alloy flat products,5.107,13881,3,True
Turkey,France,72024950,Ferro-alloys,5.1,11201,1,True
Belgium,Sweden,72052100,Granules and powders,5.1,88056,3,True
Germany,Italy,72162100,Angles shapes and sections,5.097,17276,1,True
China,Turkey,72192210,Stainless steel flat products,5.092,8475,1,True
Czechia,France,72249090,Alloy steel ingots and semi-finished,5.09,11247,1,True
Belgium,Poland,72192110,Stainless steel flat products,5.086,14306,1,True
Turkey,Taiwan,72193310,Stainless steel flat products,5.083,10281,1,True
Sweden,Denmark,72193390,Stainless steel flat products,5.083,14609,5,True
Turkey,Turkey,72192290,Stainless steel flat products,5.077,14552,1,False
Finland,Germany,72199080,Stainless steel flat products,5.0729999999999995,39997,4,True
Indonesia,France,72209080,Stainless steel flat products under 600mm,5.069,35148,9,True
Mexico,Mexico,72024190,Ferro-alloys,5.06,20626,2,False
Slovakia,Slovakia,72112320,Flat products under 600mm,5.055,7468,1,False
China,Denmark,72172090,Wire,5.053,24796,7,True
United States,United States,72091899,Cold-rolled flat products,5.053,63886,1,False
China,Poland,72193310,Stainless steel flat products,5.051,14669,1,True
China,Hong Kong,72189920,Stainless steel ingots and semi-finished,5.05,96914,7,True
France,France,72024950,Ferro-alloys,5.05,11768,1,False
Netherlands,Germany,72089080,Hot-rolled flat products,5.048,22812,1,True
France,Netherlands,72222039,Stainless steel bars sections and wire,5.047,26932,8,True
Unknown / not supplied,Ireland,72254090,Other alloy flat products,5.032,4128,2,True
Spain,Spain,72126000,Coated flat products under 600mm,5.029,36378,10,False
United States,United States,72191490,Stainless steel flat products,5.0249999999999995,74872,2,False
Germany,Germany,72011090,Pig iron,5.024,3437,4,False
France,BZ,72085120,Hot-rolled flat products,5.024,6129,1,True
Spain,France,72112330,Flat products under 600mm,5.022,8834,1,True
India,Netherlands,72085291,Hot-rolled flat products,5.015,4095,1,True
China,Germany,72051000,Granules and powders,5.008,4529,1,True
United Kingdom,Norway,72285061,Other alloy bars rods and sections,5.006,9462,1,True
Switzerland,Netherlands,72230099,Stainless steel wire,5.005,20272,1,True
Netherlands,France,72071114,Semi-finished steel,5.003,34788,1,True
Austria,Germany,72027000,Ferro-alloys,5.0,193119,4,True
Spain,France,72042190,Ferrous waste and scrap,5.0,53565,1,True
India,Netherlands,72029200,Ferro-alloys,5.0,83738,1,True
Poland,Poland,72029200,Ferro-alloys,5.0,116164,1,False
IR,Netherlands,72027000,Ferro-alloys,5.0,113924,1,True
Poland,France,72179020,Wire,5.0,7094,1,True
Sweden,Sweden,72163310,Angles shapes and sections,5.0,5632,1,False
South Korea,Estonia,72027000,Ferro-alloys,5.0,136432,1,True
Estonia,Netherlands,72029980,Ferro-alloys,5.0,47895,3,True
South Korea,Netherlands,72029200,Ferro-alloys,4.998,72942,1,True
Taiwan,Italy,72283061,Other alloy bars rods and sections,4.997,8780,2,True
Spain,France,72179050,Wire,4.996,6855,1,True
Austria,Poland,72155080,Other bars and rods,4.992999999999999,21222,2,True
South Africa,Netherlands,72029200,Ferro-alloys,4.992,94292,1,True
United States,Italy,72202049,Stainless steel flat products under 600mm,4.988,15416,1,True
Belgium,Ireland,72044990,Ferrous waste and scrap,4.977,4230,1,True
Vietnam,Netherlands,72230019,Stainless steel wire,4.977,11583,1,True
Italy,Ireland,72288000,Other alloy bars rods and sections,4.974,5860,1,True
Germany,Netherlands,72155019,Other bars and rods,4.971,12160,2,True
Spain,Germany,72155011,Other bars and rods,4.965,6950,1,True
Belgium,Germany,72193100,Stainless steel flat products,4.96,22173,5,True
Belgium,Germany,72254012,Other alloy flat products,4.955,7657,2,True
France,BZ,72085291,Hot-rolled flat products,4.949,8290,1,True
United Arab Emirates,United Arab Emirates,72071980,Semi-finished steel,4.947,2945,2,False
Spain,Switzerland,72107010,Coated or plated flat products,4.941,22602,5,True
Unknown / not supplied,Ireland,72162200,Angles shapes and sections,4.941,8019,10,True
South Korea,South Korea,72269200,Other alloy flat products under 600mm,4.937,21057,1,False
South Africa,Italy,72202049,Stainless steel flat products under 600mm,4.933,8948,1,True
Taiwan,Netherlands,72193310,Stainless steel flat products,4.926,11819,2,True
United States,United States,72269199,Other alloy flat products under 600mm,4.9239999999999995,64850,8,False
UY,United States,72223051,Stainless steel bars sections and wire,4.922,19096,1,True
United States,United States,72085198,Hot-rolled flat products,4.92,44986,6,False
United States,Belgium,72230099,Stainless steel wire,4.9190000000000005,121483,3,True
China,India,72173090,Wire,4.916,11575,1,True
South Korea,Poland,72193410,Stainless steel flat products,4.911,14706,2,True
Spain,Germany,72221990,Stainless steel bars sections and wire,4.906,35113,1,True
Hong Kong,Hong Kong,72230011,Stainless steel wire,4.902,17774,1,False
Germany,Italy,72193390,Stainless steel flat products,4.88,10172,1,True
United Arab Emirates,United Arab Emirates,72292000,Alloy steel wire,4.878,35521,3,False
Italy,Spain,72171090,Wire,4.8759999999999994,8250,4,True
Slovenia,Germany,72071912,Semi-finished steel,4.875,21124,1,True
United Kingdom,France,72255080,Other alloy flat products,4.875,5177,1,True
China,China,72241090,Alloy steel ingots and semi-finished,4.864,29192,5,False
Slovakia,Slovakia,72085390,Hot-rolled flat products,4.863,3650,1,False
France,Netherlands,72292000,Alloy steel wire,4.86,12217,1,True
China,United States,72286080,Other alloy bars rods and sections,4.859,12960,2,True
Austria,Germany,72292000,Alloy steel wire,4.85,7646,1,True
South Korea,South Korea,72112900,Flat products under 600mm,4.848,35117,1,False
Taiwan,Turkey,72193410,Stainless steel flat products,4.845,10516,1,True
Czechia,Sweden,72164010,Angles shapes and sections,4.843,4496,1,True
France,Italy,72199020,Stainless steel flat products,4.837,20678,5,True
Italy,Germany,72222031,Stainless steel bars sections and wire,4.837,40206,10,True
Austria,Germany,72286020,Other alloy bars rods and sections,4.836,128203,18,True
United Kingdom,Germany,72171050,Wire,4.834,5329,2,True
Belgium,Italy,72193510,Stainless steel flat products,4.833,21618,6,True
Germany,Switzerland,72222011,Stainless steel bars sections and wire,4.829000000000001,152036,6,True
Romania,Romania,72104100,Coated or plated flat products,4.827999999999999,11565,4,False
China,Taiwan,72166110,Angles shapes and sections,4.827,18441,2,True
Poland,Poland,72112330,Flat products under 600mm,4.82,46113,1,False
Taiwan,Taiwan,72155080,Other bars and rods,4.82,89953,6,False
Austria,Romania,72106900,Coated or plated flat products,4.817,11123,4,True
Germany,France,72199020,Stainless steel flat products,4.806,65382,5,True
India,Germany,72164010,Angles shapes and sections,4.796,4979,1,True
France,France,72085390,Hot-rolled flat products,4.795,6098,2,False
Netherlands,Netherlands,72164010,Angles shapes and sections,4.795,5627,2,False
Unknown / not supplied,Ireland,72052100,Granules and powders,4.7909999999999995,85250,7,True
Spain,Ireland,72149939,Other bars and rods,4.79,2514,1,True
Bulgaria,Belgium,72155080,Other bars and rods,4.79,2303,1,True
Czechia,Poland,72193410,Stainless steel flat products,4.79,16199,1,True
Sweden,Norway,72124020,Coated flat products under 600mm,4.79,54583,3,True
Luxembourg,Finland,72163291,Angles shapes and sections,4.789,4395,1,True
Italy,Belgium,72210010,Stainless steel bars and rods,4.777,16003,1,True
Belgium,Belgium,72202029,Stainless steel flat products under 600mm,4.776,6500,2,False
France,Italy,72163110,Angles shapes and sections,4.776,3067,1,True
Albania,Spain,72171050,Wire,4.776,6858,1,True
Poland,Poland,72221111,Stainless steel bars sections and wire,4.771,9158,1,False
Italy,Norway,72285061,Other alloy bars rods and sections,4.758,40224,3,True
Austria,Czechia,72119080,Flat products under 600mm,4.758,32229,1,True
United States,United States,72089080,Hot-rolled flat products,4.758,73021,10,False
Denmark,Denmark,72202041,Stainless steel flat products under 600mm,4.753,157003,17,False
United Kingdom,Germany,72149110,Other bars and rods,4.75,3840,2,True
Austria,Romania,72222031,Stainless steel bars sections and wire,4.748,87407,9,True
Ukraine,Germany,72283061,Other alloy bars rods and sections,4.746,9909,3,True
Belgium,Finland,72192210,Stainless steel flat products,4.744,32660,4,True
United States,Italy,72299090,Alloy steel wire,4.739,21679,4,True
Germany,France,72284090,Other alloy bars rods and sections,4.731,26966,3,True
United States,Canada,72210090,Stainless steel bars and rods,4.7299999999999995,23380,2,True
Austria,Sweden,72285020,Other alloy bars rods and sections,4.729,31829,4,True
Austria,France,72085291,Hot-rolled flat products,4.727,5743,1,True
France,Netherlands,72172050,Wire,4.726,7160,1,True
Austria,Netherlands,72171090,Wire,4.721,20353,1,True
Sweden,Italy,72201100,Stainless steel flat products under 600mm,4.721,39901,8,True
China,Netherlands,72199080,Stainless steel flat products,4.718,21924,1,True
Turkey,Turkey,72199080,Stainless steel flat products,4.718,5546,1,False
Turkey,Netherlands,72166110,Angles shapes and sections,4.715,12056,2,True
France,France,72165099,Angles shapes and sections,4.712000000000001,65698,7,False
Poland,France,72222011,Stainless steel bars sections and wire,4.71,60395,1,True
Italy,France,72107010,Coated or plated flat products,4.704,14570,1,True
United States,Germany,72202081,Stainless steel flat products under 600mm,4.703,47791,6,True
Italy,Czechia,72230019,Stainless steel wire,4.702,37105,9,True
Netherlands,Netherlands,72085310,Hot-rolled flat products,4.695,9070,1,False
Sweden,Sweden,72259900,Other alloy flat products,4.6739999999999995,8294,2,False
Germany,Italy,72269191,Other alloy flat products under 600mm,4.664,5642,1,True
United Kingdom,France,72101220,Coated or plated flat products,4.659,5304,1,True
Denmark,Denmark,72193490,Stainless steel flat products,4.657,41574,7,False
Belgium,Belgium,72162100,Angles shapes and sections,4.652,2861,1,False
Slovenia,Czechia,72192190,Stainless steel flat products,4.65,15774,1,True
Czechia,Netherlands,72163310,Angles shapes and sections,4.641,4287,2,True
China,Hong Kong,72209080,Stainless steel flat products under 600mm,4.641,42479,11,True
Unknown / not supplied,Italy,72149979,Other bars and rods,4.640000000000001,5341,2,True
Hungary,Hungary,72230099,Stainless steel wire,4.64,64587,6,False
Netherlands,Netherlands,72111300,Flat products under 600mm,4.638,6131,2,False
Taiwan,Italy,72222031,Stainless steel bars sections and wire,4.634,16391,3,True
Germany,Germany,72283049,Other alloy bars rods and sections,4.627,9567,1,False
Germany,Netherlands,72223051,Stainless steel bars sections and wire,4.622,31248,2,True
Japan,Germany,72222039,Stainless steel bars sections and wire,4.621,28170,2,True
Unknown / not supplied,Ireland,72149995,Other bars and rods,4.612,7859,11,True
Japan,China,72241010,Alloy steel ingots and semi-finished,4.611,8119,1,True
China,Belgium,72249090,Alloy steel ingots and semi-finished,4.61,7273,1,True
Belgium,Germany,72104900,Coated or plated flat products,4.605,6524,1,True
Vietnam,Spain,72299090,Alloy steel wire,4.6,11094,2,True
Poland,France,72163299,Angles shapes and sections,4.598,4461,1,True
Germany,Germany,72084000,Hot-rolled flat products,4.5969999999999995,7062,3,False
Italy,France,72193310,Stainless steel flat products,4.583,39524,3,True
United Kingdom,Germany,72164010,Angles shapes and sections,4.577,4766,3,True
Ireland,Ireland,72259200,Other alloy flat products,4.575,3573,2,False
Portugal,Portugal,72085198,Hot-rolled flat products,4.572,13716,1,False
Italy,Sweden,72149950,Other bars and rods,4.566,2899,1,True
Poland,Poland,72163219,Angles shapes and sections,4.56,1884,1,False
France,Italy,72222029,Stainless steel bars sections and wire,4.56,13595,1,True
China,Denmark,72222031,Stainless steel bars sections and wire,4.559,91082,10,True
France,Poland,72191100,Stainless steel flat products,4.555,27273,2,True
Germany,France,72125030,Coated flat products under 600mm,4.5520000000000005,10962,2,True
Ukraine,Netherlands,72085120,Hot-rolled flat products,4.55,2039,1,True
Czechia,Netherlands,72163110,Angles shapes and sections,4.546,3707,1,True
Spain,Sweden,72163190,Angles shapes and sections,4.536,3901,1,True
France,France,72092690,Cold-rolled flat products,4.533,6190,4,False
Brazil,Netherlands,72202049,Stainless steel flat products under 600mm,4.533,5597,1,True
Romania,Germany,72285020,Other alloy bars rods and sections,4.531,30590,8,True
Belgium,Netherlands,72193290,Stainless steel flat products,4.53,8939,1,True
Italy,Denmark,72193410,Stainless steel flat products,4.53,20303,1,True
South Korea,South Korea,72119080,Flat products under 600mm,4.5280000000000005,15110,2,False
Japan,Japan,72051000,Granules and powders,4.527,28803,5,False
Spain,Spain,72106100,Coated or plated flat products,4.525,2654,1,False
China,China,72125061,Coated flat products under 600mm,4.521,48448,4,False
United Kingdom,Netherlands,72044910,Ferrous waste and scrap,4.509,1661,1,True
Portugal,Portugal,72221990,Stainless steel bars sections and wire,4.507,20033,3,False
Germany,Norway,72222011,Stainless steel bars sections and wire,4.507,31316,5,True
United States,United States,72125090,Coated flat products under 600mm,4.505,91264,21,False
Sweden,Finland,72254090,Other alloy flat products,4.5,15634,1,True
China,Spain,72029980,Ferro-alloys,4.5,19887,2,True
Germany,France,72089020,Hot-rolled flat products,4.495,11052,4,True
Vietnam,Poland,72193410,Stainless steel flat products,4.4879999999999995,13321,2,True
China,Germany,72269970,Other alloy flat products under 600mm,4.48,18255,6,True
Slovakia,Netherlands,72172010,Wire,4.475,6935,2,True
Poland,Poland,72179090,Wire,4.473,19679,6,False
China,Czechia,72286020,Other alloy bars rods and sections,4.47,12966,4,True
China,China,72161000,Angles shapes and sections,4.457,8564,3,False
China,Belgium,72172090,Wire,4.455,14266,2,True
Germany,France,72193410,Stainless steel flat products,4.455,9579,2,True
Poland,Poland,72121010,Coated flat products under 600mm,4.446,6873,4,False
Germany,Czechia,72283069,Other alloy bars rods and sections,4.446,4713,1,True
Poland,Germany,72149971,Other bars and rods,4.443,11471,2,True
Slovakia,Netherlands,72166190,Angles shapes and sections,4.441,3609,1,True
Belgium,France,72193210,Stainless steel flat products,4.434,18462,8,True
Germany,Germany,72192400,Stainless steel flat products,4.431,48751,14,False
United States,France,72222021,Stainless steel bars sections and wire,4.428,321363,6,True
Malaysia,China,72121010,Coated flat products under 600mm,4.423,7499,1,True
China,China,72125030,Coated flat products under 600mm,4.422,15807,5,False
France,Netherlands,72193390,Stainless steel flat products,4.412,4895,1,True
Poland,Germany,72123000,Coated flat products under 600mm,4.405,19996,7,True
Spain,Germany,72284090,Other alloy bars rods and sections,4.402,10513,2,True
Spain,Spain,72254040,Other alloy flat products,4.4,8439,2,False
United Kingdom,Luxembourg,72286020,Other alloy bars rods and sections,4.4,19182,1,True
United States,Mexico,72202041,Stainless steel flat products under 600mm,4.4,15419,1,True
Sweden,Spain,72254040,Other alloy flat products,4.4,8385,1,True
Italy,Germany,72163310,Angles shapes and sections,4.392,5438,2,True
United States,Canada,72141000,Other bars and rods,4.391,45472,5,True
Czechia,Czechia,72283020,Other alloy bars rods and sections,4.391,5351,2,False
Sweden,Italy,72251990,Other alloy flat products,4.377,7548,1,True
Italy,France,72281090,Other alloy bars rods and sections,4.362,6645,1,True
Austria,Germany,72272000,Alloy bars and rods hot-rolled,4.359,1783,1,True
Japan,Germany,72192210,Stainless steel flat products,4.3580000000000005,28768,2,True
Germany,Belgium,72202021,Stainless steel flat products under 600mm,4.355,8971,1,True
Sweden,Germany,72193100,Stainless steel flat products,4.353,32275,9,True
Italy,Germany,72112900,Flat products under 600mm,4.347,8439,2,True
Unknown / not supplied,Ireland,72106100,Coated or plated flat products,4.335,7656,4,True
Ireland,Ireland,72191410,Stainless steel flat products,4.33,6535,2,False
Turkey,Turkey,72209020,Stainless steel flat products under 600mm,4.324,38633,1,False
United States,Italy,72173041,Wire,4.324,11882,4,True
India,Germany,72221119,Stainless steel bars sections and wire,4.323,18800,6,True
Spain,France,72085299,Hot-rolled flat products,4.32,5671,1,True
South Korea,Poland,72191100,Stainless steel flat products,4.32,12281,1,True
Unknown / not supplied,Ireland,72171090,Wire,4.311,4179,1,True
Turkey,United States,72283061,Other alloy bars rods and sections,4.291,9141,1,True
Turkey,Turkey,72223091,Stainless steel bars sections and wire,4.283,17355,1,False
Sweden,Germany,72085400,Hot-rolled flat products,4.274,4744,2,True
China,China,72112320,Flat products under 600mm,4.27,5025,1,False
Italy,Italy,72089020,Hot-rolled flat products,4.268,9824,4,False
Belgium,South Korea,72112330,Flat products under 600mm,4.265,6269,1,True
Finland,France,72192300,Stainless steel flat products,4.264,9018,1,True
Germany,Switzerland,72230099,Stainless steel wire,4.26,94727,9,True
Germany,Belgium,72254060,Other alloy flat products,4.26,5445,1,True
Germany,Germany,72119020,Flat products under 600mm,4.253,92526,14,False
Indonesia,China,72193390,Stainless steel flat products,4.251,8169,1,True
Unknown / not supplied,Ireland,72281050,Other alloy bars rods and sections,4.251,2105,7,True
Romania,Netherlands,72163390,Angles shapes and sections,4.25,7012,1,True
Brazil,Spain,72029980,Ferro-alloys,4.25,15800,2,True
Germany,Belgium,72192300,Stainless steel flat products,4.249,8201,1,True
Switzerland,Switzerland,72222031,Stainless steel bars sections and wire,4.241,78531,2,False
United Kingdom,Germany,72193410,Stainless steel flat products,4.2379999999999995,14821,2,True
Poland,Netherlands,72162100,Angles shapes and sections,4.236,4966,4,True
United States,Netherlands,72051000,Granules and powders,4.228,14659,10,True
Taiwan,France,72085390,Hot-rolled flat products,4.228,4138,1,True
Finland,Belgium,72189110,Stainless steel ingots and semi-finished,4.226,8096,1,True
United Kingdom,Belgium,72125040,Coated flat products under 600mm,4.224,4156,1,True
Austria,Sweden,72281090,Other alloy bars rods and sections,4.224,38534,13,True
Sweden,Italy,72202041,Stainless steel flat products under 600mm,4.224,31472,3,True
Ireland,Ireland,72171090,Wire,4.220000000000001,6724,2,False
India,China,72224090,Stainless steel bars sections and wire,4.219,4239,1,True
Belgium,Ireland,72193210,Stainless steel flat products,4.218,11616,2,True
United States,Canada,72223097,Stainless steel bars sections and wire,4.218,35571,1,True
Indonesia,Netherlands,72209080,Stainless steel flat products under 600mm,4.214,30815,11,True
Taiwan,Canada,72283061,Other alloy bars rods and sections,4.211,29052,1,True
Netherlands,Netherlands,72011019,Pig iron,4.207,51107,8,False
United Kingdom,Sweden,72171090,Wire,4.202,12641,2,True
Taiwan,Taiwan,72224090,Stainless steel bars sections and wire,4.202,101502,16,False
France,Romania,72292000,Alloy steel wire,4.2,7309,1,True
China,Norway,72249014,Alloy steel ingots and semi-finished,4.1979999999999995,68174,3,True
Italy,Netherlands,72193590,Stainless steel flat products,4.193,4636,1,True
Germany,Netherlands,72202029,Stainless steel flat products under 600mm,4.188999999999999,24973,5,True
United Kingdom,Norway,72221181,Stainless steel bars sections and wire,4.188,25837,5,True
China,Italy,72230099,Stainless steel wire,4.181,12167,3,True
Germany,France,72121010,Coated flat products under 600mm,4.166,8258,1,True
Italy,Germany,72192300,Stainless steel flat products,4.162,15723,4,True
Belgium,Belgium,72283061,Other alloy bars rods and sections,4.16,4945,1,False
United States,United States,72253030,Other alloy flat products,4.16,134433,4,False
Austria,Germany,72139141,Hot-rolled bars and rods,4.1579999999999995,1823,2,True
South Korea,Spain,72199080,Stainless steel flat products,4.142,38755,1,True
Belgium,Belgium,72222031,Stainless steel bars sections and wire,4.14,7618,1,False
Sweden,Italy,72112900,Flat products under 600mm,4.14,74304,10,True
Sweden,Ireland,72044990,Ferrous waste and scrap,4.132,7283,2,True
China,China,72299020,Alloy steel wire,4.131,7922,7,False
United States,United States,72111900,Flat products under 600mm,4.122999999999999,52365,8,False
United Kingdom,Spain,72072017,Semi-finished steel,4.1209999999999996,9391,2,True
Slovenia,Germany,72192190,Stainless steel flat products,4.118,22832,5,True
China,Switzerland,72230099,Stainless steel wire,4.117,15146,4,True
Italy,Spain,72221181,Stainless steel bars sections and wire,4.1129999999999995,26730,4,True
Austria,Germany,72202049,Stainless steel flat products under 600mm,4.111,37104,5,True
China,United Arab Emirates,72189980,Stainless steel ingots and semi-finished,4.109999999999999,71486,2,True
Czechia,Slovenia,72279095,Alloy bars and rods hot-rolled,4.106,5482,1,True
Unknown / not supplied,Ireland,72085210,Hot-rolled flat products,4.099,4171,1,True
United States,Germany,72052100,Granules and powders,4.092,108273,17,True
Romania,Belgium,72202089,Stainless steel flat products under 600mm,4.088,3432,2,True
Belgium,Germany,72199020,Stainless steel flat products,4.087,33876,2,True
China,Germany,72052100,Granules and powders,4.085999999999999,19056,3,True
Vietnam,Netherlands,72222031,Stainless steel bars sections and wire,4.081,8529,1,True
France,Germany,72179020,Wire,4.072,13556,1,True
Germany,France,72223051,Stainless steel bars sections and wire,4.069,11932,2,True
Germany,Germany,72279050,Alloy bars and rods hot-rolled,4.066000000000001,1638,2,False
Italy,Switzerland,72230099,Stainless steel wire,4.063,24459,3,True
Italy,Netherlands,72201100,Stainless steel flat products under 600mm,4.06,11165,1,True
NZ,Netherlands,72099020,Cold-rolled flat products,4.059,6372,1,True
Spain,Poland,72193390,Stainless steel flat products,4.05,7473,1,True
Italy,Belgium,72141000,Other bars and rods,4.047,13409,1,True
United States,United States,72191290,Stainless steel flat products,4.041,31935,1,False
Norway,Italy,72255080,Other alloy flat products,4.038,8134,1,True
Vietnam,Vietnam,72223051,Stainless steel bars sections and wire,4.036,24144,2,False
Finland,Finland,72166900,Angles shapes and sections,4.03,15388,6,False
Belgium,Italy,72193390,Stainless steel flat products,4.03,16818,1,True
Czechia,Bulgaria,72124080,Coated flat products under 600mm,4.0280000000000005,15748,2,True
Switzerland,France,72224010,Stainless steel bars sections and wire,4.0200000000000005,22169,3,True
Italy,Austria,72292000,Alloy steel wire,4.016,6575,2,True
United Kingdom,Singapore,72283061,Other alloy bars rods and sections,4.007,16127,2,True
Poland,Germany,72162100,Angles shapes and sections,4.002,3961,3,True
Sri Lanka,Sri Lanka,72042110,Ferrous waste and scrap,4.0,3102,1,False
Denmark,Poland,72142000,Other bars and rods,4.0,4346,1,True
Germany,Netherlands,72052900,Granules and powders,4.0,3535,1,True
Germany,Germany,72022910,Ferro-alloys,4.0,12985,3,False
China,Hong Kong,72107010,Coated or plated flat products,4.0,1580,1,True
France,Germany,72112900,Flat products under 600mm,4.0,13540,1,True
China,Italy,72299090,Alloy steel wire,4.0,6832,1,True
Portugal,Portugal,72172030,Wire,4.0,7550,1,False
Spain,France,72085400,Hot-rolled flat products,4.0,13821,1,True
France,Finland,72051000,Granules and powders,4.0,2615,1,True
Poland,Netherlands,72166190,Angles shapes and sections,3.999,10858,3,True
Finland,Turkey,72193390,Stainless steel flat products,3.9989999999999997,12377,2,True
Romania,Belgium,72193410,Stainless steel flat products,3.9909999999999997,10139,2,True
Denmark,Denmark,72199080,Stainless steel flat products,3.988,248599,14,False
Czechia,Czechia,72282099,Other alloy bars rods and sections,3.987,12890,4,False
Slovakia,Belgium,72299090,Alloy steel wire,3.987,12438,2,True
Armenia,Switzerland,72027000,Ferro-alloys,3.985,116274,1,True
Turkey,France,72085390,Hot-rolled flat products,3.98,2289,1,True
Germany,Denmark,72221119,Stainless steel bars sections and wire,3.979,21209,2,True
Japan,Belgium,72254090,Other alloy flat products,3.978,3435,1,True
Norway,Norway,72072080,Semi-finished steel,3.975,24163,3,False
Portugal,Portugal,72022100,Ferro-alloys,3.967,9769,1,False
Germany,Belgium,72192110,Stainless steel flat products,3.966,8884,1,True
Unknown / not supplied,Sweden,72287090,Other alloy bars rods and sections,3.964,10435,3,True
United States,France,72223051,Stainless steel bars sections and wire,3.964,604189,5,True
Italy,France,72085299,Hot-rolled flat products,3.964,3821,1,True
China,United States,72083800,Hot-rolled flat products,3.962,11645,1,True
China,Norway,72124020,Coated flat products under 600mm,3.961,11180,1,True
Sweden,Netherlands,72085198,Hot-rolled flat products,3.96,3863,1,True
Slovenia,France,72285080,Other alloy bars rods and sections,3.9579999999999997,11884,2,True
Belgium,France,72285061,Other alloy bars rods and sections,3.952,94029,1,True
Ukraine,Germany,72285020,Other alloy bars rods and sections,3.951,11953,5,True
Germany,Netherlands,72162100,Angles shapes and sections,3.945,3425,2,True
China,Netherlands,72254012,Other alloy flat products,3.944,10171,2,True
Italy,Spain,72119020,Flat products under 600mm,3.942,14842,2,True
Japan,Netherlands,72222021,Stainless steel bars sections and wire,3.94,24007,8,True
France,Austria,72092690,Cold-rolled flat products,3.9290000000000003,3463,2,True
United States,United States,72072032,Semi-finished steel,3.9290000000000003,44501,8,False
Poland,Germany,72285061,Other alloy bars rods and sections,3.928,10893,3,True
France,Ireland,72222021,Stainless steel bars sections and wire,3.925,12833,3,True
Austria,Switzerland,72222089,Stainless steel bars sections and wire,3.924,70865,2,True
Spain,Spain,72292000,Alloy steel wire,3.915,8357,5,False
Finland,Italy,72099020,Cold-rolled flat products,3.9139999999999997,17332,2,True
Netherlands,Poland,72166190,Angles shapes and sections,3.903,15725,3,True
Turkey,Ireland,72179020,Wire,3.903,8219,1,True
China,China,72189180,Stainless steel ingots and semi-finished,3.902,164109,12,False
China,Germany,72224090,Stainless steel bars sections and wire,3.899,35813,7,True
Brazil,Netherlands,72202041,Stainless steel flat products under 600mm,3.897,7413,1,True
Italy,Italy,72285040,Other alloy bars rods and sections,3.894,8357,3,False
China,Germany,72221990,Stainless steel bars sections and wire,3.894,12644,3,True
Italy,Germany,72221910,Stainless steel bars sections and wire,3.893,17659,9,True
India,Turkey,72221910,Stainless steel bars sections and wire,3.893,25772,1,True
Turkey,Turkey,72222011,Stainless steel bars sections and wire,3.89,31627,1,False
United States,United States,72292000,Alloy steel wire,3.889,25440,4,False
Italy,Belgium,72285069,Other alloy bars rods and sections,3.887,7356,3,True
India,Italy,72222011,Stainless steel bars sections and wire,3.886,23198,2,True
Taiwan,Taiwan,72169110,Angles shapes and sections,3.885,3340,1,False
Vietnam,Germany,72202081,Stainless steel flat products under 600mm,3.885,34654,3,True
United Kingdom,Netherlands,72251990,Other alloy flat products,3.88,9122,1,True
Belgium,Belgium,72224090,Stainless steel bars sections and wire,3.875,64752,13,False
Sweden,Germany,72223051,Stainless steel bars sections and wire,3.8729999999999998,19572,3,True
France,Belgium,72193590,Stainless steel flat products,3.871,8002,1,True
Belgium,Netherlands,72191210,Stainless steel flat products,3.87,10643,1,True
Slovakia,Germany,72085390,Hot-rolled flat products,3.87,7851,4,True
China,France,72283061,Other alloy bars rods and sections,3.867,14142,3,True
China,Germany,72281050,Other alloy bars rods and sections,3.867,19866,6,True
Austria,France,72166190,Angles shapes and sections,3.867,10753,2,True
Austria,Germany,72224050,Stainless steel bars sections and wire,3.857,36981,13,True
Finland,Finland,72192400,Stainless steel flat products,3.854,18751,4,False
Slovenia,Germany,72192300,Stainless steel flat products,3.853,14493,1,True
Italy,Lithuania,72193310,Stainless steel flat products,3.848,11120,2,True
India,India,72071980,Semi-finished steel,3.842,20646,8,False
Turkey,Switzerland,72149995,Other bars and rods,3.836,2205,1,True
Sweden,Netherlands,72193210,Stainless steel flat products,3.8289999999999997,10970,2,True
Belgium,Netherlands,72149931,Other bars and rods,3.826,2833,1,True
Italy,Italy,72193590,Stainless steel flat products,3.819,8774,2,False
Switzerland,Switzerland,72131000,Hot-rolled bars and rods,3.818,7304,1,False
Sweden,United States,72202041,Stainless steel flat products under 600mm,3.818,105647,6,True
India,Germany,72222039,Stainless steel bars sections and wire,3.811,11330,4,True
United Arab Emirates,United Arab Emirates,72230091,Stainless steel wire,3.808,6269,1,False
South Korea,Netherlands,72193390,Stainless steel flat products,3.8,7141,1,True
Finland,Ireland,72192110,Stainless steel flat products,3.7889999999999997,11039,3,True
United Kingdom,Germany,72069000,Ingots and primary forms,3.782,56326,2,True
Spain,Germany,72107010,Coated or plated flat products,3.7800000000000002,12415,5,True
China,Netherlands,72069000,Ingots and primary forms,3.779,32867,10,True
United States,United States,72071111,Semi-finished steel,3.77,76224,1,False
Hong Kong,Hong Kong,72210010,Stainless steel bars and rods,3.763,2472,1,False
Sweden,Poland,72251910,Other alloy flat products,3.761,14481,1,True
Italy,Germany,72201100,Stainless steel flat products under 600mm,3.761,13950,4,True
Taiwan,China,72210010,Stainless steel bars and rods,3.761,122159,1,True
Portugal,Portugal,72284090,Other alloy bars rods and sections,3.747,14963,2,False
Germany,Netherlands,72092790,Cold-rolled flat products,3.745,8336,3,True
China,Netherlands,72179020,Wire,3.7449999999999997,14626,4,True
United States,United States,72149910,Other bars and rods,3.743,48848,2,False
Norway,Netherlands,72031000,Direct reduced iron,3.74,29100,2,True
Poland,Netherlands,72165099,Angles shapes and sections,3.7399999999999998,8358,5,True
Austria,Germany,72159000,Other bars and rods,3.737,9372,3,True
China,Ireland,72283020,Other alloy bars rods and sections,3.736,3771,1,True
Switzerland,Germany,72230019,Stainless steel wire,3.735,43551,9,True
Belgium,Belgium,72169180,Angles shapes and sections,3.732,6576,3,False
Saudi Arabia,Germany,72202049,Stainless steel flat products under 600mm,3.73,2996,1,True
Poland,Poland,72089080,Hot-rolled flat products,3.717,35390,8,False
China,Norway,72221119,Stainless steel bars sections and wire,3.71,10976,1,True
United Kingdom,Netherlands,72044990,Ferrous waste and scrap,3.7,666,1,True
Austria,Austria,72181000,Stainless steel ingots and semi-finished,3.7,10382,1,False
Austria,France,72189980,Stainless steel ingots and semi-finished,3.7,20336,1,True
Poland,Poland,72161000,Angles shapes and sections,3.692,18918,4,False
Slovakia,Slovakia,72209080,Stainless steel flat products under 600mm,3.6919999999999997,20326,2,False
Germany,Turkey,72284010,Other alloy bars rods and sections,3.688,11218,1,True
Ukraine,Netherlands,72284010,Other alloy bars rods and sections,3.685,10845,2,True
Finland,Lithuania,72210010,Stainless steel bars and rods,3.68,10238,1,True
India,Germany,72052900,Granules and powders,3.6799999999999997,14842,3,True
Slovakia,Slovakia,72085198,Hot-rolled flat products,3.678,7344,1,False
Italy,Netherlands,72193100,Stainless steel flat products,3.676,9752,2,True
United States,United States,72192290,Stainless steel flat products,3.674,26279,6,False
Germany,Netherlands,72193210,Stainless steel flat products,3.666,53265,1,True
Sweden,Germany,72192300,Stainless steel flat products,3.658,20129,8,True
Austria,France,72085299,Hot-rolled flat products,3.656,4244,2,True
Thailand,Thailand,72255080,Other alloy flat products,3.655,4201,1,False
Sweden,Germany,72085299,Hot-rolled flat products,3.654,6484,3,True
Italy,Switzerland,72222011,Stainless steel bars sections and wire,3.648,23529,4,True
Germany,France,72285080,Other alloy bars rods and sections,3.646,12459,1,True
Denmark,Czechia,72172010,Wire,3.642,6901,1,True
North Macedonia,Netherlands,72085191,Hot-rolled flat products,3.641,2325,1,True
Belgium,Norway,72193210,Stainless steel flat products,3.638,22144,3,True
Thailand,Mexico,72044990,Ferrous waste and scrap,3.636,919,1,True
Belgium,Belgium,72163110,Angles shapes and sections,3.626,9462,2,False
Germany,Austria,72285020,Other alloy bars rods and sections,3.625,7260,2,True
Czechia,Czechia,72042900,Ferrous waste and scrap,3.623,27360,1,False
India,India,72199080,Stainless steel flat products,3.62,18894,6,False
Belgium,Netherlands,72111900,Flat products under 600mm,3.62,20902,5,True
Unknown / not supplied,Germany,72149939,Other bars and rods,3.617,3168,1,True
Slovenia,Germany,72283069,Other alloy bars rods and sections,3.6159999999999997,9880,4,True
Austria,Germany,72223097,Stainless steel bars sections and wire,3.612,43027,8,True
Sweden,Germany,72221111,Stainless steel bars sections and wire,3.611,15384,5,True
Czechia,Germany,72085120,Hot-rolled flat products,3.6,3888,1,True
Netherlands,France,72085198,Hot-rolled flat products,3.6,3170,1,True
Germany,Austria,72165099,Angles shapes and sections,3.6,1311,1,True
Taiwan,Mexico,72202041,Stainless steel flat products under 600mm,3.6,19218,1,True
France,Netherlands,72161000,Angles shapes and sections,3.598,4870,2,True
United States,United States,72189110,Stainless steel ingots and semi-finished,3.591,93895,3,False
France,Romania,72173041,Wire,3.5909999999999997,5630,2,True
United Kingdom,Ireland,72164010,Angles shapes and sections,3.587,3368,1,True
Denmark,Norway,72221990,Stainless steel bars sections and wire,3.5829999999999997,121157,10,True
Finland,France,72285069,Other alloy bars rods and sections,3.5810000000000004,7302,2,True
Italy,United States,72210010,Stainless steel bars and rods,3.566,26984,2,True
Portugal,United States,72222081,Stainless steel bars sections and wire,3.566,12689,3,True
Belgium,Ireland,72103000,Coated or plated flat products,3.564,6285,2,True
Spain,Germany,72193310,Stainless steel flat products,3.5629999999999997,16470,6,True
Belgium,France,72149931,Other bars and rods,3.56,2969,1,True
Spain,France,72193590,Stainless steel flat products,3.56,7120,1,True
Latvia,Latvia,72223097,Stainless steel bars sections and wire,3.5599999999999996,3787,2,False
Germany,Belgium,72163211,Angles shapes and sections,3.554,3151,1,True
Taiwan,Taiwan,72072080,Semi-finished steel,3.5500000000000003,37603,6,False
Taiwan,Poland,72202021,Stainless steel flat products under 600mm,3.55,6031,1,True
United Kingdom,Germany,72163110,Angles shapes and sections,3.547,4981,3,True
China,China,72071190,Semi-finished steel,3.5469999999999997,23838,3,False
Finland,Italy,72193510,Stainless steel flat products,3.543,15110,5,True
China,Poland,72292000,Alloy steel wire,3.54,4397,2,True
Netherlands,Ireland,72085299,Hot-rolled flat products,3.537,7581,3,True
Taiwan,Germany,72193410,Stainless steel flat products,3.534,11030,2,True
South Korea,Vietnam,72085291,Hot-rolled flat products,3.534,1838,1,True
India,Switzerland,72230019,Stainless steel wire,3.5309999999999997,13209,2,True
Slovakia,Slovakia,72189980,Stainless steel ingots and semi-finished,3.527,96768,7,False
India,Italy,72222089,Stainless steel bars sections and wire,3.525,22572,2,True
India,Croatia,72222031,Stainless steel bars sections and wire,3.524,13544,1,True
United States,United States,72071114,Semi-finished steel,3.515,35009,3,False
Spain,Italy,72222031,Stainless steel bars sections and wire,3.5149999999999997,11441,2,True
China,Netherlands,72179050,Wire,3.5119999999999996,10946,1,True
Czechia,Netherlands,72283020,Other alloy bars rods and sections,3.51,13737,1,True
Sweden,United States,72201100,Stainless steel flat products under 600mm,3.506,85629,1,True
India,India,72282099,Other alloy bars rods and sections,3.504,17173,2,False
Sweden,Germany,72286080,Other alloy bars rods and sections,3.5010000000000003,7075,1,True
United Kingdom,Ireland,72091500,Cold-rolled flat products,3.5,2888,1,True
South Korea,Belgium,72299090,Alloy steel wire,3.5,6230,1,True
Finland,Italy,72201100,Stainless steel flat products under 600mm,3.498,17909,2,True
United States,United States,72172090,Wire,3.495,11195,6,False
India,Ireland,72104900,Coated or plated flat products,3.493,10002,3,True
Finland,Finland,72202089,Stainless steel flat products under 600mm,3.475,21934,1,False
China,Turkey,72261100,Other alloy flat products under 600mm,3.47,13134,1,True
Belgium,Netherlands,72123000,Coated flat products under 600mm,3.4699999999999998,34917,2,True
Ukraine,Germany,72283041,Other alloy bars rods and sections,3.4699999999999998,9140,3,True
Germany,Austria,72254012,Other alloy flat products,3.466,16618,2,True
Unknown / not supplied,Ireland,72222011,Stainless steel bars sections and wire,3.463,14610,22,True
Sweden,Denmark,72222011,Stainless steel bars sections and wire,3.4559999999999995,14413,2,True
Italy,Singapore,72223051,Stainless steel bars sections and wire,3.455,35266,1,True
Netherlands,Netherlands,72165099,Angles shapes and sections,3.451,4278,1,False
Sweden,Germany,72085310,Hot-rolled flat products,3.45,3772,1,True
Taiwan,Netherlands,72085299,Hot-rolled flat products,3.45,3661,1,True
United States,Germany,72283061,Other alloy bars rods and sections,3.448,107522,2,True
Sweden,Sweden,72259200,Other alloy flat products,3.4469999999999996,4432,2,False
Germany,Germany,72027000,Ferro-alloys,3.444,115670,4,False
Romania,Germany,72202041,Stainless steel flat products under 600mm,3.444,12200,2,True
Germany,Italy,72292000,Alloy steel wire,3.4429999999999996,6527,2,True
Sweden,Norway,72193290,Stainless steel flat products,3.44,14258,2,True
Netherlands,Netherlands,72209020,Stainless steel flat products under 600mm,3.44,3780,2,False
Norway,Norway,72223097,Stainless steel bars sections and wire,3.4290000000000003,101388,5,False
Germany,Belgium,72149995,Other bars and rods,3.428,19298,1,True
Poland,Germany,72222019,Stainless steel bars sections and wire,3.426,8904,1,True
United Kingdom,Ireland,72224090,Stainless steel bars sections and wire,3.4229999999999996,30392,5,True
Netherlands,Poland,72269970,Other alloy flat products under 600mm,3.417,9477,1,True
France,Netherlands,72222021,Stainless steel bars sections and wire,3.413,23808,9,True
Thailand,Netherlands,72192290,Stainless steel flat products,3.412,6483,1,True
India,Sweden,72230091,Stainless steel wire,3.412,41838,3,True
United Kingdom,United States,72169900,Angles shapes and sections,3.409,15231,3,True
United Kingdom,Finland,72044990,Ferrous waste and scrap,3.4,606,1,True
South Korea,Netherlands,72202049,Stainless steel flat products under 600mm,3.4,7261,1,True
Netherlands,Belgium,72202029,Stainless steel flat products under 600mm,3.395,3230,1,True
Tunisia,Tunisia,72042110,Ferrous waste and scrap,3.39,5902,1,False
Sweden,Italy,72192300,Stainless steel flat products,3.38,15181,1,True
China,China,72044110,Ferrous waste and scrap,3.378,1873,1,False
Lithuania,Lithuania,72089080,Hot-rolled flat products,3.376,5360,3,False
Germany,Poland,72193390,Stainless steel flat products,3.372,9470,1,True
Pakistan,Pakistan,72230099,Stainless steel wire,3.37,33484,5,False
Austria,France,72269191,Other alloy flat products under 600mm,3.368,30550,1,True
United States,Belgium,72285080,Other alloy bars rods and sections,3.364,43970,3,True
Brazil,Brazil,72283070,Other alloy bars rods and sections,3.364,110448,2,False
Poland,Belgium,72155080,Other bars and rods,3.363,1617,1,True
Bosnia and Herzegovina,Netherlands,72141000,Other bars and rods,3.352,6344,1,True
Netherlands,Netherlands,72192300,Stainless steel flat products,3.351,9243,3,False
Thailand,Belgium,72193490,Stainless steel flat products,3.35,6063,1,True
China,Germany,72083800,Hot-rolled flat products,3.345,3598,1,True
Romania,Romania,72223097,Stainless steel bars sections and wire,3.344,8530,2,False
Germany,Italy,72192290,Stainless steel flat products,3.34,10664,1,True
Germany,Italy,72163310,Angles shapes and sections,3.338,4404,2,True
Italy,France,72163310,Angles shapes and sections,3.336,4090,1,True
Poland,Germany,72166190,Angles shapes and sections,3.328,9422,4,True
South Africa,Germany,72192290,Stainless steel flat products,3.328,14371,3,True
Estonia,Estonia,72287090,Other alloy bars rods and sections,3.325,21017,3,False
Netherlands,Belgium,72119080,Flat products under 600mm,3.319,32148,1,True
Poland,Poland,72149950,Other bars and rods,3.316,3382,1,False
China,China,72011011,Pig iron,3.312,42655,1,False
United Kingdom,Ireland,72162100,Angles shapes and sections,3.312,3576,2,True
Unknown / not supplied,Finland,72169180,Angles shapes and sections,3.301,9079,3,True
Ireland,Ireland,72285080,Other alloy bars rods and sections,3.3009999999999997,4550,3,False
Turkey,Belgium,72299090,Alloy steel wire,3.3,10668,1,True
China,Hong Kong,72084000,Hot-rolled flat products,3.3,2112,2,True
Poland,Germany,72163190,Angles shapes and sections,3.299,2887,1,True
France,France,72199080,Stainless steel flat products,3.294,36934,7,False
Italy,Lithuania,72193390,Stainless steel flat products,3.29,15777,1,True
Italy,Spain,72193390,Stainless steel flat products,3.2880000000000003,6757,2,True
Norway,Norway,72192110,Stainless steel flat products,3.284,38946,1,False
Czechia,Czechia,72104100,Coated or plated flat products,3.282,18020,5,False
EC,Germany,72222021,Stainless steel bars sections and wire,3.28,19407,1,True
United Kingdom,Germany,72221119,Stainless steel bars sections and wire,3.278,11591,1,True
United Kingdom,Germany,72193210,Stainless steel flat products,3.275,10877,1,True
Poland,Poland,72051000,Granules and powders,3.274,6599,2,False
South Korea,Italy,72222081,Stainless steel bars sections and wire,3.2729999999999997,17042,4,True
Slovakia,Slovakia,72166110,Angles shapes and sections,3.2710000000000004,17404,4,False
Czechia,Germany,72111300,Flat products under 600mm,3.27,3314,2,True
India,Turkey,72192190,Stainless steel flat products,3.27,7481,1,True
Spain,Germany,72172090,Wire,3.269,11230,5,True
United States,United States,72107010,Coated or plated flat products,3.266,107171,1,False
Australia,Australia,72191100,Stainless steel flat products,3.265,1775,1,False
Germany,Switzerland,72222029,Stainless steel bars sections and wire,3.261,79354,3,True
Netherlands,Netherlands,72181000,Stainless steel ingots and semi-finished,3.261,54740,12,False
Austria,Austria,72262000,Other alloy flat products under 600mm,3.255,58991,18,False
Italy,Czechia,72166110,Angles shapes and sections,3.2539999999999996,6648,2,True
France,Ireland,72124080,Coated flat products under 600mm,3.252,7199,1,True
United Kingdom,Ireland,72169900,Angles shapes and sections,3.251,6960,3,True
United Kingdom,Netherlands,72164010,Angles shapes and sections,3.248,5046,3,True
Sweden,Norway,72121090,Coated flat products under 600mm,3.245,19607,1,True
Netherlands,Netherlands,72223097,Stainless steel bars sections and wire,3.242,106150,8,False
Ireland,Ireland,72285020,Other alloy bars rods and sections,3.24,72864,1,False
Austria,Germany,72166190,Angles shapes and sections,3.24,18564,10,True
India,Germany,72224090,Stainless steel bars sections and wire,3.238,16594,5,True
Germany,Italy,72192110,Stainless steel flat products,3.238,19052,1,True
China,China,72222081,Stainless steel bars sections and wire,3.237,9276,3,False
Czechia,Netherlands,72209080,Stainless steel flat products under 600mm,3.231,2900,1,True
Czechia,Netherlands,72111400,Flat products under 600mm,3.2279999999999998,4964,1,True
United States,Austria,72285061,Other alloy bars rods and sections,3.2169999999999996,77311,2,True
Taiwan,Netherlands,72202041,Stainless steel flat products under 600mm,3.215,9453,1,True
Brazil,Netherlands,72222019,Stainless steel bars sections and wire,3.2119999999999997,56784,4,True
Denmark,Denmark,72169900,Angles shapes and sections,3.208,28679,9,False
Spain,Spain,72171010,Wire,3.207,5498,2,False
Germany,France,72224010,Stainless steel bars sections and wire,3.2020000000000004,32977,5,True
Lithuania,Lithuania,72193490,Stainless steel flat products,3.2009999999999996,27581,2,False
Switzerland,Switzerland,72163390,Angles shapes and sections,3.2,2112,1,False
China,Germany,72192300,Stainless steel flat products,3.198,28052,9,True
United States,Austria,72222021,Stainless steel bars sections and wire,3.197,35046,1,True
Indonesia,Turkey,72192210,Stainless steel flat products,3.194,7144,3,True
Austria,China,72221181,Stainless steel bars sections and wire,3.19,32720,1,True
United States,India,72285069,Other alloy bars rods and sections,3.189,16568,1,True
Czechia,Czechia,72189920,Stainless steel ingots and semi-finished,3.1879999999999997,25078,4,False
Italy,Belgium,72171010,Wire,3.187,3188,1,True
Belgium,Denmark,72222011,Stainless steel bars sections and wire,3.184,14553,1,True
Norway,Norway,72221119,Stainless steel bars sections and wire,3.1819999999999995,13075,4,False
Ireland,Ireland,72163211,Angles shapes and sections,3.179,5912,3,False
Italy,Germany,72052100,Granules and powders,3.173,8060,2,True
Austria,Germany,72284090,Other alloy bars rods and sections,3.169,29879,3,True
Poland,Romania,72292000,Alloy steel wire,3.165,9016,6,True
Hong Kong,Sweden,72101220,Coated or plated flat products,3.162,5323,1,True
Italy,Switzerland,72221189,Stainless steel bars sections and wire,3.161,13362,3,True
Germany,United States,72230099,Stainless steel wire,3.1609999999999996,37574,4,True
Netherlands,Netherlands,72103000,Coated or plated flat products,3.1579999999999995,41491,2,False
India,Turkey,72224010,Stainless steel bars sections and wire,3.155,20885,1,True
China,Poland,72202041,Stainless steel flat products under 600mm,3.151,4154,1,True
Ireland,Ireland,72072032,Semi-finished steel,3.15,10462,1,False
Switzerland,France,72224090,Stainless steel bars sections and wire,3.15,16323,1,True
Taiwan,Italy,72202029,Stainless steel flat products under 600mm,3.148,5533,1,True
United States,United States,72230091,Stainless steel wire,3.147,21620,3,False
Czechia,Czechia,72111400,Flat products under 600mm,3.136,24486,3,False
Spain,Ireland,72192300,Stainless steel flat products,3.132,6415,2,True
France,Spain,72199080,Stainless steel flat products,3.13,3073,1,True
China,Greece,72199080,Stainless steel flat products,3.125,11319,1,True
Spain,Spain,72125090,Coated flat products under 600mm,3.124,8802,1,False
United States,United States,72071190,Semi-finished steel,3.11,42123,4,False
United Kingdom,Ireland,72193310,Stainless steel flat products,3.106,10314,1,True
United Kingdom,Netherlands,72162100,Angles shapes and sections,3.104,2579,2,True
Netherlands,Ireland,72269970,Other alloy flat products under 600mm,3.1,7291,1,True
Germany,Netherlands,72249005,Alloy steel ingots and semi-finished,3.095,18416,1,True
Turkey,France,72104900,Coated or plated flat products,3.094,5537,1,True
Japan,Germany,72172010,Wire,3.089,8045,1,True
India,Ireland,72163291,Angles shapes and sections,3.088,4673,3,True
China,India,72222081,Stainless steel bars sections and wire,3.085,9801,3,True
Finland,Ireland,72192300,Stainless steel flat products,3.084,6922,2,True
China,India,72112330,Flat products under 600mm,3.082,3342,1,True
Germany,France,72052900,Granules and powders,3.075,23885,5,True
Italy,Belgium,72111400,Flat products under 600mm,3.075,2770,2,True
Turkey,Turkey,72202089,Stainless steel flat products under 600mm,3.073,10096,1,False
Sweden,Italy,72199080,Stainless steel flat products,3.072,19055,2,True
United States,United States,72085291,Hot-rolled flat products,3.071,8603,1,False
Sweden,Denmark,72166900,Angles shapes and sections,3.0669999999999997,26693,2,True
Netherlands,Netherlands,72224010,Stainless steel bars sections and wire,3.062,4152,2,False
Italy,Spain,72192300,Stainless steel flat products,3.058,6975,1,True
Hungary,Norway,72221990,Stainless steel bars sections and wire,3.047,94422,5,True
Belgium,Denmark,72193390,Stainless steel flat products,3.046,11369,2,True
Spain,Spain,72279050,Alloy bars and rods hot-rolled,3.041,4342,1,False
Italy,Belgium,72165091,Angles shapes and sections,3.04,4250,1,True
Australia,Australia,72223097,Stainless steel bars sections and wire,3.039,68146,5,False
Italy,Italy,72163110,Angles shapes and sections,3.036,5016,1,False
India,Denmark,72230019,Stainless steel wire,3.0349999999999997,12612,2,True
Spain,United States,72283089,Other alloy bars rods and sections,3.029,13989,1,True
Canada,Canada,72069000,Ingots and primary forms,3.029,2983,2,False
United States,United States,72191310,Stainless steel flat products,3.029,22013,3,False
India,France,72202081,Stainless steel flat products under 600mm,3.029,34475,1,True
France,France,72072080,Semi-finished steel,3.0269999999999997,12287,2,False
Taiwan,France,72223097,Stainless steel bars sections and wire,3.0269999999999997,48569,3,True
Belgium,Italy,72099020,Cold-rolled flat products,3.024,5545,1,True
Belgium,Belgium,72191100,Stainless steel flat products,3.024,37293,1,False
Netherlands,Netherlands,72189911,Stainless steel ingots and semi-finished,3.024,122554,10,False
Italy,Germany,72284010,Other alloy bars rods and sections,3.02,6191,1,True
Ireland,Ireland,72112330,Flat products under 600mm,3.015,3055,1,False
Sweden,Ireland,72112330,Flat products under 600mm,3.015,3015,1,True
India,Czechia,72222021,Stainless steel bars sections and wire,3.009,11717,1,True
Bulgaria,France,72283069,Other alloy bars rods and sections,3.005,5997,1,True
Taiwan,Poland,72286080,Other alloy bars rods and sections,3.004,49104,1,True
Germany,Netherlands,72011011,Pig iron,3.0,183722,1,True
France,Sweden,72022100,Ferro-alloys,3.0,719,1,True
China,Netherlands,72029300,Ferro-alloys,3.0,71915,1,True
Hong Kong,Hong Kong,72189919,Stainless steel ingots and semi-finished,3.0,2724,1,False
Brazil,Germany,72027000,Ferro-alloys,3.0,103902,1,True
China,China,72071912,Semi-finished steel,3.0,15760,1,False
Spain,Spain,72039000,Direct reduced iron,3.0,5140,1,False
Spain,Spain,72085390,Hot-rolled flat products,3.0,5512,1,False
Luxembourg,France,72163299,Angles shapes and sections,3.0,14154,1,True
Austria,Germany,72029200,Ferro-alloys,3.0,50680,1,True
China,Kazakhstan,72024950,Ferro-alloys,3.0,7026,1,True
France,Belgium,72193100,Stainless steel flat products,2.994,6699,1,True
Belgium,Italy,72169110,Angles shapes and sections,2.991,5603,1,True
Poland,Spain,72222031,Stainless steel bars sections and wire,2.986,8045,1,True
Germany,Belgium,72112330,Flat products under 600mm,2.985,3694,1,True
China,Malaysia,72192300,Stainless steel flat products,2.982,5828,1,True
Netherlands,France,72166190,Angles shapes and sections,2.9819999999999998,13436,2,True
Norway,Norway,72071919,Semi-finished steel,2.98,17296,1,False
Turkey,Turkey,72092690,Cold-rolled flat products,2.98,2831,1,False
Sweden,Sweden,72269970,Other alloy flat products under 600mm,2.977,37446,2,False
Poland,Poland,72189180,Stainless steel ingots and semi-finished,2.976,7126,4,False
Belgium,Germany,72107080,Coated or plated flat products,2.976,12345,5,True
China,Turkey,72124080,Coated flat products under 600mm,2.972,7007,3,True
Germany,Spain,72192300,Stainless steel flat products,2.97,23934,1,True
Norway,Norway,72193310,Stainless steel flat products,2.966,10811,1,False
Germany,Sweden,72210010,Stainless steel bars and rods,2.9659999999999997,87997,5,True
Italy,Sweden,72299090,Alloy steel wire,2.9650000000000003,10948,5,True
Netherlands,Italy,72284090,Other alloy bars rods and sections,2.964,5616,1,True
Turkey,China,72193490,Stainless steel flat products,2.964,5691,1,True
Finland,Spain,72193490,Stainless steel flat products,2.963,2088,1,True
Germany,Norway,72192110,Stainless steel flat products,2.963,30914,1,True
United Kingdom,Germany,72285061,Other alloy bars rods and sections,2.9610000000000003,64212,4,True
Netherlands,Germany,72171090,Wire,2.96,7485,1,True
Austria,Austria,72283061,Other alloy bars rods and sections,2.957,23958,2,False
United States,France,72193590,Stainless steel flat products,2.952,59418,1,True
Netherlands,Netherlands,72085210,Hot-rolled flat products,2.951,4634,2,False
Italy,Italy,72163390,Angles shapes and sections,2.951,2534,1,False
Finland,Finland,72042110,Ferrous waste and scrap,2.95,6346,2,False
China,Germany,72222081,Stainless steel bars sections and wire,2.9480000000000004,23659,2,True
France,Ireland,72107010,Coated or plated flat products,2.947,6506,1,True
Italy,Ireland,72072052,Semi-finished steel,2.94,11128,1,True
India,United Arab Emirates,72230099,Stainless steel wire,2.934,20489,3,True
Spain,Poland,72172090,Wire,2.933,6106,1,True
United States,United States,72249014,Alloy steel ingots and semi-finished,2.932,64705,3,False
Germany,Ireland,72222021,Stainless steel bars sections and wire,2.931,22417,4,True
China,Netherlands,72283069,Other alloy bars rods and sections,2.929,7222,1,True
Sweden,Denmark,72269200,Other alloy flat products under 600mm,2.928,22668,2,True
Taiwan,Netherlands,72254090,Other alloy flat products,2.928,2994,2,True
Brazil,Brazil,72285061,Other alloy bars rods and sections,2.927,71164,1,False
Italy,Belgium,72202021,Stainless steel flat products under 600mm,2.922,8500,1,True
Vietnam,Poland,72193510,Stainless steel flat products,2.922,9427,1,True
Sweden,United States,72230019,Stainless steel wire,2.921,21267,2,True
Germany,Singapore,72283061,Other alloy bars rods and sections,2.921,9776,1,True
Italy,Netherlands,72279010,Alloy bars and rods hot-rolled,2.92,2453,1,True
United Kingdom,Denmark,72230019,Stainless steel wire,2.918,45433,4,True
Taiwan,Denmark,72123000,Coated flat products under 600mm,2.916,2762,1,True
Austria,Austria,72193410,Stainless steel flat products,2.908,25083,2,False
France,Netherlands,72224050,Stainless steel bars sections and wire,2.904,16546,5,True
Poland,Germany,72283061,Other alloy bars rods and sections,2.901,7712,4,True
Indonesia,Italy,72201100,Stainless steel flat products under 600mm,2.9000000000000004,12610,3,True
Belgium,Netherlands,72287010,Other alloy bars rods and sections,2.9,17245,1,True
Canada,China,72224050,Stainless steel bars sections and wire,2.9,10528,1,True
Germany,Belgium,72193510,Stainless steel flat products,2.9,9135,1,True
Taiwan,South Korea,72286080,Other alloy bars rods and sections,2.897,16008,1,True
Slovakia,Poland,72082500,Hot-rolled flat products,2.896,2301,1,True
Germany,France,72149190,Other bars and rods,2.895,3044,1,True
United States,Austria,72222011,Stainless steel bars sections and wire,2.894,26671,1,True
Sweden,Netherlands,72284010,Other alloy bars rods and sections,2.893,11339,2,True
Sweden,Germany,72281090,Other alloy bars rods and sections,2.892,172988,5,True
Japan,Belgium,72261100,Other alloy flat products under 600mm,2.888,8016,1,True
Germany,Italy,72106100,Coated or plated flat products,2.886,2735,1,True
Japan,United States,72283069,Other alloy bars rods and sections,2.884,22813,2,True
Italy,Italy,72261910,Other alloy flat products under 600mm,2.884,1961,1,False
Ireland,Ireland,72162100,Angles shapes and sections,2.883,4215,2,False
Spain,Germany,72085299,Hot-rolled flat products,2.88,2801,1,True
Germany,Finland,72085291,Hot-rolled flat products,2.88,3526,1,True
Netherlands,France,72085191,Hot-rolled flat products,2.88,2393,1,True
Slovakia,Slovakia,72044930,Ferrous waste and scrap,2.88,624,1,False
Germany,Netherlands,72165091,Angles shapes and sections,2.876,4865,1,True
Romania,France,72222031,Stainless steel bars sections and wire,2.874,17155,1,True
Netherlands,Netherlands,72071980,Semi-finished steel,2.863,63507,16,False
Thailand,Thailand,72151000,Other bars and rods,2.863,16066,1,False
Spain,Belgium,72201100,Stainless steel flat products under 600mm,2.86,8580,1,True
Austria,Germany,72283061,Other alloy bars rods and sections,2.859,27268,2,True
Indonesia,Netherlands,72269970,Other alloy flat products under 600mm,2.856,6793,1,True
China,Malaysia,72192110,Stainless steel flat products,2.855,5422,1,True
Austria,Austria,72072017,Semi-finished steel,2.854,1284,2,False
Finland,Germany,72202029,Stainless steel flat products under 600mm,2.8520000000000003,8012,2,True
United States,United States,72191100,Stainless steel flat products,2.852,57394,5,False
China,Netherlands,72222019,Stainless steel bars sections and wire,2.849,9529,2,True
Japan,Italy,72230019,Stainless steel wire,2.846,16018,3,True
Czechia,Czechia,72169900,Angles shapes and sections,2.841,14482,7,False
Slovenia,Czechia,72285069,Other alloy bars rods and sections,2.8400000000000003,36752,7,True
Kazakhstan,Germany,72024910,Ferro-alloys,2.838,12409,3,True
Portugal,Portugal,72193410,Stainless steel flat products,2.837,9577,1,False
Spain,Netherlands,72191210,Stainless steel flat products,2.832,7840,1,True
Brazil,Brazil,72222021,Stainless steel bars sections and wire,2.832,67243,1,False
United Kingdom,France,72283020,Other alloy bars rods and sections,2.831,53351,3,True
Spain,Norway,72224090,Stainless steel bars sections and wire,2.8289999999999997,24725,3,True
Taiwan,Canada,72281090,Other alloy bars rods and sections,2.824,20697,1,True
Germany,France,72179050,Wire,2.823,4372,1,True
Vietnam,France,72028000,Ferro-alloys,2.822,68130,4,True
Poland,Netherlands,72149950,Other bars and rods,2.818,3267,1,True
Netherlands,Italy,72085400,Hot-rolled flat products,2.81,2785,1,True
Belgium,Belgium,72109080,Coated or plated flat products,2.806,11725,1,False
Belgium,France,72285080,Other alloy bars rods and sections,2.803,30882,1,True
Vietnam,Belgium,72222031,Stainless steel bars sections and wire,2.802,5503,1,True
Czechia,Czechia,72125090,Coated flat products under 600mm,2.802,9477,5,False
Sweden,Denmark,72288000,Other alloy bars rods and sections,2.8,1400,1,True
Germany,Netherlands,72283041,Other alloy bars rods and sections,2.8,5093,1,True
United Kingdom,Belgium,72285040,Other alloy bars rods and sections,2.8,20798,2,True
France,Romania,72202049,Stainless steel flat products under 600mm,2.799,12596,1,True
United States,United States,72149939,Other bars and rods,2.792,65018,13,False
Italy,Germany,72249002,Alloy steel ingots and semi-finished,2.7809999999999997,4298,2,True
South Korea,South Korea,72189980,Stainless steel ingots and semi-finished,2.78,115883,1,False
Italy,China,72299090,Alloy steel wire,2.777,2361,1,True
Germany,Slovakia,72112900,Flat products under 600mm,2.777,5948,1,True
Germany,Belgium,72202081,Stainless steel flat products under 600mm,2.777,8311,2,True
China,China,72099080,Cold-rolled flat products,2.775,17800,6,False
Poland,Poland,72189911,Stainless steel ingots and semi-finished,2.766,97019,6,False
Netherlands,Czechia,72285061,Other alloy bars rods and sections,2.7649999999999997,101030,3,True
Austria,Germany,72192110,Stainless steel flat products,2.762,95982,6,True
Spain,Spain,72099020,Cold-rolled flat products,2.761,27836,3,False
United Kingdom,Germany,72131000,Hot-rolled bars and rods,2.758,2942,2,True
Belgium,Italy,72285020,Other alloy bars rods and sections,2.755,73281,1,True
France,Netherlands,72230019,Stainless steel wire,2.751,29293,4,True
China,Belgium,72202049,Stainless steel flat products under 600mm,2.747,5977,1,True
Germany,Finland,72202089,Stainless steel flat products under 600mm,2.747,17196,1,True
Germany,Switzerland,72112900,Flat products under 600mm,2.747,65937,19,True
Belgium,France,72166110,Angles shapes and sections,2.746,13959,2,True
Spain,United Arab Emirates,72283061,Other alloy bars rods and sections,2.745,9937,1,True
Spain,Germany,72224010,Stainless steel bars sections and wire,2.742,13695,1,True
Germany,Austria,72193410,Stainless steel flat products,2.741,18950,1,True
Australia,Romania,72106900,Coated or plated flat products,2.74,4432,2,True
United States,Canada,72202041,Stainless steel flat products under 600mm,2.737,30115,5,True
Italy,Austria,72222021,Stainless steel bars sections and wire,2.7329999999999997,21989,2,True
Belgium,France,72109080,Coated or plated flat products,2.731,12206,1,True
China,China,72251910,Other alloy flat products,2.73,7948,1,False
France,Germany,72285020,Other alloy bars rods and sections,2.728,41962,4,True
United States,Germany,72091899,Cold-rolled flat products,2.7279999999999998,26452,6,True
Romania,Italy,72202081,Stainless steel flat products under 600mm,2.7239999999999998,14470,3,True
Belgium,Italy,72193210,Stainless steel flat products,2.723,9214,4,True
Austria,Austria,72193100,Stainless steel flat products,2.722,68800,2,False
Taiwan,Taiwan,72199080,Stainless steel flat products,2.721,19137,3,False
Austria,Italy,72166110,Angles shapes and sections,2.72,7222,5,True
Turkey,Belgium,72155019,Other bars and rods,2.718,3315,2,True
Norway,Norway,72221910,Stainless steel bars sections and wire,2.712,243891,6,False
Germany,Netherlands,72121090,Coated flat products under 600mm,2.7119999999999997,12079,4,True
Taiwan,Italy,72283069,Other alloy bars rods and sections,2.7110000000000003,32008,5,True
Italy,Romania,72122000,Coated flat products under 600mm,2.711,7725,1,True
Germany,Netherlands,72163219,Angles shapes and sections,2.711,7347,3,True
Slovakia,Belgium,72171090,Wire,2.71,8057,2,True
Unknown / not supplied,Spain,72149950,Other bars and rods,2.707,1339,1,True
United Kingdom,Netherlands,72149110,Other bars and rods,2.705,3601,2,True
China,Czechia,72112320,Flat products under 600mm,2.7,386,1,True
India,India,72142000,Other bars and rods,2.698,2943,1,False
Sweden,Sweden,72222039,Stainless steel bars sections and wire,2.698,37871,7,False
Poland,Netherlands,72121010,Coated flat products under 600mm,2.698,25758,1,True
Poland,Romania,72299090,Alloy steel wire,2.693,6831,3,True
China,China,72222029,Stainless steel bars sections and wire,2.691,6035,2,False
Italy,Ireland,72292000,Alloy steel wire,2.685,3593,1,True
Thailand,Thailand,72224010,Stainless steel bars sections and wire,2.685,2562,1,False
Sweden,Norway,72193390,Stainless steel flat products,2.682,7965,3,True
United Arab Emirates,United Arab Emirates,72249007,Alloy steel ingots and semi-finished,2.679,3217,1,False
Belgium,Finland,72192110,Stainless steel flat products,2.676,16001,1,True
Taiwan,Taiwan,72282099,Other alloy bars rods and sections,2.674,15579,1,False
Netherlands,Belgium,72163291,Angles shapes and sections,2.668,4303,1,True
Spain,Netherlands,72141000,Other bars and rods,2.665,6088,3,True
China,Poland,72142000,Other bars and rods,2.663,3759,1,True
Malaysia,France,72202081,Stainless steel flat products under 600mm,2.661,17072,3,True
Poland,Poland,72085310,Hot-rolled flat products,2.654,20298,11,False
China,Taiwan,72192110,Stainless steel flat products,2.652,4431,1,True
Germany,Netherlands,72202021,Stainless steel flat products under 600mm,2.652,14645,2,True
Belgium,France,72149979,Other bars and rods,2.65,2061,1,True
Belgium,Spain,72192110,Stainless steel flat products,2.649,10393,1,True
India,Ireland,72163211,Angles shapes and sections,2.647,6585,1,True
Sweden,Denmark,72221181,Stainless steel bars sections and wire,2.644,38427,2,True
United Kingdom,Sweden,72281020,Other alloy bars rods and sections,2.64,6646,1,True
China,Ireland,72149939,Other bars and rods,2.638,2144,1,True
China,China,72222039,Stainless steel bars sections and wire,2.6350000000000002,11641,4,False
France,France,72202029,Stainless steel flat products under 600mm,2.6350000000000002,47145,5,False
Norway,Norway,72210090,Stainless steel bars and rods,2.63,103964,2,False
Slovenia,Slovenia,72254040,Other alloy flat products,2.628,10686,2,False
Germany,France,72224090,Stainless steel bars sections and wire,2.626,15154,2,True
Denmark,Germany,72166190,Angles shapes and sections,2.618,6840,1,True
Italy,Germany,72161000,Angles shapes and sections,2.611,2797,1,True
France,BB,72164010,Angles shapes and sections,2.611,1648,1,True
United Kingdom,France,72041000,Ferrous waste and scrap,2.6,275,1,True
Spain,Belgium,72193210,Stainless steel flat products,2.6,6191,1,True
United Kingdom,Mexico,72202041,Stainless steel flat products under 600mm,2.6,10080,1,True
Norway,Norway,72192210,Stainless steel flat products,2.599,18199,1,False
Egypt,Egypt,72143000,Other bars and rods,2.598,1722,1,False
Italy,Austria,72222019,Stainless steel bars sections and wire,2.597,6415,1,True
Sweden,Germany,72199020,Stainless steel flat products,2.596,43960,2,True
United States,France,72285080,Other alloy bars rods and sections,2.596,31414,1,True
Poland,Germany,72287090,Other alloy bars rods and sections,2.592,6918,2,True
Unknown / not supplied,Ireland,72125040,Coated flat products under 600mm,2.59,7347,3,True
Denmark,Denmark,72139110,Hot-rolled bars and rods,2.583,2065,1,False
Italy,Germany,72221181,Stainless steel bars sections and wire,2.573,21907,5,True
Romania,Netherlands,72159000,Other bars and rods,2.572,5845,1,True
Unknown / not supplied,Slovakia,72091690,Cold-rolled flat products,2.569,17168,6,True
Sweden,Denmark,72222021,Stainless steel bars sections and wire,2.565,20034,2,True
Spain,Portugal,72161000,Angles shapes and sections,2.564,1625,1,True
Taiwan,Taiwan,72283070,Other alloy bars rods and sections,2.564,26182,1,False
Spain,Netherlands,72165099,Angles shapes and sections,2.559,6241,2,True
India,Belgium,72222029,Stainless steel bars sections and wire,2.5570000000000004,10946,2,True
China,Ireland,72283061,Other alloy bars rods and sections,2.555,5373,1,True
France,Belgium,72222019,Stainless steel bars sections and wire,2.553,11441,1,True
Ireland,Ireland,72083700,Hot-rolled flat products,2.552,10518,1,False
Poland,Germany,72161000,Angles shapes and sections,2.551,2385,1,True
Finland,France,72202081,Stainless steel flat products under 600mm,2.551,9952,3,True
Netherlands,Netherlands,72119080,Flat products under 600mm,2.5509999999999997,21107,2,False
Vietnam,Ireland,72166900,Angles shapes and sections,2.548,1797,1,True
China,China,72286020,Other alloy bars rods and sections,2.5460000000000003,23703,8,False
United Kingdom,Netherlands,72165099,Angles shapes and sections,2.5460000000000003,4238,2,True
Finland,Finland,72192110,Stainless steel flat products,2.544,15018,2,False
Slovenia,Slovenia,72222011,Stainless steel bars sections and wire,2.542,19087,2,False
Germany,Italy,72222019,Stainless steel bars sections and wire,2.541,11406,2,True
Germany,Bulgaria,72171090,Wire,2.536,1970,1,True
Slovenia,Germany,72285020,Other alloy bars rods and sections,2.534,8657,4,True
Ukraine,Germany,72285040,Other alloy bars rods and sections,2.532,7357,2,True
India,India,72169900,Angles shapes and sections,2.531,7571,3,False
United States,France,72286080,Other alloy bars rods and sections,2.529,39941,2,True
India,India,72221189,Stainless steel bars sections and wire,2.529,8069,3,False
China,Poland,72125090,Coated flat products under 600mm,2.526,13264,1,True
Brazil,Belgium,72222019,Stainless steel bars sections and wire,2.521,63174,1,True
South Africa,Italy,72192300,Stainless steel flat products,2.516,4683,1,True
Austria,Sweden,72221990,Stainless steel bars sections and wire,2.515,13305,2,True
Belgium,Ireland,72192110,Stainless steel flat products,2.514,8433,1,True
South Korea,Vietnam,72085198,Hot-rolled flat products,2.512,1306,1,True
France,BZ,72085299,Hot-rolled flat products,2.512,3065,1,True
Germany,Belgium,72149190,Other bars and rods,2.512,14873,1,True
United Kingdom,France,72269200,Other alloy flat products under 600mm,2.5109999999999997,234342,2,True
United States,United States,72221990,Stainless steel bars sections and wire,2.5100000000000002,139887,20,False
United States,United States,72149971,Other bars and rods,2.508,38083,4,False
Italy,Bulgaria,72222011,Stainless steel bars sections and wire,2.508,27764,1,True
China,United States,72199080,Stainless steel flat products,2.503,19479,7,True
France,Netherlands,72202021,Stainless steel flat products under 600mm,2.502,4814,1,True
Portugal,Portugal,72249014,Alloy steel ingots and semi-finished,2.5,17005,1,False
Belgium,Belgium,72171039,Wire,2.49,10633,4,False
Switzerland,France,72072080,Semi-finished steel,2.485,10716,1,True
Unknown / not supplied,Ireland,72230011,Stainless steel wire,2.484,34953,29,True
France,Italy,72149950,Other bars and rods,2.482,1464,1,True
Italy,Netherlands,72282091,Other alloy bars rods and sections,2.48,2433,1,True
Italy,Poland,72221111,Stainless steel bars sections and wire,2.476,41018,1,True
China,Ireland,72199080,Stainless steel flat products,2.4699999999999998,3886,2,True
Estonia,Estonia,72107080,Coated or plated flat products,2.4690000000000003,9085,2,False
Germany,France,72163299,Angles shapes and sections,2.468,2553,1,True
Turkey,Germany,72224090,Stainless steel bars sections and wire,2.468,12474,1,True
Germany,Sweden,72171090,Wire,2.466,5937,1,True
United Kingdom,France,72221990,Stainless steel bars sections and wire,2.465,29736,2,True
United States,Canada,72172030,Wire,2.462,5662,1,True
Belgium,Italy,72193490,Stainless steel flat products,2.46,6039,1,True
United Kingdom,Germany,72025000,Ferro-alloys,2.457,30875,1,True
Brazil,Belgium,72285020,Other alloy bars rods and sections,2.452,94798,1,True
Germany,China,72222021,Stainless steel bars sections and wire,2.448,14479,1,True
France,Netherlands,72192210,Stainless steel flat products,2.447,9853,2,True
China,France,72269120,Other alloy flat products under 600mm,2.445,5792,2,True
Greece,Greece,72209080,Stainless steel flat products under 600mm,2.443,25554,6,False
Spain,Norway,72285069,Other alloy bars rods and sections,2.433,5471,2,True
Germany,Denmark,72092500,Cold-rolled flat products,2.4320000000000004,8688,2,True
Slovakia,Germany,72283049,Other alloy bars rods and sections,2.43,3423,1,True
Belgium,France,72199080,Stainless steel flat products,2.43,10252,1,True
Taiwan,Switzerland,72222089,Stainless steel bars sections and wire,2.4299999999999997,18466,4,True
Unknown / not supplied,Czechia,72292000,Alloy steel wire,2.427,114555,12,True
Turkey,Turkey,72103000,Coated or plated flat products,2.42,4815,2,False
Slovenia,Ireland,72192110,Stainless steel flat products,2.42,6618,1,True
France,Netherlands,72222011,Stainless steel bars sections and wire,2.418,11997,4,True
India,Spain,72221181,Stainless steel bars sections and wire,2.415,7665,2,True
United Kingdom,Ireland,72166110,Angles shapes and sections,2.413,7048,4,True
Romania,France,72085390,Hot-rolled flat products,2.412,3098,1,True
South Africa,Netherlands,72192400,Stainless steel flat products,2.411,3927,2,True
Romania,Germany,72119080,Flat products under 600mm,2.411,4921,1,True
South Africa,Lithuania,72193310,Stainless steel flat products,2.404,5788,2,True
Sweden,Norway,72230019,Stainless steel wire,2.402,20628,2,True
Czechia,Netherlands,72085291,Hot-rolled flat products,2.4,2376,1,True
Unknown / not supplied,Ireland,72091500,Cold-rolled flat products,2.395,14329,4,True
Slovenia,Slovenia,72286080,Other alloy bars rods and sections,2.395,45990,5,False
Poland,Netherlands,72111300,Flat products under 600mm,2.394,2256,2,True
Italy,Poland,72202041,Stainless steel flat products under 600mm,2.394,3548,1,True
Belgium,Germany,72085400,Hot-rolled flat products,2.391,2370,1,True
Poland,Norway,72192110,Stainless steel flat products,2.389,19646,1,True
Germany,France,72089080,Hot-rolled flat products,2.389,3883,1,True
China,Italy,72159000,Other bars and rods,2.389,4457,1,True
South Korea,Germany,72202089,Stainless steel flat products under 600mm,2.387,3596,2,True
Belgium,Netherlands,72224090,Stainless steel bars sections and wire,2.385,13378,3,True
United States,United States,72112900,Flat products under 600mm,2.385,16057,4,False
Poland,France,72283061,Other alloy bars rods and sections,2.384,4655,1,True
Portugal,Germany,72221990,Stainless steel bars sections and wire,2.384,15792,1,True
Italy,Italy,72202089,Stainless steel flat products under 600mm,2.38,35470,13,False
Sweden,Netherlands,72283070,Other alloy bars rods and sections,2.378,1972,1,True
United Kingdom,Spain,72124080,Coated flat products under 600mm,2.377,5782,1,True
Slovakia,Germany,72085299,Hot-rolled flat products,2.375,4379,2,True
Germany,Belgium,72042110,Ferrous waste and scrap,2.375,38187,1,True
Italy,United States,72224010,Stainless steel bars sections and wire,2.373,33835,10,True
Finland,Poland,72193100,Stainless steel flat products,2.372,9912,1,True
United Kingdom,Germany,72139110,Hot-rolled bars and rods,2.372,4170,1,True
Ireland,Ireland,72149110,Other bars and rods,2.361,1501,1,False
Japan,United States,72269199,Other alloy flat products under 600mm,2.361,24818,8,True
China,Germany,72285069,Other alloy bars rods and sections,2.351,2306,1,True
Tunisia,Tunisia,72171090,Wire,2.35,16077,1,False
Turkey,Turkey,72191410,Stainless steel flat products,2.35,8790,1,False
Brazil,Brazil,72285069,Other alloy bars rods and sections,2.3489999999999998,66544,2,False
Finland,China,72202049,Stainless steel flat products under 600mm,2.348,8354,1,True
Austria,Austria,72125090,Coated flat products under 600mm,2.347,9488,2,False
South Africa,South Africa,72192210,Stainless steel flat products,2.344,8644,1,False
India,Spain,72224090,Stainless steel bars sections and wire,2.34,6717,1,True
Unknown / not supplied,Netherlands,72149931,Other bars and rods,2.335,1923,1,True
China,SN,72224010,Stainless steel bars sections and wire,2.333,22624,1,True
France,Germany,72083900,Hot-rolled flat products,2.3280000000000003,4328,1,True
Portugal,France,72107080,Coated or plated flat products,2.328,4889,1,True
Spain,France,72201100,Stainless steel flat products under 600mm,2.328,16482,3,True
France,Italy,72149939,Other bars and rods,2.327,1513,1,True
United States,United States,72151000,Other bars and rods,2.326,35113,13,False
United States,United States,72284010,Other alloy bars rods and sections,2.326,117232,16,False
China,Germany,72028000,Ferro-alloys,2.326,71644,2,True
China,France,72052900,Granules and powders,2.325,42952,8,True
Unknown / not supplied,Italy,72173041,Wire,2.323,2318,3,True
Unknown / not supplied,Ireland,72166190,Angles shapes and sections,2.319,7324,10,True
Finland,Norway,72285080,Other alloy bars rods and sections,2.313,1470,1,True
Italy,France,72199020,Stainless steel flat products,2.31,34679,1,True
Germany,Austria,72222011,Stainless steel bars sections and wire,2.31,20396,2,True
France,Italy,72209080,Stainless steel flat products under 600mm,2.308,4779,1,True
Taiwan,Taiwan,72189180,Stainless steel ingots and semi-finished,2.306,20467,2,False
Italy,Netherlands,72209080,Stainless steel flat products under 600mm,2.306,4828,1,True
Germany,Belgium,72085299,Hot-rolled flat products,2.304,2061,1,True
Unknown / not supplied,Ireland,72192110,Stainless steel flat products,2.3,5912,7,True
United States,Italy,72285020,Other alloy bars rods and sections,2.298,22980,1,True
Austria,Netherlands,72166190,Angles shapes and sections,2.298,6047,2,True
India,France,72222031,Stainless steel bars sections and wire,2.293,25413,3,True
Ireland,Ireland,72151000,Other bars and rods,2.291,84077,10,False
Germany,Poland,72172030,Wire,2.289,2639,1,True
Bulgaria,Netherlands,72202041,Stainless steel flat products under 600mm,2.286,6058,1,True
Taiwan,Lithuania,72202041,Stainless steel flat products under 600mm,2.285,5491,1,True
France,France,72164090,Angles shapes and sections,2.283,1544,1,False
China,Hong Kong,72089080,Hot-rolled flat products,2.28,791,1,True
Brazil,Netherlands,72202021,Stainless steel flat products under 600mm,2.276,4688,1,True
Sweden,Netherlands,72169900,Angles shapes and sections,2.2670000000000003,9237,2,True
Netherlands,Belgium,72224090,Stainless steel bars sections and wire,2.263,15808,11,True
United States,Poland,72139910,Hot-rolled bars and rods,2.262,153380,1,True
Sweden,Germany,72085120,Hot-rolled flat products,2.261,7393,1,True
United Kingdom,Czechia,72155080,Other bars and rods,2.254,18359,8,True
Austria,France,72221990,Stainless steel bars sections and wire,2.253,28733,1,True
Germany,France,72069000,Ingots and primary forms,2.252,16098,5,True
Australia,Australia,72189980,Stainless steel ingots and semi-finished,2.25,54540,3,False
Egypt,Italy,72283069,Other alloy bars rods and sections,2.25,2406,1,True
Denmark,Denmark,72172090,Wire,2.2439999999999998,33481,5,False
South Korea,Germany,72163291,Angles shapes and sections,2.239,1862,1,True
Netherlands,Poland,72287090,Other alloy bars rods and sections,2.234,19480,11,True
Belgium,Belgium,72181000,Stainless steel ingots and semi-finished,2.234,10551,1,False
India,India,72101100,Coated or plated flat products,2.233,33642,1,False
Sweden,Italy,72221111,Stainless steel bars sections and wire,2.232,60014,1,True
United States,Germany,72284090,Other alloy bars rods and sections,2.232,66458,1,True
Italy,Italy,72072080,Semi-finished steel,2.227,17822,6,False
Czechia,Slovakia,72166900,Angles shapes and sections,2.227,4766,2,True
Sweden,Denmark,72193100,Stainless steel flat products,2.226,19265,2,True
Australia,Australia,72192110,Stainless steel flat products,2.226,35878,1,False
Germany,Germany,72029200,Ferro-alloys,2.225,29902,5,False
LB,LB,72015090,Pig iron,2.22,3334,1,False
Indonesia,Netherlands,72089080,Hot-rolled flat products,2.218,1207,1,True
Unknown / not supplied,Italy,72149939,Other bars and rods,2.215,1586,1,True
Belgium,Lithuania,72193310,Stainless steel flat products,2.215,9188,2,True
Belgium,Belgium,72111300,Flat products under 600mm,2.2119999999999997,2860,2,False
India,India,72223091,Stainless steel bars sections and wire,2.21,18228,1,False
Japan,Japan,72172010,Wire,2.21,22024,5,False
Ireland,Ireland,72209080,Stainless steel flat products under 600mm,2.202,232207,26,False
Chile,Chile,72224090,Stainless steel bars sections and wire,2.201,14115,1,False
Malaysia,Taiwan,72224090,Stainless steel bars sections and wire,2.2,13399,1,True
United Kingdom,Norway,72192110,Stainless steel flat products,2.2,1766,1,True
Norway,Netherlands,72202021,Stainless steel flat products under 600mm,2.2,9532,1,True
Italy,Netherlands,72155011,Other bars and rods,2.199,2009,1,True
Romania,Germany,72193510,Stainless steel flat products,2.198,4952,1,True
United Kingdom,France,72149979,Other bars and rods,2.195,44899,3,True
Italy,Poland,72163299,Angles shapes and sections,2.195,1660,1,True
South Korea,Italy,72224050,Stainless steel bars sections and wire,2.194,17974,1,True
Greece,France,72172090,Wire,2.193,3319,1,True
United States,United States,72121090,Coated flat products under 600mm,2.191,10276,1,False
Slovenia,France,72254040,Other alloy flat products,2.19,9133,3,True
Denmark,Denmark,72230019,Stainless steel wire,2.189,12747,3,False
Ireland,Ireland,72223097,Stainless steel bars sections and wire,2.178,216904,13,False
United Kingdom,United States,72029980,Ferro-alloys,2.177,24950,1,True
Taiwan,Netherlands,72193410,Stainless steel flat products,2.176,3408,1,True
Estonia,Estonia,72123000,Coated flat products under 600mm,2.175,12222,3,False
Netherlands,Germany,72163110,Angles shapes and sections,2.172,2457,1,True
Denmark,Denmark,72193100,Stainless steel flat products,2.17,64428,4,False
BZ,France,72283069,Other alloy bars rods and sections,2.17,30338,1,True
Poland,Estonia,72104900,Coated or plated flat products,2.17,9171,3,True
Vietnam,South Korea,72299090,Alloy steel wire,2.16,2743,1,True
Sweden,Netherlands,72288000,Other alloy bars rods and sections,2.16,1700,1,True
Spain,France,72069000,Ingots and primary forms,2.16,3067,1,True
Belgium,Netherlands,72085390,Hot-rolled flat products,2.16,1973,1,True
Sweden,Ireland,72192300,Stainless steel flat products,2.159,6492,1,True
China,Hong Kong,72189980,Stainless steel ingots and semi-finished,2.1559999999999997,98659,19,True
Italy,Spain,72202041,Stainless steel flat products under 600mm,2.155,8658,1,True
Hong Kong,China,72283089,Other alloy bars rods and sections,2.148,24145,1,True
Slovenia,Germany,72199020,Stainless steel flat products,2.1470000000000002,26031,4,True
Unknown / not supplied,Germany,72166190,Angles shapes and sections,2.146,62681,26,True
Malaysia,Belgium,72202081,Stainless steel flat products under 600mm,2.145,7842,2,True
Spain,Italy,72161000,Angles shapes and sections,2.139,7166,1,True
Italy,Sweden,72221910,Stainless steel bars sections and wire,2.137,7608,1,True
China,Hong Kong,72106900,Coated or plated flat products,2.135,445,1,True
Singapore,China,72042900,Ferrous waste and scrap,2.135,1524,1,True
Switzerland,France,72222031,Stainless steel bars sections and wire,2.1340000000000003,40444,4,True
United Kingdom,United States,72221189,Stainless steel bars sections and wire,2.1319999999999997,44782,2,True
France,Germany,72169110,Angles shapes and sections,2.131,4003,1,True
Japan,Italy,72254060,Other alloy flat products,2.125,1803,1,True
Italy,Netherlands,72162200,Angles shapes and sections,2.12,1744,1,True
Belgium,Ireland,72193410,Stainless steel flat products,2.116,5178,1,True
United Kingdom,Belgium,72181000,Stainless steel ingots and semi-finished,2.116,8724,1,True
Spain,Netherlands,72230019,Stainless steel wire,2.11,13305,4,True
Germany,Estonia,72155080,Other bars and rods,2.109,1481,1,True
Belgium,Belgium,72031000,Direct reduced iron,2.103,17290,2,False
Sweden,Finland,72201100,Stainless steel flat products under 600mm,2.102,6640,1,True
Vietnam,Belgium,72202041,Stainless steel flat products under 600mm,2.101,7661,2,True
France,Austria,72069000,Ingots and primary forms,2.101,3989,2,True
Germany,Belgium,72166900,Angles shapes and sections,2.101,4270,1,True
China,Romania,72222031,Stainless steel bars sections and wire,2.1,68390,1,True
Turkey,Germany,72202049,Stainless steel flat products under 600mm,2.096,10536,1,True
Unknown / not supplied,Belgium,72169900,Angles shapes and sections,2.094,22876,14,True
United Kingdom,Poland,72285061,Other alloy bars rods and sections,2.093,14839,1,True
Belgium,France,72192300,Stainless steel flat products,2.092,5797,1,True
Slovakia,Slovakia,72122000,Coated flat products under 600mm,2.091,8014,2,False
Turkey,Canada,72284010,Other alloy bars rods and sections,2.09,44102,1,True
United Kingdom,Germany,72139149,Hot-rolled bars and rods,2.086,2576,1,True
Canada,Germany,72029980,Ferro-alloys,2.082,35889,1,True
Germany,Netherlands,72221181,Stainless steel bars sections and wire,2.079,9052,1,True
Germany,Sweden,72202049,Stainless steel flat products under 600mm,2.078,26858,1,True
United Kingdom,Norway,72169900,Angles shapes and sections,2.077,47887,1,True
United States,United States,72169900,Angles shapes and sections,2.076,49283,5,False
Taiwan,Poland,72193410,Stainless steel flat products,2.074,7007,2,True
Germany,France,72092790,Cold-rolled flat products,2.073,5756,3,True
Germany,Belgium,72222021,Stainless steel bars sections and wire,2.072,6716,1,True
Germany,Italy,72089020,Hot-rolled flat products,2.072,3307,2,True
Lithuania,Lithuania,72202041,Stainless steel flat products under 600mm,2.07,4916,1,False
Czechia,Germany,72149939,Other bars and rods,2.066,2310,2,True
Switzerland,Switzerland,72222019,Stainless steel bars sections and wire,2.066,19713,2,False
Brazil,Belgium,72193410,Stainless steel flat products,2.064,4317,1,True
Belgium,Spain,72254040,Other alloy flat products,2.061,2148,1,True
Japan,France,72261100,Other alloy flat products under 600mm,2.061,6589,1,True
Spain,France,72202049,Stainless steel flat products under 600mm,2.06,1792,1,True
France,Ireland,72269930,Other alloy flat products under 600mm,2.06,2001,1,True
France,France,72283020,Other alloy bars rods and sections,2.057,34353,3,False
Poland,Spain,72163291,Angles shapes and sections,2.056,1470,1,True
Netherlands,Belgium,72142000,Other bars and rods,2.056,1796,1,True
Romania,Germany,72202089,Stainless steel flat products under 600mm,2.055,1648,1,True
China,China,72255080,Other alloy flat products,2.054,3206,2,False
Unknown / not supplied,Germany,72163190,Angles shapes and sections,2.054,1719,1,True
Brazil,Germany,72285020,Other alloy bars rods and sections,2.054,6655,3,True
Japan,Japan,72201100,Stainless steel flat products under 600mm,2.052,8170,1,False
China,Italy,72192210,Stainless steel flat products,2.052,12650,2,True
Germany,Belgium,72142000,Other bars and rods,2.051,2859,1,True
Italy,Belgium,72169180,Angles shapes and sections,2.05,8824,1,True
Spain,Belgium,72173090,Wire,2.05,6849,1,True
Denmark,Denmark,72031000,Direct reduced iron,2.047,6200,2,False
France,Germany,72149950,Other bars and rods,2.0469999999999997,2022,2,True
France,Lithuania,72202041,Stainless steel flat products under 600mm,2.046,5858,1,True
Italy,Lithuania,72193410,Stainless steel flat products,2.042,6683,2,True
Czechia,Netherlands,72171039,Wire,2.042,2759,1,True
Slovenia,Norway,72222021,Stainless steel bars sections and wire,2.04,69760,1,True
United Kingdom,Turkey,72254015,Other alloy flat products,2.04,20450,1,True
Taiwan,France,72230019,Stainless steel wire,2.039,6644,1,True
Unknown / not supplied,Netherlands,72162100,Angles shapes and sections,2.035,1700,4,True
Switzerland,Switzerland,72112380,Flat products under 600mm,2.034,115199,9,False
Poland,Germany,72149979,Other bars and rods,2.033,5115,4,True
France,Netherlands,72163190,Angles shapes and sections,2.03,2049,1,True
United Kingdom,Slovenia,72222019,Stainless steel bars sections and wire,2.03,7832,1,True
Turkey,Netherlands,72171090,Wire,2.03,2889,1,True
United Kingdom,United States,72286080,Other alloy bars rods and sections,2.029,12478,2,True
Sweden,Sweden,72224010,Stainless steel bars sections and wire,2.028,21700,9,False
Norway,Norway,72221181,Stainless steel bars sections and wire,2.025,59999,3,False
Turkey,Bulgaria,72179090,Wire,2.025,1733,1,True
Finland,Ireland,72104900,Coated or plated flat products,2.024,3848,1,True
Taiwan,Taiwan,72071919,Semi-finished steel,2.021,9988,3,False
Finland,Spain,72193390,Stainless steel flat products,2.02,1423,1,True
Ukraine,Germany,72283049,Other alloy bars rods and sections,2.02,4937,2,True
India,Germany,72223051,Stainless steel bars sections and wire,2.0140000000000002,9071,4,True
Sweden,Germany,72221181,Stainless steel bars sections and wire,2.0140000000000002,7702,3,True
Portugal,Portugal,72042900,Ferrous waste and scrap,2.011,587,1,False
Unknown / not supplied,Belgium,72166190,Angles shapes and sections,2.0100000000000002,6802,4,True
Poland,Germany,72155080,Other bars and rods,2.006,4641,1,True
Austria,Austria,72072080,Semi-finished steel,2.001,54015,4,False
Brazil,Poland,72029300,Ferro-alloys,2.0,47295,1,True
South Africa,Italy,72192290,Stainless steel flat products,2.0,4596,1,True
Germany,France,72051000,Granules and powders,2.0,5970,2,True
South Africa,Switzerland,72029200,Ferro-alloys,2.0,35273,1,True
Australia,Poland,72029200,Ferro-alloys,2.0,36254,1,True
LB,LB,72172090,Wire,2.0,4779,1,False
India,United States,72039000,Direct reduced iron,2.0,8675,1,True
China,Poland,72028000,Ferro-alloys,2.0,96890,1,True
China,France,72024910,Ferro-alloys,2.0,9624,1,True
China,Estonia,72029980,Ferro-alloys,2.0,6772,1,True
South Korea,Italy,72172090,Wire,2.0,4150,1,True
South Africa,Germany,72051000,Granules and powders,2.0,5043,1,True
China,China,72149950,Other bars and rods,2.0,1896,1,False
France,Ireland,72051000,Granules and powders,2.0,2594,1,True
Ireland,Ireland,72193490,Stainless steel flat products,2.0,66689,1,False
Poland,Poland,72124020,Coated flat products under 600mm,2.0,3737,1,False
South Korea,South Korea,72091899,Cold-rolled flat products,2.0,3892,1,False
China,Poland,72029200,Ferro-alloys,2.0,37805,1,True
South Korea,South Korea,72223051,Stainless steel bars sections and wire,1.996,18928,1,False
Spain,Lithuania,72202041,Stainless steel flat products under 600mm,1.996,5879,1,True
Belgium,Italy,72199020,Stainless steel flat products,1.995,11149,4,True
China,Italy,72224050,Stainless steel bars sections and wire,1.994,15225,1,True
Poland,Lithuania,72193310,Stainless steel flat products,1.993,5937,1,True
China,India,72071919,Semi-finished steel,1.99,25918,1,True
Belgium,Italy,72202021,Stainless steel flat products under 600mm,1.9889999999999999,8036,2,True
Sweden,Germany,72281020,Other alloy bars rods and sections,1.987,52414,14,True
Unknown / not supplied,Germany,72085400,Hot-rolled flat products,1.984,5354,1,True
China,Hong Kong,72172030,Wire,1.984,6140,2,True
Italy,Spain,72221111,Stainless steel bars sections and wire,1.9820000000000002,8178,3,True
United States,United States,72164090,Angles shapes and sections,1.982,8048,1,False
Bulgaria,Bulgaria,72209020,Stainless steel flat products under 600mm,1.9809999999999999,11243,4,False
Canada,Italy,72172090,Wire,1.98,68175,1,True
Switzerland,Switzerland,72210090,Stainless steel bars and rods,1.979,11545,1,False
Italy,Romania,72286020,Other alloy bars rods and sections,1.976,7945,1,True
Germany,Belgium,72169900,Angles shapes and sections,1.974,84040,12,True
China,Singapore,72284090,Other alloy bars rods and sections,1.973,6149,2,True
Germany,Spain,72299020,Alloy steel wire,1.971,5005,1,True
Germany,Germany,72281020,Other alloy bars rods and sections,1.971,24001,8,False
Germany,Netherlands,72222089,Stainless steel bars sections and wire,1.97,11125,1,True
Luxembourg,France,72163219,Angles shapes and sections,1.97,23162,1,True
Norway,Norway,72222019,Stainless steel bars sections and wire,1.968,9957,1,False
Slovenia,Germany,72193210,Stainless steel flat products,1.968,11532,1,True
Estonia,Estonia,72193390,Stainless steel flat products,1.96,10124,1,False
Finland,Sweden,72123000,Coated flat products under 600mm,1.958,3014,1,True
Switzerland,France,72222019,Stainless steel bars sections and wire,1.958,8998,1,True
Luxembourg,Netherlands,72149950,Other bars and rods,1.956,2673,2,True
Japan,Italy,72193410,Stainless steel flat products,1.955,8229,1,True
Taiwan,Germany,72221181,Stainless steel bars sections and wire,1.947,14172,4,True
Netherlands,Poland,72193510,Stainless steel flat products,1.945,14819,5,True
Germany,Belgium,72202029,Stainless steel flat products under 600mm,1.945,2635,1,True
Canada,Canada,72172090,Wire,1.944,7140,1,False
Finland,Norway,72192110,Stainless steel flat products,1.939,15940,1,True
Belgium,Netherlands,72193510,Stainless steel flat products,1.938,4690,1,True
Italy,United States,72223051,Stainless steel bars sections and wire,1.937,25098,2,True
Indonesia,China,72192290,Stainless steel flat products,1.936,3074,1,True
Italy,Germany,72171090,Wire,1.936,3215,1,True
Bulgaria,France,72230019,Stainless steel wire,1.932,9581,1,True
France,Italy,72193310,Stainless steel flat products,1.931,9198,4,True
Unknown / not supplied,Ireland,72193410,Stainless steel flat products,1.9259999999999997,28344,4,True
India,Sweden,72230019,Stainless steel wire,1.923,11680,5,True
South Africa,South Africa,72224090,Stainless steel bars sections and wire,1.92,2763,1,False
France,Germany,72193100,Stainless steel flat products,1.92,8260,1,True
Italy,Germany,72193100,Stainless steel flat products,1.92,4999,1,True
Taiwan,Belgium,72202041,Stainless steel flat products under 600mm,1.918,5223,1,True
Czechia,Germany,72285069,Other alloy bars rods and sections,1.918,3815,1,True
Italy,United States,72224090,Stainless steel bars sections and wire,1.917,38821,5,True
Taiwan,France,72202049,Stainless steel flat products under 600mm,1.913,16585,12,True
Italy,Germany,72104900,Coated or plated flat products,1.9129999999999998,4759,2,True
Austria,Germany,72221910,Stainless steel bars sections and wire,1.912,36327,5,True
Switzerland,France,72269200,Other alloy flat products under 600mm,1.912,9386,1,True
Italy,France,72149971,Other bars and rods,1.907,5181,1,True
Italy,Italy,72283041,Other alloy bars rods and sections,1.907,1320,1,False
South Korea,South Korea,72072052,Semi-finished steel,1.9060000000000001,77760,23,False
Sweden,United States,72230099,Stainless steel wire,1.906,16515,3,True
Spain,Germany,72222031,Stainless steel bars sections and wire,1.905,9824,6,True
Thailand,Thailand,72044990,Ferrous waste and scrap,1.905,1095,1,False
Italy,Germany,72192290,Stainless steel flat products,1.904,5617,2,True
Taiwan,China,72283069,Other alloy bars rods and sections,1.902,35300,1,True
Spain,Belgium,72202021,Stainless steel flat products under 600mm,1.902,4977,2,True
Romania,Romania,72202081,Stainless steel flat products under 600mm,1.901,6523,1,False
Slovenia,France,72192210,Stainless steel flat products,1.901,7862,1,True
Portugal,Portugal,72169110,Angles shapes and sections,1.901,19273,11,False
Canada,Canada,72202081,Stainless steel flat products under 600mm,1.899,14848,1,False
Germany,Netherlands,72125090,Coated flat products under 600mm,1.896,7410,2,True
Spain,Spain,72092690,Cold-rolled flat products,1.89,1849,1,False
Belgium,Ireland,72193100,Stainless steel flat products,1.889,4518,1,True
United Kingdom,Germany,72224090,Stainless steel bars sections and wire,1.884,19148,5,True
Netherlands,Netherlands,72202029,Stainless steel flat products under 600mm,1.881,8672,5,False
Vietnam,Italy,72199020,Stainless steel flat products,1.877,8320,2,True
Netherlands,Netherlands,72161000,Angles shapes and sections,1.877,6371,2,False
Romania,Romania,72085120,Hot-rolled flat products,1.876,29589,1,False
Austria,Austria,72071116,Semi-finished steel,1.876,5836,1,False
Bosnia and Herzegovina,Belgium,72192210,Stainless steel flat products,1.874,6812,1,True
Italy,Poland,72119080,Flat products under 600mm,1.874,7225,1,True
Sweden,Italy,72269191,Other alloy flat products under 600mm,1.87,9780,1,True
Czechia,United States,72283061,Other alloy bars rods and sections,1.87,3349,1,True
Austria,Germany,72193210,Stainless steel flat products,1.865,22247,1,True
China,India,72230019,Stainless steel wire,1.86,8612,1,True
United Kingdom,Netherlands,72230019,Stainless steel wire,1.86,29376,2,True
Unknown / not supplied,Ireland,72202049,Stainless steel flat products under 600mm,1.86,16723,5,True
Croatia,Croatia,72224090,Stainless steel bars sections and wire,1.854,301987,20,False
Czechia,France,72292000,Alloy steel wire,1.854,6622,4,True
MD,MD,72169180,Angles shapes and sections,1.851,1563,1,False
Ireland,Ireland,72191100,Stainless steel flat products,1.85,22031,1,False
Germany,Czechia,72192290,Stainless steel flat products,1.85,6195,1,True
Italy,Spain,72286080,Other alloy bars rods and sections,1.85,18650,2,True
Turkey,Turkey,72109080,Coated or plated flat products,1.85,13762,2,False
Sierra Leone,France,72192110,Stainless steel flat products,1.849,9695,2,True
United Kingdom,Italy,72283061,Other alloy bars rods and sections,1.845,114461,3,True
Spain,Germany,72285080,Other alloy bars rods and sections,1.845,5714,2,True
Italy,Netherlands,72165099,Angles shapes and sections,1.844,2243,2,True
Slovenia,Hungary,72192110,Stainless steel flat products,1.844,7783,1,True
Sweden,France,72112330,Flat products under 600mm,1.844,3043,1,True
United States,United States,72169110,Angles shapes and sections,1.842,14084,4,False
Hungary,Hungary,72221990,Stainless steel bars sections and wire,1.841,9166,5,False
Czechia,Netherlands,72285069,Other alloy bars rods and sections,1.84,2502,1,True
Lithuania,Lithuania,72106900,Coated or plated flat products,1.837,2301,1,False
Brazil,Belgium,72222039,Stainless steel bars sections and wire,1.835,49754,1,True
Chile,Netherlands,72193210,Stainless steel flat products,1.834,3503,1,True
Serbia and Montenegro aggregate,Germany,72124080,Coated flat products under 600mm,1.83,1927,1,True
India,India,72061000,Ingots and primary forms,1.83,3575,2,False
Canada,Canada,72221111,Stainless steel bars sections and wire,1.829,52287,2,False
United Kingdom,Czechia,72172030,Wire,1.828,2979,1,True
Canada,Canada,72192290,Stainless steel flat products,1.825,8137,1,False
United States,Canada,72051000,Granules and powders,1.825,20484,1,True
Austria,Germany,72269970,Other alloy flat products under 600mm,1.822,38421,4,True
Netherlands,Belgium,72269970,Other alloy flat products under 600mm,1.821,3330,1,True
China,Italy,72210090,Stainless steel bars and rods,1.821,3986,1,True
Unknown / not supplied,Ireland,72124020,Coated flat products under 600mm,1.82,1893,2,True
Denmark,Germany,72224090,Stainless steel bars sections and wire,1.8199999999999998,39683,5,True
Austria,Slovakia,72169180,Angles shapes and sections,1.818,6406,1,True
Lithuania,Spain,72107010,Coated or plated flat products,1.817,4759,1,True
Switzerland,Switzerland,72299020,Alloy steel wire,1.815,13151,1,False
Finland,Taiwan,72193410,Stainless steel flat products,1.815,3059,1,True
Sweden,United States,72285069,Other alloy bars rods and sections,1.814,13550,5,True
France,France,72249002,Alloy steel ingots and semi-finished,1.812,92297,5,False
Denmark,Denmark,72284090,Other alloy bars rods and sections,1.812,156580,2,False
Germany,Germany,72091710,Cold-rolled flat products,1.8119999999999998,4072,2,False
Czechia,Czechia,72172010,Wire,1.808,5024,1,False
Finland,France,72202049,Stainless steel flat products under 600mm,1.808,2350,1,True
Italy,France,72111300,Flat products under 600mm,1.804,1221,1,True
Austria,Czechia,72163219,Angles shapes and sections,1.803,2554,1,True
France,Netherlands,72223097,Stainless steel bars sections and wire,1.802,48099,3,True
Turkey,Germany,72202081,Stainless steel flat products under 600mm,1.802,12354,2,True
United Kingdom,Switzerland,72169900,Angles shapes and sections,1.8,14144,1,True
Sierra Leone,Netherlands,72254060,Other alloy flat products,1.8,1826,1,True
AO,AO,72126000,Coated flat products under 600mm,1.8,23570,1,False
United Kingdom,France,72071190,Semi-finished steel,1.8,7673,1,True
Slovenia,United States,72222081,Stainless steel bars sections and wire,1.796,8344,1,True
Germany,Germany,72191310,Stainless steel flat products,1.795,6835,4,False
China,Denmark,72230099,Stainless steel wire,1.795,18178,2,True
Norway,Norway,72222011,Stainless steel bars sections and wire,1.79,19585,2,False
Sweden,Sweden,72222089,Stainless steel bars sections and wire,1.788,10808,6,False
China,United States,72284090,Other alloy bars rods and sections,1.785,4050,1,True
United Kingdom,Netherlands,72091500,Cold-rolled flat products,1.78,9453,1,True
United Kingdom,Romania,72222031,Stainless steel bars sections and wire,1.779,57745,3,True
Sweden,France,72159000,Other bars and rods,1.776,14457,1,True
Portugal,Italy,72283069,Other alloy bars rods and sections,1.775,8427,1,True
Thailand,Belgium,72202041,Stainless steel flat products under 600mm,1.775,4293,1,True
Poland,Poland,72155080,Other bars and rods,1.775,3662,3,False
Sweden,Sweden,72279095,Alloy bars and rods hot-rolled,1.774,2310,1,False
Italy,France,72171090,Wire,1.7730000000000001,4815,4,True
China,Italy,72202041,Stainless steel flat products under 600mm,1.772,4617,1,True
China,Italy,72284010,Other alloy bars rods and sections,1.7710000000000001,3629,2,True
Spain,France,72284090,Other alloy bars rods and sections,1.769,4860,1,True
Slovakia,Czechia,72172010,Wire,1.767,4896,1,True
Denmark,Netherlands,72161000,Angles shapes and sections,1.767,1690,1,True
Poland,Poland,72202049,Stainless steel flat products under 600mm,1.766,9654,3,False
Sweden,Denmark,72192190,Stainless steel flat products,1.76,16096,1,True
Germany,Italy,72193510,Stainless steel flat products,1.76,7353,3,True
Mexico,United States,72125090,Coated flat products under 600mm,1.7590000000000001,77968,17,True
United States,United States,72191390,Stainless steel flat products,1.758,9257,2,False
India,Poland,72104900,Coated or plated flat products,1.752,9531,1,True
Slovenia,Germany,72221189,Stainless steel bars sections and wire,1.7469999999999999,10509,4,True
Indonesia,China,72202041,Stainless steel flat products under 600mm,1.746,2836,1,True
Italy,Portugal,72193310,Stainless steel flat products,1.745,5148,1,True
United States,United States,72044910,Ferrous waste and scrap,1.744,297,1,False
Croatia,France,72107080,Coated or plated flat products,1.743,6763,3,True
Hong Kong,Germany,72285020,Other alloy bars rods and sections,1.742,4633,1,True
Romania,Belgium,72286080,Other alloy bars rods and sections,1.741,2076,1,True
Turkey,Turkey,72223097,Stainless steel bars sections and wire,1.7400000000000002,15819,4,False
South Korea,Netherlands,72299090,Alloy steel wire,1.74,5701,2,True
Spain,Spain,72254090,Other alloy flat products,1.7389999999999999,3640,3,False
Spain,Netherlands,72149110,Other bars and rods,1.738,2680,2,True
France,Germany,72199080,Stainless steel flat products,1.738,22325,6,True
Germany,Hungary,72125069,Coated flat products under 600mm,1.738,2776,1,True
Ireland,Ireland,72166190,Angles shapes and sections,1.735,78642,16,False
Unknown / not supplied,Poland,72106900,Coated or plated flat products,1.734,2016,1,True
BW,Belgium,72192210,Stainless steel flat products,1.734,5838,1,True
United States,Canada,72283061,Other alloy bars rods and sections,1.734,45908,1,True
Sierra Leone,Germany,72201100,Stainless steel flat products under 600mm,1.728,23637,2,True
South Africa,Germany,72192210,Stainless steel flat products,1.728,9934,1,True
Netherlands,Netherlands,72163299,Angles shapes and sections,1.728,1775,1,False
France,Norway,72192110,Stainless steel flat products,1.728,10766,2,True
Italy,Germany,72099020,Cold-rolled flat products,1.725,3573,3,True
Japan,Japan,72202089,Stainless steel flat products under 600mm,1.716,3986,2,False
France,Sweden,72210010,Stainless steel bars and rods,1.712,10821,4,True
Slovenia,Slovenia,72286020,Other alloy bars rods and sections,1.712,6966,1,False
Ireland,Ireland,72166900,Angles shapes and sections,1.71,26352,4,False
Germany,Poland,72171039,Wire,1.707,1969,1,True
Poland,Netherlands,72164090,Angles shapes and sections,1.707,1776,1,True
Sweden,Norway,72221119,Stainless steel bars sections and wire,1.707,9655,1,True
United Kingdom,Czechia,72254090,Other alloy flat products,1.706,2648,2,True
United Kingdom,GI,72071290,Semi-finished steel,1.705,13393,1,True
India,Denmark,72224010,Stainless steel bars sections and wire,1.705,5103,1,True
Austria,Germany,72283069,Other alloy bars rods and sections,1.703,28784,3,True
Poland,Germany,72269120,Other alloy flat products under 600mm,1.701,1422,1,True
Romania,Belgium,72223097,Stainless steel bars sections and wire,1.7,399,1,True
Ireland,Ireland,72124080,Coated flat products under 600mm,1.7,7226,1,False
Australia,Belgium,72166190,Angles shapes and sections,1.699,4572,2,True
Poland,Italy,72163310,Angles shapes and sections,1.698,1395,1,True
Italy,Italy,72169180,Angles shapes and sections,1.6929999999999998,6961,5,False
Belgium,France,72044990,Ferrous waste and scrap,1.691,342,1,True
Pakistan,Pakistan,72083700,Hot-rolled flat products,1.6900000000000002,4689,2,False
Norway,Germany,72221111,Stainless steel bars sections and wire,1.69,31791,1,True
Germany,Germany,72044199,Ferrous waste and scrap,1.689,80678,24,False
Italy,Norway,72241090,Alloy steel ingots and semi-finished,1.685,6485,1,True
Poland,Germany,72163219,Angles shapes and sections,1.685,1833,1,True
India,India,72189180,Stainless steel ingots and semi-finished,1.684,11363,6,False
Netherlands,Netherlands,72192110,Stainless steel flat products,1.684,4024,2,False
Romania,France,72222029,Stainless steel bars sections and wire,1.682,6242,1,True
Brazil,Brazil,72249090,Alloy steel ingots and semi-finished,1.68,34491,1,False
Netherlands,Germany,72283061,Other alloy bars rods and sections,1.678,4926,1,True
United States,United States,72261910,Other alloy flat products under 600mm,1.677,16333,1,False
United Kingdom,Belgium,72283049,Other alloy bars rods and sections,1.674,28997,1,True
Netherlands,Netherlands,72155019,Other bars and rods,1.674,40262,23,False
Italy,Germany,72166110,Angles shapes and sections,1.673,5017,3,True
Italy,Netherlands,72149979,Other bars and rods,1.67,1274,1,True
Poland,Poland,72181000,Stainless steel ingots and semi-finished,1.67,17624,2,False
South Korea,Italy,72299090,Alloy steel wire,1.669,3332,1,True
France,France,72106100,Coated or plated flat products,1.669,3555,1,False
South Africa,Germany,72193390,Stainless steel flat products,1.667,3725,1,True
Germany,Netherlands,72199080,Stainless steel flat products,1.6660000000000001,159161,3,True
Italy,United States,72222011,Stainless steel bars sections and wire,1.662,16698,3,True
Italy,Sweden,72222021,Stainless steel bars sections and wire,1.661,22209,2,True
United Kingdom,Ireland,72230011,Stainless steel wire,1.661,12513,2,True
Denmark,Germany,72169900,Angles shapes and sections,1.6600000000000001,5007,2,True
Turkey,France,72173041,Wire,1.66,1433,1,True
Poland,Netherlands,72254040,Other alloy flat products,1.66,1958,1,True
United States,Germany,72192110,Stainless steel flat products,1.654,44525,1,True
Italy,Singapore,72223091,Stainless steel bars sections and wire,1.651,21623,1,True
Belgium,Belgium,72189980,Stainless steel ingots and semi-finished,1.65,16376,2,False
India,India,72189919,Stainless steel ingots and semi-finished,1.65,42643,2,False
China,Italy,72193410,Stainless steel flat products,1.65,9895,1,True
Unknown / not supplied,Ireland,72139141,Hot-rolled bars and rods,1.6460000000000001,2670,4,True
France,Belgium,72202029,Stainless steel flat products under 600mm,1.644,2006,1,True
Sweden,Sweden,72099080,Cold-rolled flat products,1.642,4873,3,False
Japan,Japan,72202029,Stainless steel flat products under 600mm,1.639,45084,1,False
Turkey,Turkey,72269200,Other alloy flat products under 600mm,1.636,3281,1,False
United Arab Emirates,Germany,72163291,Angles shapes and sections,1.636,1347,1,True
Austria,Norway,72283089,Other alloy bars rods and sections,1.635,5913,1,True
Switzerland,Italy,72230019,Stainless steel wire,1.635,24112,2,True
Spain,France,72052900,Granules and powders,1.633,629,1,True
Italy,Spain,72292000,Alloy steel wire,1.6320000000000001,3131,2,True
France,Italy,72299090,Alloy steel wire,1.6320000000000001,3393,1,True
Romania,Romania,72222021,Stainless steel bars sections and wire,1.632,5615,1,False
Poland,Poland,72191100,Stainless steel flat products,1.6300000000000001,13776,3,False
France,Germany,72222031,Stainless steel bars sections and wire,1.627,14053,4,True
Ireland,Ireland,72172090,Wire,1.626,2879,2,False
Switzerland,Norway,72192110,Stainless steel flat products,1.625,15639,1,True
United Kingdom,Brazil,72171090,Wire,1.624,7954,1,True
Germany,France,72085400,Hot-rolled flat products,1.624,2125,2,True
United Arab Emirates,United Arab Emirates,72283061,Other alloy bars rods and sections,1.622,3261,1,False
Serbia and Montenegro aggregate,Serbia and Montenegro aggregate,72107010,Coated or plated flat products,1.62,1922,1,False
Spain,Netherlands,72149950,Other bars and rods,1.617,4509,2,True
Sierra Leone,France,72224010,Stainless steel bars sections and wire,1.615,11034,1,True
Luxembourg,Germany,72222019,Stainless steel bars sections and wire,1.613,3579,1,True
India,Germany,72223091,Stainless steel bars sections and wire,1.61,6477,1,True
China,CF,72072080,Semi-finished steel,1.609,14106,1,True
United States,United States,72287010,Other alloy bars rods and sections,1.602,14407,3,False
Slovenia,Slovenia,72169180,Angles shapes and sections,1.6,11595,1,False
China,China,72084000,Hot-rolled flat products,1.6,419,1,False
United States,France,72222011,Stainless steel bars sections and wire,1.599,42917,1,True
Mexico,Mexico,72249090,Alloy steel ingots and semi-finished,1.598,18675,2,False
Brazil,Brazil,72283020,Other alloy bars rods and sections,1.596,45425,1,False
South Korea,Poland,72286080,Other alloy bars rods and sections,1.596,10757,1,True
Austria,Austria,72283089,Other alloy bars rods and sections,1.5950000000000002,11041,2,False
Turkey,Turkey,72124020,Coated flat products under 600mm,1.594,2591,1,False
United States,Italy,72051000,Granules and powders,1.593,20331,1,True
Poland,Portugal,72166110,Angles shapes and sections,1.592,9330,2,True
South Korea,Spain,72230099,Stainless steel wire,1.59,6615,4,True
Poland,Spain,72163211,Angles shapes and sections,1.59,1103,1,True
United States,United States,72071290,Semi-finished steel,1.589,177287,6,False
Taiwan,Germany,72159000,Other bars and rods,1.587,2801,1,True
India,Netherlands,72163390,Angles shapes and sections,1.586,1237,1,True
Austria,Austria,72209080,Stainless steel flat products under 600mm,1.5819999999999999,36645,13,False
Sweden,Finland,72202049,Stainless steel flat products under 600mm,1.58,4427,1,True
France,Belgium,72165099,Angles shapes and sections,1.579,55670,13,True
India,India,72191210,Stainless steel flat products,1.579,11354,2,False
Spain,Netherlands,72201100,Stainless steel flat products under 600mm,1.579,7753,1,True
China,Poland,72166110,Angles shapes and sections,1.577,2827,2,True
Germany,France,72044110,Ferrous waste and scrap,1.575,17872,1,True
Unknown / not supplied,Ireland,72171039,Wire,1.575,7053,5,True
Spain,Netherlands,72223051,Stainless steel bars sections and wire,1.574,6980,1,True
China,Hong Kong,72224090,Stainless steel bars sections and wire,1.572,17573,4,True
Germany,Austria,72254060,Other alloy flat products,1.57,1991,1,True
Italy,Netherlands,72224090,Stainless steel bars sections and wire,1.5690000000000002,3800,2,True
Japan,Japan,72111400,Flat products under 600mm,1.562,10501,2,False
United States,Austria,72222039,Stainless steel bars sections and wire,1.558,14765,1,True
Germany,Finland,72201100,Stainless steel flat products under 600mm,1.558,9077,1,True
Slovenia,United States,72222011,Stainless steel bars sections and wire,1.556,55641,2,True
France,France,72191210,Stainless steel flat products,1.556,30421,1,False
Unknown / not supplied,Germany,72165099,Angles shapes and sections,1.556,5047,2,True
Ireland,Ireland,72085191,Hot-rolled flat products,1.555,4605,1,False
China,Taiwan,72172030,Wire,1.555,1541,1,True
United Kingdom,Italy,72111400,Flat products under 600mm,1.552,3900,1,True
France,Sweden,72281090,Other alloy bars rods and sections,1.552,31625,2,True
Poland,Poland,72101220,Coated or plated flat products,1.551,2598,1,False
Poland,Poland,72109030,Coated or plated flat products,1.55,5048,1,False
France,Germany,72221119,Stainless steel bars sections and wire,1.548,6433,3,True
Austria,Germany,72222089,Stainless steel bars sections and wire,1.545,15055,3,True
Netherlands,Belgium,72221181,Stainless steel bars sections and wire,1.542,3927,1,True
Sweden,Croatia,72224090,Stainless steel bars sections and wire,1.542,9813,1,True
Unknown / not supplied,Germany,72288000,Other alloy bars rods and sections,1.54,2546,1,True
Mexico,Mexico,72042900,Ferrous waste and scrap,1.533,451419,1,False
Poland,Italy,72166110,Angles shapes and sections,1.532,2325,1,True
Germany,China,72042190,Ferrous waste and scrap,1.53,7937,1,True
United Kingdom,Ireland,72112900,Flat products under 600mm,1.529,1134,1,True
Sweden,Norway,72193410,Stainless steel flat products,1.528,11363,2,True
United States,United States,72119080,Flat products under 600mm,1.526,72136,10,False
United States,China,72199020,Stainless steel flat products,1.524,13756,1,True
France,Netherlands,72165091,Angles shapes and sections,1.522,2359,1,True
Austria,Germany,72221990,Stainless steel bars sections and wire,1.521,8532,1,True
Netherlands,Netherlands,72202081,Stainless steel flat products under 600mm,1.52,20723,12,False
Italy,Italy,72091790,Cold-rolled flat products,1.52,1626,1,False
Luxembourg,Italy,72163211,Angles shapes and sections,1.517,1224,1,True
Germany,Netherlands,72209020,Stainless steel flat products under 600mm,1.517,16845,3,True
France,Germany,72201100,Stainless steel flat products under 600mm,1.516,12746,3,True
Poland,Poland,72069000,Ingots and primary forms,1.5140000000000002,9338,3,False
Austria,Austria,72210010,Stainless steel bars and rods,1.512,29209,2,False
Denmark,Norway,72192110,Stainless steel flat products,1.51,15409,1,True
United States,United States,72261980,Other alloy flat products under 600mm,1.51,40051,2,False
Denmark,Denmark,72151000,Other bars and rods,1.51,26641,6,False
Italy,Ireland,72222081,Stainless steel bars sections and wire,1.504,6582,3,True
United Kingdom,Norway,72072080,Semi-finished steel,1.502,44521,2,True
Slovenia,United States,72192110,Stainless steel flat products,1.5,16272,2,True
China,Belgium,72052900,Granules and powders,1.5,4651,1,True
Italy,Germany,72193290,Stainless steel flat products,1.5,6815,1,True
Spain,Germany,72169110,Angles shapes and sections,1.5,18671,1,True
China,Sweden,72028000,Ferro-alloys,1.5,47859,2,True
Spain,Belgium,72104900,Coated or plated flat products,1.5,3604,1,True
Spain,Portugal,72172030,Wire,1.5,1229,1,True
United Kingdom,France,72230019,Stainless steel wire,1.499,32220,2,True
China,France,72230019,Stainless steel wire,1.498,7448,5,True
Italy,Germany,72224010,Stainless steel bars sections and wire,1.4969999999999999,6764,2,True
Taiwan,China,72189980,Stainless steel ingots and semi-finished,1.495,32953,1,True
Romania,Germany,72269970,Other alloy flat products under 600mm,1.495,6961,2,True
Slovakia,Slovakia,72189110,Stainless steel ingots and semi-finished,1.4940000000000002,56067,6,False
France,Netherlands,72172030,Wire,1.493,1798,1,True
Italy,Romania,72155019,Other bars and rods,1.492,3733,1,True
Denmark,Denmark,72112330,Flat products under 600mm,1.491,16052,7,False
Germany,France,72109080,Coated or plated flat products,1.4889999999999999,6389,2,True
France,France,72191410,Stainless steel flat products,1.4889999999999999,16201,3,False
Germany,Belgium,72209080,Stainless steel flat products under 600mm,1.488,1905,1,True
Germany,Czechia,72169180,Angles shapes and sections,1.487,4286,3,True
Austria,Norway,72284090,Other alloy bars rods and sections,1.483,4786,2,True
Spain,Netherlands,72172030,Wire,1.482,3572,1,True
China,Netherlands,72089080,Hot-rolled flat products,1.478,17412,6,True
United States,United States,72092690,Cold-rolled flat products,1.4769999999999999,8231,3,False
Netherlands,Germany,72254090,Other alloy flat products,1.4769999999999999,2871,2,True
Poland,France,72104900,Coated or plated flat products,1.476,2358,2,True
Spain,Spain,72222089,Stainless steel bars sections and wire,1.474,19516,1,False
United Kingdom,Singapore,72223051,Stainless steel bars sections and wire,1.473,11048,1,True
Sweden,Belgium,72283020,Other alloy bars rods and sections,1.472,7073,1,True
Italy,Germany,72085191,Hot-rolled flat products,1.472,1125,1,True
Austria,Austria,72283020,Other alloy bars rods and sections,1.47,7172,1,False
China,Sweden,72292000,Alloy steel wire,1.468,1763,1,True
Germany,Denmark,72222021,Stainless steel bars sections and wire,1.467,11272,3,True
Unknown / not supplied,Italy,72193490,Stainless steel flat products,1.4659999999999997,8713,7,True
South Africa,Spain,72193490,Stainless steel flat products,1.46,1171,1,True
Unknown / not supplied,Ireland,72259100,Other alloy flat products,1.459,919,1,True
France,Spain,72101100,Coated or plated flat products,1.459,2349,1,True
China,Netherlands,72269970,Other alloy flat products under 600mm,1.455,4889,1,True
Netherlands,Netherlands,72283069,Other alloy bars rods and sections,1.455,4698,2,False
Poland,Poland,72221910,Stainless steel bars sections and wire,1.454,8566,3,False
Netherlands,Poland,72099020,Cold-rolled flat products,1.453,4069,1,True
China,United States,72299090,Alloy steel wire,1.452,16101,2,True
Spain,Germany,72221189,Stainless steel bars sections and wire,1.452,8024,5,True
Belgium,France,72149971,Other bars and rods,1.45,1128,1,True
Germany,Netherlands,72149971,Other bars and rods,1.45,4174,1,True
Netherlands,Netherlands,72285061,Other alloy bars rods and sections,1.448,26739,1,False
United States,Germany,72125069,Coated flat products under 600mm,1.448,6480,1,True
France,France,72285040,Other alloy bars rods and sections,1.442,39346,2,False
Spain,Switzerland,72109080,Coated or plated flat products,1.442,9168,1,True
Sweden,Germany,72269199,Other alloy flat products under 600mm,1.442,25793,2,True
France,France,72044110,Ferrous waste and scrap,1.44,1270,1,False
Poland,France,72052900,Granules and powders,1.44,4945,2,True
France,Germany,72085299,Hot-rolled flat products,1.44,1401,1,True
China,Japan,72072080,Semi-finished steel,1.437,17440,1,True
Italy,Netherlands,72222029,Stainless steel bars sections and wire,1.437,8851,2,True
United States,United States,72071980,Semi-finished steel,1.435,48372,16,False
Unknown / not supplied,Ireland,72281020,Other alloy bars rods and sections,1.435,2644,7,True
Slovakia,Poland,72072080,Semi-finished steel,1.433,3952,1,True
Switzerland,Norway,72221910,Stainless steel bars sections and wire,1.433,41220,1,True
Poland,Poland,72249002,Alloy steel ingots and semi-finished,1.4300000000000002,6980,2,False
Netherlands,BL,72163190,Angles shapes and sections,1.43,1956,1,True
South Korea,Poland,72202041,Stainless steel flat products under 600mm,1.43,2555,1,True
Spain,France,72261100,Other alloy flat products under 600mm,1.428,13,1,True
United Kingdom,Norway,72286080,Other alloy bars rods and sections,1.427,52286,4,True
France,Belgium,72201200,Stainless steel flat products under 600mm,1.426,1720,1,True
United Kingdom,Ireland,72173049,Wire,1.425,488,1,True
Mexico,Norway,72189920,Stainless steel ingots and semi-finished,1.425,3381,1,True
Mexico,United States,72112900,Flat products under 600mm,1.4249999999999998,22823,2,True
Slovenia,Germany,72223091,Stainless steel bars sections and wire,1.423,8340,3,True
Czechia,France,72085400,Hot-rolled flat products,1.421,1800,1,True
Spain,United States,72283020,Other alloy bars rods and sections,1.421,5188,1,True
Sweden,Netherlands,72230019,Stainless steel wire,1.419,9752,2,True
Netherlands,Netherlands,72179090,Wire,1.415,9807,5,False
Spain,Germany,72223091,Stainless steel bars sections and wire,1.414,7062,1,True
South Korea,Romania,72202049,Stainless steel flat products under 600mm,1.407,1083,1,True
Switzerland,Switzerland,72166190,Angles shapes and sections,1.407,2944,3,False
Poland,Netherlands,72193410,Stainless steel flat products,1.405,4062,1,True
Germany,Spain,72222011,Stainless steel bars sections and wire,1.4,9320,1,True
France,France,72192190,Stainless steel flat products,1.4,29527,1,False
China,Netherlands,72173049,Wire,1.4,151,1,True
Unknown / not supplied,Italy,72254060,Other alloy flat products,1.399,2465,1,True
Taiwan,Austria,72222021,Stainless steel bars sections and wire,1.396,13263,1,True
Taiwan,Germany,72222011,Stainless steel bars sections and wire,1.396,22741,2,True
Germany,France,72221189,Stainless steel bars sections and wire,1.395,20983,4,True
Finland,Germany,72192110,Stainless steel flat products,1.392,4118,1,True
Italy,Germany,72071980,Semi-finished steel,1.39,9325,1,True
Spain,Lithuania,72193210,Stainless steel flat products,1.39,6233,1,True
France,France,72224090,Stainless steel bars sections and wire,1.388,68609,14,False
Malaysia,China,72189980,Stainless steel ingots and semi-finished,1.388,36265,1,True
Netherlands,Spain,72166190,Angles shapes and sections,1.386,5128,1,True
Spain,Germany,72224090,Stainless steel bars sections and wire,1.384,4346,1,True
Slovenia,Spain,72199080,Stainless steel flat products,1.384,12945,1,True
Italy,Italy,72192110,Stainless steel flat products,1.383,20403,6,False
China,Germany,72193210,Stainless steel flat products,1.381,10113,2,True
France,Germany,72149939,Other bars and rods,1.381,1327,1,True
Australia,Australia,72269199,Other alloy flat products under 600mm,1.38,4738,3,False
China,Netherlands,72166110,Angles shapes and sections,1.38,2882,1,True
China,Hong Kong,72171039,Wire,1.378,8278,4,True
France,France,72193590,Stainless steel flat products,1.378,2374,1,False
Poland,Germany,72283089,Other alloy bars rods and sections,1.377,4202,1,True
Slovenia,United States,72192190,Stainless steel flat products,1.377,17493,3,True
China,United States,72221189,Stainless steel bars sections and wire,1.375,13225,1,True
Finland,Italy,72192300,Stainless steel flat products,1.374,5187,1,True
Netherlands,Netherlands,72051000,Granules and powders,1.3730000000000002,19142,5,False
France,Germany,72221189,Stainless steel bars sections and wire,1.373,5869,3,True
Japan,Saudi Arabia,72072080,Semi-finished steel,1.373,6995,1,True
United States,India,72222039,Stainless steel bars sections and wire,1.373,35039,1,True
Belgium,Belgium,72125090,Coated flat products under 600mm,1.37,25273,3,False
Italy,Belgium,72221111,Stainless steel bars sections and wire,1.37,5658,1,True
United States,Norway,72221990,Stainless steel bars sections and wire,1.3699999999999999,36884,6,True
China,Netherlands,72085310,Hot-rolled flat products,1.369,10046,6,True
Unknown / not supplied,Germany,72285020,Other alloy bars rods and sections,1.368,249,1,True
Taiwan,Germany,72285020,Other alloy bars rods and sections,1.366,4198,2,True
Belgium,Ireland,72192300,Stainless steel flat products,1.366,3229,1,True
United Kingdom,Germany,72221111,Stainless steel bars sections and wire,1.366,4829,1,True
Germany,United States,72221111,Stainless steel bars sections and wire,1.365,10618,3,True
China,Czechia,72281090,Other alloy bars rods and sections,1.363,20802,4,True
Germany,Germany,72209020,Stainless steel flat products under 600mm,1.363,313256,28,False
Spain,United States,72285069,Other alloy bars rods and sections,1.362,16490,8,True
Spain,Spain,72281020,Other alloy bars rods and sections,1.3599999999999999,4825,2,False
Thailand,Netherlands,72122000,Coated flat products under 600mm,1.359,16406,6,True
Australia,Australia,72072011,Semi-finished steel,1.355,493,1,False
United Kingdom,France,72193310,Stainless steel flat products,1.35,5835,1,True
Belgium,Germany,72192400,Stainless steel flat products,1.35,5050,2,True
United Kingdom,France,72025000,Ferro-alloys,1.35,2146,1,True
United Kingdom,Netherlands,72069000,Ingots and primary forms,1.35,45,1,True
Spain,Spain,72082500,Hot-rolled flat products,1.346,16558,1,False
France,Czechia,72042190,Ferrous waste and scrap,1.346,69,1,True
Poland,Germany,72281090,Other alloy bars rods and sections,1.345,3593,1,True
Japan,United States,72193510,Stainless steel flat products,1.345,9606,2,True
Spain,Denmark,72192210,Stainless steel flat products,1.342,4024,1,True
Finland,Finland,72142000,Other bars and rods,1.34,50,1,False
Lithuania,Lithuania,72101220,Coated or plated flat products,1.34,2660,1,False
Austria,France,72285061,Other alloy bars rods and sections,1.339,13041,1,True
Turkey,Germany,72072080,Semi-finished steel,1.339,3306,1,True
Portugal,Ireland,72222081,Stainless steel bars sections and wire,1.336,21940,8,True
Portugal,Portugal,72149190,Other bars and rods,1.334,2239,1,False
Portugal,Portugal,72169900,Angles shapes and sections,1.333,662,1,False
Poland,Netherlands,72287090,Other alloy bars rods and sections,1.333,2686,2,True
Germany,Denmark,72221181,Stainless steel bars sections and wire,1.332,14714,5,True
Germany,Germany,72262000,Other alloy flat products under 600mm,1.3319999999999999,17624,4,False
Denmark,Netherlands,72111400,Flat products under 600mm,1.329,3159,2,True
Italy,Spain,72112900,Flat products under 600mm,1.329,2236,1,True
United States,United States,72230011,Stainless steel wire,1.3259999999999998,28777,7,False
Italy,Netherlands,72071111,Semi-finished steel,1.324,41,1,True
France,United Arab Emirates,72283061,Other alloy bars rods and sections,1.32,3305,2,True
Sweden,Italy,72191100,Stainless steel flat products,1.3199999999999998,7174,2,True
France,Italy,72222089,Stainless steel bars sections and wire,1.319,3872,2,True
Belgium,Belgium,72189110,Stainless steel ingots and semi-finished,1.316,13344,6,False
Romania,Netherlands,72085120,Hot-rolled flat products,1.315,7150,1,True
Lithuania,Lithuania,72125090,Coated flat products under 600mm,1.315,6297,1,False
India,Italy,72269200,Other alloy flat products under 600mm,1.314,2170,1,True
Germany,Switzerland,72283069,Other alloy bars rods and sections,1.314,5501,1,True
Austria,Austria,72269199,Other alloy flat products under 600mm,1.314,16601,1,False
Turkey,Germany,72169180,Angles shapes and sections,1.314,5499,2,True
Italy,Sweden,72221181,Stainless steel bars sections and wire,1.31,23052,8,True
South Korea,Spain,72172090,Wire,1.31,3284,2,True
Belgium,Ireland,72042190,Ferrous waste and scrap,1.308,2504,1,True
Belgium,Austria,72249002,Alloy steel ingots and semi-finished,1.307,1920,1,True
China,Germany,72192290,Stainless steel flat products,1.306,6139,2,True
Italy,Italy,72192290,Stainless steel flat products,1.3050000000000002,2679,2,False
India,Belgium,72222021,Stainless steel bars sections and wire,1.305,11128,2,True
Spain,Switzerland,72221189,Stainless steel bars sections and wire,1.305,5423,1,True
Spain,Czechia,72285020,Other alloy bars rods and sections,1.304,2673,1,True
Germany,Spain,72166900,Angles shapes and sections,1.303,3376,1,True
Germany,Ireland,72193310,Stainless steel flat products,1.302,3447,1,True
Belgium,Belgium,72051000,Granules and powders,1.3,19362,1,False
Sweden,Norway,72283089,Other alloy bars rods and sections,1.3,12949,1,True
United States,United States,72044110,Ferrous waste and scrap,1.3,1315,1,False
Norway,Norway,72031000,Direct reduced iron,1.3,14546,1,False
France,Italy,72283061,Other alloy bars rods and sections,1.299,4651,2,True
Spain,Netherlands,72069000,Ingots and primary forms,1.298,3046,2,True
Finland,Lithuania,72193310,Stainless steel flat products,1.296,3980,1,True
Japan,Sweden,72193410,Stainless steel flat products,1.294,4678,1,True
Switzerland,Switzerland,72230091,Stainless steel wire,1.294,21955,2,False
United States,United States,72143000,Other bars and rods,1.292,5841,2,False
Taiwan,Sweden,72230019,Stainless steel wire,1.291,10679,1,True
Belgium,Slovakia,72269970,Other alloy flat products under 600mm,1.29,3075,1,True
Germany,France,72122000,Coated flat products under 600mm,1.289,2842,1,True
United Kingdom,Slovakia,72125040,Coated flat products under 600mm,1.288,16626,2,True
Germany,Netherlands,72224010,Stainless steel bars sections and wire,1.288,17600,1,True
United Kingdom,United States,72189980,Stainless steel ingots and semi-finished,1.2850000000000001,80348,2,True
Belgium,Belgium,72224010,Stainless steel bars sections and wire,1.2850000000000001,14025,2,False
United Kingdom,Singapore,72287090,Other alloy bars rods and sections,1.281,12872,1,True
Finland,Spain,72202049,Stainless steel flat products under 600mm,1.28,902,1,True
Italy,Italy,72199080,Stainless steel flat products,1.28,80373,9,False
Germany,Poland,72072080,Semi-finished steel,1.276,5087,2,True
Germany,Spain,72221181,Stainless steel bars sections and wire,1.274,5359,1,True
Finland,Germany,72052100,Granules and powders,1.2730000000000001,51228,12,True
United Kingdom,Norway,72230099,Stainless steel wire,1.273,3926,1,True
Canada,Canada,72221181,Stainless steel bars sections and wire,1.272,33705,1,False
Unknown / not supplied,Ireland,72072059,Semi-finished steel,1.269,6430,22,True
Germany,Singapore,72223051,Stainless steel bars sections and wire,1.267,5541,1,True
Germany,France,72192110,Stainless steel flat products,1.261,26253,1,True
Italy,CY,72172030,Wire,1.26,2077,1,True
Italy,Belgium,72283061,Other alloy bars rods and sections,1.259,3972,1,True
Italy,France,72230011,Stainless steel wire,1.258,4969,1,True
Norway,Norway,72259900,Other alloy flat products,1.2570000000000001,12987,4,False
Sweden,Germany,72193410,Stainless steel flat products,1.257,7967,3,True
Romania,Romania,72202049,Stainless steel flat products under 600mm,1.256,4918,1,False
Italy,Ireland,72224090,Stainless steel bars sections and wire,1.255,3437,1,True
United Kingdom,France,72284090,Other alloy bars rods and sections,1.2510000000000001,11488,3,True
Finland,Spain,72254040,Other alloy flat products,1.251,1304,1,True
France,France,72072017,Semi-finished steel,1.25,2782,1,False
Brazil,Germany,72028000,Ferro-alloys,1.25,103836,4,True
China,Sweden,72024910,Ferro-alloys,1.25,11408,2,True
Germany,Spain,72249002,Alloy steel ingots and semi-finished,1.25,15904,1,True
United Kingdom,Netherlands,72139170,Hot-rolled bars and rods,1.25,1635,1,True
Slovenia,Slovenia,72284010,Other alloy bars rods and sections,1.25,4200,1,False
Unknown / not supplied,Ireland,72193490,Stainless steel flat products,1.25,2834,2,True
Spain,Germany,72223097,Stainless steel bars sections and wire,1.25,47725,1,True
China,Germany,72169900,Angles shapes and sections,1.249,5393,3,True
Switzerland,Germany,72224050,Stainless steel bars sections and wire,1.248,13113,5,True
Spain,Germany,72222029,Stainless steel bars sections and wire,1.248,5802,5,True
Germany,Netherlands,72283070,Other alloy bars rods and sections,1.247,2386,1,True
Ukraine,Germany,72221119,Stainless steel bars sections and wire,1.244,4712,1,True
Netherlands,Czechia,72042900,Ferrous waste and scrap,1.244,2003,1,True
Italy,Germany,72193590,Stainless steel flat products,1.241,21105,8,True
Austria,France,72283061,Other alloy bars rods and sections,1.241,13102,1,True
United Arab Emirates,United Arab Emirates,72072011,Semi-finished steel,1.24,6980,1,False
United Kingdom,Italy,72224050,Stainless steel bars sections and wire,1.24,15500,1,True
Belgium,France,72163219,Angles shapes and sections,1.24,3210,1,True
Denmark,Denmark,72199020,Stainless steel flat products,1.238,6543,1,False
Norway,Norway,72223051,Stainless steel bars sections and wire,1.237,92284,3,False
Switzerland,Italy,72149979,Other bars and rods,1.236,1023,1,True
Austria,Spain,72254040,Other alloy flat products,1.236,1288,1,True
Switzerland,Germany,72224090,Stainless steel bars sections and wire,1.235,6718,1,True
France,Italy,72285061,Other alloy bars rods and sections,1.235,1891,1,True
France,United States,72283061,Other alloy bars rods and sections,1.23,5166,1,True
Austria,France,72259900,Other alloy flat products,1.23,49440,5,True
India,Bulgaria,72222029,Stainless steel bars sections and wire,1.226,5541,1,True
Germany,Germany,72249005,Alloy steel ingots and semi-finished,1.226,13914,2,False
Sweden,Germany,72192290,Stainless steel flat products,1.224,3724,2,True
United Kingdom,United States,72111900,Flat products under 600mm,1.223,11373,1,True
Switzerland,Germany,72221910,Stainless steel bars sections and wire,1.2229999999999999,6561,3,True
Netherlands,Germany,72149950,Other bars and rods,1.222,1020,1,True
United States,United States,72111300,Flat products under 600mm,1.22,11291,4,False
Germany,Belgium,72222011,Stainless steel bars sections and wire,1.22,5702,1,True
Poland,Poland,72259900,Other alloy flat products,1.22,10758,1,False
Denmark,Germany,72199020,Stainless steel flat products,1.219,38923,9,True
Austria,Netherlands,72165099,Angles shapes and sections,1.218,2814,1,True
Italy,Czechia,72166900,Angles shapes and sections,1.216,3685,2,True
United States,United States,72061000,Ingots and primary forms,1.216,48272,7,False
Belgium,Slovakia,72299090,Alloy steel wire,1.216,5092,2,True
Slovenia,Netherlands,72192300,Stainless steel flat products,1.215,4969,1,True
China,Netherlands,72283020,Other alloy bars rods and sections,1.2149999999999999,3532,2,True
Belgium,Norway,72193310,Stainless steel flat products,1.212,5894,2,True
Portugal,Portugal,72163110,Angles shapes and sections,1.212,1453,1,False
Unknown / not supplied,Germany,72285069,Other alloy bars rods and sections,1.211,2384,1,True
Spain,Netherlands,72149939,Other bars and rods,1.21,4695,1,True
Italy,Austria,72222031,Stainless steel bars sections and wire,1.209,7314,2,True
Italy,Poland,72210010,Stainless steel bars and rods,1.208,5868,1,True
Philippines,Philippines,72223097,Stainless steel bars sections and wire,1.206,12695,3,False
South Korea,Czechia,72259200,Other alloy flat products,1.206,1924,1,True
Italy,Norway,72222011,Stainless steel bars sections and wire,1.205,10362,1,True
Italy,Denmark,72221910,Stainless steel bars sections and wire,1.202,3293,1,True
Italy,Romania,72222031,Stainless steel bars sections and wire,1.202,8971,3,True
Spain,Spain,72169900,Angles shapes and sections,1.202,18835,7,False
United Kingdom,Denmark,72209020,Stainless steel flat products under 600mm,1.201,10958,1,True
Japan,Slovakia,72299090,Alloy steel wire,1.2,3988,1,True
Mexico,Mexico,72189980,Stainless steel ingots and semi-finished,1.197,59118,5,False
Ireland,Ireland,72107010,Coated or plated flat products,1.197,1194,1,False
Italy,United States,72222029,Stainless steel bars sections and wire,1.196,14943,3,True
France,Germany,72269191,Other alloy flat products under 600mm,1.194,12716,1,True
Germany,Netherlands,72192210,Stainless steel flat products,1.193,25420,2,True
Belgium,Romania,72193510,Stainless steel flat products,1.193,3695,1,True
China,Hong Kong,72022100,Ferro-alloys,1.191,46819,1,True
Portugal,Portugal,72287090,Other alloy bars rods and sections,1.1909999999999998,4430,2,False
South Korea,Poland,72199080,Stainless steel flat products,1.19,986,1,True
Spain,Netherlands,72163299,Angles shapes and sections,1.19,2431,2,True
Belgium,Germany,72192290,Stainless steel flat products,1.189,19566,1,True
Slovakia,Netherlands,72085390,Hot-rolled flat products,1.1880000000000002,2672,2,True
Slovenia,Italy,72286080,Other alloy bars rods and sections,1.186,2240,1,True
Brazil,France,72222031,Stainless steel bars sections and wire,1.184,20592,2,True
Slovenia,Germany,72221910,Stainless steel bars sections and wire,1.184,12823,3,True
Luxembourg,Luxembourg,72202081,Stainless steel flat products under 600mm,1.181,2530,1,False
Austria,Netherlands,72085400,Hot-rolled flat products,1.181,4365,2,True
Italy,Germany,72224050,Stainless steel bars sections and wire,1.1800000000000002,7611,3,True
Sweden,Belgium,72124080,Coated flat products under 600mm,1.18,1594,1,True
United Kingdom,Ireland,72286080,Other alloy bars rods and sections,1.18,100,1,True
Italy,Ireland,72222031,Stainless steel bars sections and wire,1.18,6049,2,True
United Kingdom,Ireland,72149939,Other bars and rods,1.178,733,1,True
Slovenia,United States,72201100,Stainless steel flat products under 600mm,1.177,26050,6,True
Spain,Spain,72072011,Semi-finished steel,1.1760000000000002,46510,3,False
Belgium,Poland,72283061,Other alloy bars rods and sections,1.176,2237,1,True
Czechia,Italy,72261100,Other alloy flat products under 600mm,1.176,4930,1,True
Italy,Netherlands,72221910,Stainless steel bars sections and wire,1.176,3800,2,True
India,Poland,72202049,Stainless steel flat products under 600mm,1.176,890,1,True
Germany,Switzerland,72125090,Coated flat products under 600mm,1.175,2265,1,True
Brazil,Germany,72249002,Alloy steel ingots and semi-finished,1.174,3823,1,True
Italy,France,72221181,Stainless steel bars sections and wire,1.173,18570,10,True
United States,Sweden,72286080,Other alloy bars rods and sections,1.173,12010,2,True
Germany,Romania,72202081,Stainless steel flat products under 600mm,1.167,4021,1,True
Unknown / not supplied,Belgium,72199020,Stainless steel flat products,1.166,23390,9,True
Netherlands,Czechia,72210010,Stainless steel bars and rods,1.166,6060,1,True
Poland,Austria,72287010,Other alloy bars rods and sections,1.165,5594,1,True
United States,Austria,72286080,Other alloy bars rods and sections,1.165,5808,1,True
United States,United States,72269970,Other alloy flat products under 600mm,1.1640000000000001,74052,11,False
Austria,Netherlands,72111400,Flat products under 600mm,1.164,3490,1,True
Austria,Austria,72124080,Coated flat products under 600mm,1.164,16675,8,False
China,Netherlands,72189180,Stainless steel ingots and semi-finished,1.1600000000000001,11521,2,True
United States,Belgium,72285040,Other alloy bars rods and sections,1.1600000000000001,23764,1,True
Spain,Poland,72193410,Stainless steel flat products,1.16,3440,1,True
Belgium,Germany,72221910,Stainless steel bars sections and wire,1.16,5997,3,True
Spain,Ireland,72199080,Stainless steel flat products,1.159,2494,1,True
China,China,72071290,Semi-finished steel,1.158,27010,3,False
Ireland,Ireland,72299090,Alloy steel wire,1.158,8907,2,False
Finland,Switzerland,72192110,Stainless steel flat products,1.152,4557,1,True
United Kingdom,Italy,72292000,Alloy steel wire,1.152,2414,1,True
Denmark,Netherlands,72085291,Hot-rolled flat products,1.152,1227,1,True
Latvia,Sweden,72223097,Stainless steel bars sections and wire,1.15,1678,1,True
Spain,Spain,72201200,Stainless steel flat products under 600mm,1.15,1725,1,False
Japan,United States,72269120,Other alloy flat products under 600mm,1.146,12026,5,True
Austria,Austria,72163110,Angles shapes and sections,1.144,8132,3,False
Netherlands,Netherlands,72202021,Stainless steel flat products under 600mm,1.144,2851,1,False
Finland,Finland,72122000,Coated flat products under 600mm,1.142,1632,1,False
China,France,72224090,Stainless steel bars sections and wire,1.1400000000000001,4857,3,True
Poland,Norway,72192210,Stainless steel flat products,1.14,20362,1,True
Netherlands,Netherlands,72222039,Stainless steel bars sections and wire,1.14,7977,1,False
Brazil,Switzerland,72230099,Stainless steel wire,1.139,5319,2,True
Spain,Poland,72191100,Stainless steel flat products,1.139,12312,1,True
Sweden,Sweden,72163110,Angles shapes and sections,1.139,1352,1,False
Japan,Japan,72042190,Ferrous waste and scrap,1.136,170,1,False
Romania,Romania,72106900,Coated or plated flat products,1.132,4868,2,False
Finland,Ireland,72085299,Hot-rolled flat products,1.132,3311,1,True
Germany,Spain,72085299,Hot-rolled flat products,1.13,1325,1,True
Slovenia,Germany,72283061,Other alloy bars rods and sections,1.129,2636,1,True
Unknown / not supplied,Germany,72121010,Coated flat products under 600mm,1.129,6068,2,True
Czechia,Netherlands,72163211,Angles shapes and sections,1.125,1185,1,True
Poland,Poland,72209080,Stainless steel flat products under 600mm,1.125,111876,6,False
Pakistan,Pakistan,72281020,Other alloy bars rods and sections,1.125,1303,1,False
Poland,Netherlands,72285020,Other alloy bars rods and sections,1.123,11537,1,True
Turkey,Netherlands,72287010,Other alloy bars rods and sections,1.122,1104,1,True
Romania,Germany,72222029,Stainless steel bars sections and wire,1.1219999999999999,6544,2,True
Canada,Canada,72209080,Stainless steel flat products under 600mm,1.117,10693,2,False
Indonesia,Canada,72209080,Stainless steel flat products under 600mm,1.117,4553,1,True
Finland,Romania,72193510,Stainless steel flat products,1.117,3460,1,True
Sweden,Germany,72202021,Stainless steel flat products under 600mm,1.117,8243,1,True
Spain,Poland,72192210,Stainless steel flat products,1.116,2781,1,True
United Kingdom,Germany,72202041,Stainless steel flat products under 600mm,1.115,21151,1,True
Netherlands,Germany,72092690,Cold-rolled flat products,1.113,2660,1,True
Iceland,Iceland,72042190,Ferrous waste and scrap,1.113,779,1,False
Spain,Spain,72189180,Stainless steel ingots and semi-finished,1.112,13323,8,False
Germany,Denmark,72169900,Angles shapes and sections,1.109,34468,2,True
Belgium,Germany,72202089,Stainless steel flat products under 600mm,1.105,4014,1,True
Finland,Finland,72099080,Cold-rolled flat products,1.105,31418,1,False
Japan,Japan,72052900,Granules and powders,1.105,22211,3,False
Germany,Belgium,72201100,Stainless steel flat products under 600mm,1.105,27003,2,True
Japan,Thailand,72171090,Wire,1.105,7332,1,True
Germany,Slovenia,72051000,Granules and powders,1.103,2486,2,True
Sweden,Belgium,72283069,Other alloy bars rods and sections,1.101,6673,2,True
Spain,Spain,72043000,Ferrous waste and scrap,1.1,485,1,False
LB,LB,72230099,Stainless steel wire,1.1,1115,1,False
India,Indonesia,72224010,Stainless steel bars sections and wire,1.097,3546,1,True
Germany,Slovakia,72166110,Angles shapes and sections,1.095,4818,1,True
Italy,Spain,72119080,Flat products under 600mm,1.0939999999999999,5219,2,True
Italy,France,72149931,Other bars and rods,1.091,1178,1,True
France,Germany,72111400,Flat products under 600mm,1.091,2912,2,True
South Africa,Ireland,72192300,Stainless steel flat products,1.09,1450,1,True
United Kingdom,Singapore,72221111,Stainless steel bars sections and wire,1.09,13597,1,True
China,Hong Kong,72222031,Stainless steel bars sections and wire,1.09,5677,1,True
Italy,France,72222039,Stainless steel bars sections and wire,1.0899999999999999,9981,3,True
Netherlands,Germany,72149939,Other bars and rods,1.089,1806,2,True
Denmark,Denmark,72224090,Stainless steel bars sections and wire,1.087,26077,7,False
Indonesia,Indonesia,72202089,Stainless steel flat products under 600mm,1.087,4905,1,False
Brazil,Brazil,72221181,Stainless steel bars sections and wire,1.086,26773,1,False
Bosnia and Herzegovina,Belgium,72193310,Stainless steel flat products,1.086,3861,1,True
Spain,France,72269910,Other alloy flat products under 600mm,1.085,79,1,True
Spain,Germany,72122000,Coated flat products under 600mm,1.085,2004,1,True
Italy,Spain,72199080,Stainless steel flat products,1.084,2538,1,True
Czechia,Denmark,72224090,Stainless steel bars sections and wire,1.083,25881,9,True
Spain,Spain,72061000,Ingots and primary forms,1.08,1721,1,False
Germany,Ireland,72283069,Other alloy bars rods and sections,1.08,36399,12,True
Slovakia,Romania,72106900,Coated or plated flat products,1.08,2455,1,True
Italy,France,72193410,Stainless steel flat products,1.078,5561,1,True
Netherlands,Sweden,72166190,Angles shapes and sections,1.078,13286,3,True
United States,United States,72025000,Ferro-alloys,1.077,10904,2,False
Thailand,Poland,72193390,Stainless steel flat products,1.076,3263,1,True
France,France,72085400,Hot-rolled flat products,1.075,2601,2,False
China,United States,72141000,Other bars and rods,1.072,9715,3,True
Germany,United States,72284090,Other alloy bars rods and sections,1.069,5026,1,True
Singapore,Malaysia,72193510,Stainless steel flat products,1.068,10181,1,True
Germany,Switzerland,72169900,Angles shapes and sections,1.068,71847,11,True
United Arab Emirates,United Arab Emirates,72230019,Stainless steel wire,1.067,3388,1,False
France,Italy,72210010,Stainless steel bars and rods,1.066,3324,1,True
Sweden,Belgium,72283089,Other alloy bars rods and sections,1.066,6015,1,True
Spain,Turkey,72193390,Stainless steel flat products,1.064,4550,1,True
Lithuania,Lithuania,72193410,Stainless steel flat products,1.064,5298,1,False
France,Italy,72202081,Stainless steel flat products under 600mm,1.0630000000000002,7218,2,True
Poland,Germany,72111300,Flat products under 600mm,1.062,950,1,True
Finland,Germany,72085390,Hot-rolled flat products,1.06,1337,1,True
Germany,Italy,72222011,Stainless steel bars sections and wire,1.06,11936,1,True
United Kingdom,France,72224090,Stainless steel bars sections and wire,1.0599999999999998,97246,5,True
Ireland,Ireland,72222039,Stainless steel bars sections and wire,1.058,5169,1,False
Czechia,Czechia,72209080,Stainless steel flat products under 600mm,1.058,1100,1,False
United States,United States,72091790,Cold-rolled flat products,1.0559999999999998,25608,3,False
Czechia,France,72230019,Stainless steel wire,1.053,8387,4,True
Switzerland,Netherlands,72163110,Angles shapes and sections,1.053,1033,1,True
Turkey,Poland,72192210,Stainless steel flat products,1.052,4311,1,True
Italy,Austria,72222029,Stainless steel bars sections and wire,1.052,2725,1,True
Slovenia,Finland,72201100,Stainless steel flat products under 600mm,1.05,4192,1,True
Slovenia,France,72285069,Other alloy bars rods and sections,1.05,4411,1,True
Poland,Poland,72112320,Flat products under 600mm,1.05,12316,2,False
Japan,Switzerland,72230099,Stainless steel wire,1.049,10595,4,True
Germany,Switzerland,72193210,Stainless steel flat products,1.044,3250,1,True
Sierra Leone,Netherlands,72192110,Stainless steel flat products,1.044,2973,1,True
India,Turkey,72193310,Stainless steel flat products,1.042,2798,1,True
China,Netherlands,72155019,Other bars and rods,1.041,4005,2,True
China,China,72132000,Hot-rolled bars and rods,1.04,59685,12,False
China,United Arab Emirates,72181000,Stainless steel ingots and semi-finished,1.04,1651,1,True
Bulgaria,Belgium,72155019,Other bars and rods,1.0390000000000001,1403,1,True
Ukraine,United States,72221111,Stainless steel bars sections and wire,1.038,9844,2,True
Belgium,Denmark,72193310,Stainless steel flat products,1.037,3492,1,True
Finland,Turkey,72193410,Stainless steel flat products,1.037,3807,1,True
Austria,Germany,72155080,Other bars and rods,1.036,2890,1,True
United Kingdom,Italy,72222081,Stainless steel bars sections and wire,1.036,4630,1,True
China,Canada,72193590,Stainless steel flat products,1.0350000000000001,10706,2,True
United Kingdom,United States,72283061,Other alloy bars rods and sections,1.033,1955,1,True
Slovenia,Italy,72201100,Stainless steel flat products under 600mm,1.033,5902,4,True
Taiwan,Taiwan,72287090,Other alloy bars rods and sections,1.032,4630,2,False
China,Lithuania,72193410,Stainless steel flat products,1.032,3482,1,True
United Kingdom,Netherlands,72072052,Semi-finished steel,1.028,2118,1,True
Norway,Norway,72121090,Coated flat products under 600mm,1.028,8995,1,False
United States,United States,72102000,Coated or plated flat products,1.027,17310,2,False
Netherlands,France,72169900,Angles shapes and sections,1.027,1054,1,True
Sweden,Belgium,72052900,Granules and powders,1.025,2472,1,True
South Korea,Poland,72104900,Coated or plated flat products,1.025,5575,1,True
Italy,Germany,72223091,Stainless steel bars sections and wire,1.025,4829,1,True
Italy,Netherlands,72171090,Wire,1.0230000000000001,2149,2,True
Belgium,Belgium,72209020,Stainless steel flat products under 600mm,1.023,11283,1,False
Hungary,Norway,72221910,Stainless steel bars sections and wire,1.02,248963,2,True
Georgia,Belgium,72202041,Stainless steel flat products under 600mm,1.02,2277,1,True
Finland,Italy,72222089,Stainless steel bars sections and wire,1.02,7501,1,True
Italy,Norway,72223051,Stainless steel bars sections and wire,1.0190000000000001,11403,2,True
Czechia,Germany,72285020,Other alloy bars rods and sections,1.018,8017,2,True
Spain,Spain,72223097,Stainless steel bars sections and wire,1.017,58854,3,False
France,Netherlands,72202081,Stainless steel flat products under 600mm,1.015,1653,1,True
Italy,Italy,72221189,Stainless steel bars sections and wire,1.014,17721,5,False
India,India,72041000,Ferrous waste and scrap,1.013,7953,1,False
Italy,United States,72249090,Alloy steel ingots and semi-finished,1.013,1111,1,True
Netherlands,Netherlands,72230099,Stainless steel wire,1.012,1648,2,False
Denmark,Denmark,72166900,Angles shapes and sections,1.0110000000000001,11121,4,False
India,Spain,72230011,Stainless steel wire,1.011,3893,1,True
Germany,Denmark,72193410,Stainless steel flat products,1.011,10199,3,True
Italy,United States,72221111,Stainless steel bars sections and wire,1.01,9970,4,True
China,Spain,72192300,Stainless steel flat products,1.009,2122,1,True
United States,Germany,72285069,Other alloy bars rods and sections,1.009,51423,1,True
Unknown / not supplied,Ireland,72121010,Coated flat products under 600mm,1.008,4289,5,True
United States,Germany,72281020,Other alloy bars rods and sections,1.0070000000000001,64417,3,True
Norway,Norway,72181000,Stainless steel ingots and semi-finished,1.007,28624,3,False
United Kingdom,Italy,72283069,Other alloy bars rods and sections,1.005,8719,1,True
France,Netherlands,72299090,Alloy steel wire,1.005,10629,1,True
Austria,Sweden,72224050,Stainless steel bars sections and wire,1.004,5090,1,True
South Korea,Italy,72171090,Wire,1.004,1492,1,True
Belgium,Germany,72085390,Hot-rolled flat products,1.004,2762,2,True
Austria,Germany,72285061,Other alloy bars rods and sections,1.0030000000000001,5606,3,True
United Kingdom,Czechia,72189980,Stainless steel ingots and semi-finished,1.002,6054,1,True
Austria,Austria,72029200,Ferro-alloys,1.0,17516,1,False
Ukraine,Poland,72051000,Granules and powders,1.0,1322,1,True
Italy,Germany,72052900,Granules and powders,1.0,2084,1,True
United Kingdom,United States,72106900,Coated or plated flat products,1.0,364,1,True
United Kingdom,United States,72029100,Ferro-alloys,1.0,9177,1,True
Czechia,Austria,72089080,Hot-rolled flat products,1.0,10061,1,True
China,Netherlands,72223097,Stainless steel bars sections and wire,1.0,6135,1,True
Kazakhstan,France,72024910,Ferro-alloys,1.0,2766,1,True
Canada,Belgium,72052900,Granules and powders,1.0,1809,1,True
Czechia,Germany,72052900,Granules and powders,1.0,1241,1,True
United Kingdom,France,72163390,Angles shapes and sections,1.0,500,1,True
United Kingdom,Ireland,72172030,Wire,1.0,1579,1,True
Netherlands,Netherlands,72230091,Stainless steel wire,1.0,3706,1,False
Hong Kong,China,72172090,Wire,1.0,890,1,True
India,Denmark,72259100,Other alloy flat products,1.0,3206,1,True
United Kingdom,Ireland,72163299,Angles shapes and sections,1.0,1541,1,True
India,Spain,72024190,Ferro-alloys,1.0,1845,1,True
Malaysia,Lithuania,72193410,Stainless steel flat products,1.0,3081,1,True
Italy,Netherlands,72292000,Alloy steel wire,1.0,9806,1,True
Malaysia,France,72021180,Ferro-alloys,1.0,1213,1,True
Austria,France,72027000,Ferro-alloys,1.0,39630,1,True
Finland,Belgium,72202029,Stainless steel flat products under 600mm,1.0,1255,1,True
India,India,72024990,Ferro-alloys,1.0,2722,1,False
Belgium,Poland,72029200,Ferro-alloys,1.0,18417,1,True
Slovakia,France,72179020,Wire,1.0,1524,1,True
Austria,Sweden,72029200,Ferro-alloys,1.0,18652,1,True
South Africa,Sweden,72029200,Ferro-alloys,1.0,20200,1,True
Austria,Sweden,72027000,Ferro-alloys,1.0,70242,1,True
Portugal,France,72230019,Stainless steel wire,1.0,5765,1,True
Germany,Italy,72051000,Granules and powders,1.0,8322,1,True
China,Italy,72029980,Ferro-alloys,1.0,2429,1,True
Netherlands,Belgium,72052100,Granules and powders,1.0,843,1,True
Germany,Germany,72022100,Ferro-alloys,1.0,6509,1,False
China,Ireland,72171050,Wire,1.0,2800,1,True
Turkey,Netherlands,72085120,Hot-rolled flat products,1.0,7317,1,True
South Africa,Germany,72192190,Stainless steel flat products,0.999,24771,8,True
Austria,Austria,72193510,Stainless steel flat products,0.999,7391,1,False
South Korea,Belgium,72202081,Stainless steel flat products under 600mm,0.998,4477,2,True
China,Spain,72193310,Stainless steel flat products,0.998,2535,1,True
Unknown / not supplied,Germany,72099080,Cold-rolled flat products,0.997,28526,24,True
Switzerland,Czechia,72222031,Stainless steel bars sections and wire,0.997,10733,6,True
United Kingdom,United States,72210090,Stainless steel bars and rods,0.997,5196,2,True
Ireland,Ireland,72224050,Stainless steel bars sections and wire,0.997,7330,4,False
China,Italy,72222089,Stainless steel bars sections and wire,0.997,2273,1,True
Slovakia,France,72085400,Hot-rolled flat products,0.996,1484,1,True
Taiwan,Lithuania,72193410,Stainless steel flat products,0.996,3344,1,True
Germany,Netherlands,72284090,Other alloy bars rods and sections,0.996,9411,1,True
France,Germany,72179050,Wire,0.996,3023,2,True
Finland,Finland,72141000,Other bars and rods,0.995,1471,1,False
Italy,United States,72222081,Stainless steel bars sections and wire,0.994,8991,2,True
Turkey,Netherlands,72169180,Angles shapes and sections,0.994,1951,1,True
United Kingdom,Czechia,72072052,Semi-finished steel,0.993,1762,1,True
Austria,Austria,72165099,Angles shapes and sections,0.992,13788,2,False
Finland,Sweden,72124020,Coated flat products under 600mm,0.991,1525,1,True
France,Germany,72286020,Other alloy bars rods and sections,0.99,43725,6,True
Czechia,Germany,72149979,Other bars and rods,0.99,1431,1,True
Poland,Poland,72281050,Other alloy bars rods and sections,0.989,5613,1,False
Spain,Poland,72283061,Other alloy bars rods and sections,0.987,3515,1,True
France,Norway,72221111,Stainless steel bars sections and wire,0.987,12636,1,True
France,United States,72269191,Other alloy flat products under 600mm,0.987,51206,1,True
Germany,Italy,72222031,Stainless steel bars sections and wire,0.986,5356,1,True
Belgium,Netherlands,72092790,Cold-rolled flat products,0.985,1747,1,True
AD,Czechia,72159000,Other bars and rods,0.982,6208,1,True
Romania,Romania,72071111,Semi-finished steel,0.98,47857,1,False
India,Germany,72193310,Stainless steel flat products,0.98,4294,2,True
Italy,Bulgaria,72222019,Stainless steel bars sections and wire,0.979,5089,1,True
Spain,Sweden,72193390,Stainless steel flat products,0.977,2083,1,True
Austria,United States,72221111,Stainless steel bars sections and wire,0.977,15146,1,True
Slovenia,Germany,72221119,Stainless steel bars sections and wire,0.977,5562,4,True
Finland,France,72221111,Stainless steel bars sections and wire,0.977,3971,1,True
India,Germany,72192300,Stainless steel flat products,0.976,4929,2,True
France,Belgium,72221910,Stainless steel bars sections and wire,0.976,2177,1,True
Austria,Germany,72112900,Flat products under 600mm,0.976,3511,1,True
Italy,Italy,72091690,Cold-rolled flat products,0.976,7730,4,False
United Kingdom,Ireland,72051000,Granules and powders,0.975,2700,1,True
South Korea,South Korea,72230091,Stainless steel wire,0.974,12485,3,False
Taiwan,Switzerland,72221181,Stainless steel bars sections and wire,0.972,11399,1,True
Poland,Poland,72162100,Angles shapes and sections,0.972,9697,2,False
India,China,72299090,Alloy steel wire,0.971,2602,1,True
Sweden,Czechia,72259100,Other alloy flat products,0.97,31192,1,True
Poland,Poland,72249003,Alloy steel ingots and semi-finished,0.97,1318,1,False
Germany,Ireland,72142000,Other bars and rods,0.97,2763,1,True
Italy,Spain,72171050,Wire,0.969,3235,1,True
India,Spain,72230019,Stainless steel wire,0.968,3175,1,True
Luxembourg,Luxembourg,72209080,Stainless steel flat products under 600mm,0.968,11003,3,False
Germany,Netherlands,72179020,Wire,0.967,2062,1,True
Germany,Austria,72222031,Stainless steel bars sections and wire,0.967,11245,1,True
Slovenia,Germany,72222029,Stainless steel bars sections and wire,0.964,5282,1,True
Italy,Romania,72283069,Other alloy bars rods and sections,0.963,9768,1,True
France,Italy,72202041,Stainless steel flat products under 600mm,0.962,4373,2,True
Hong Kong,Hong Kong,72101100,Coated or plated flat products,0.962,20051,1,False
NZ,NZ,72172090,Wire,0.962,2598,1,False
Spain,Germany,72254040,Other alloy flat products,0.96,1309,1,True
India,Italy,72224050,Stainless steel bars sections and wire,0.9570000000000001,8782,2,True
Italy,Italy,72044199,Ferrous waste and scrap,0.957,7997,5,False
China,South Korea,72209080,Stainless steel flat products under 600mm,0.956,5732,1,True
China,Hong Kong,72222021,Stainless steel bars sections and wire,0.955,7585,2,True
Germany,Netherlands,72163299,Angles shapes and sections,0.954,2847,1,True
India,NP,72299090,Alloy steel wire,0.951,1866,1,True
Finland,Poland,72199080,Stainless steel flat products,0.951,32413,1,True
United States,United States,72085120,Hot-rolled flat products,0.95,7664,1,False
United Kingdom,Ireland,72104100,Coated or plated flat products,0.95,9000,1,True
France,Germany,72085400,Hot-rolled flat products,0.95,1980,2,True
Australia,United States,72221181,Stainless steel bars sections and wire,0.948,14072,1,True
Australia,Italy,72284090,Other alloy bars rods and sections,0.948,7676,1,True
France,Germany,72283061,Other alloy bars rods and sections,0.9470000000000001,3987,3,True
China,China,72131000,Hot-rolled bars and rods,0.947,1434,1,False
United Kingdom,Sweden,72230019,Stainless steel wire,0.946,9478,2,True
Finland,France,72283061,Other alloy bars rods and sections,0.945,1933,1,True
Netherlands,Belgium,72125040,Coated flat products under 600mm,0.945,3740,1,True
Italy,Netherlands,72210010,Stainless steel bars and rods,0.944,11092,1,True
Poland,Germany,72085390,Hot-rolled flat products,0.944,1442,1,True
Sweden,Sweden,72202081,Stainless steel flat products under 600mm,0.943,13645,1,False
Canada,Canada,72172030,Wire,0.943,2058,1,False
Turkey,Germany,72202041,Stainless steel flat products under 600mm,0.942,4412,1,True
Germany,France,72221119,Stainless steel bars sections and wire,0.9390000000000001,3533,2,True
South Africa,Ireland,72193210,Stainless steel flat products,0.939,1712,1,True
France,France,72071111,Semi-finished steel,0.9380000000000001,787609,20,False
China,United States,72072052,Semi-finished steel,0.938,14617,1,True
China,Italy,72287090,Other alloy bars rods and sections,0.937,64238,3,True
Czechia,Czechia,72224050,Stainless steel bars sections and wire,0.9359999999999999,8130,2,False
Taiwan,Switzerland,72230019,Stainless steel wire,0.935,8924,4,True
Austria,Germany,72193410,Stainless steel flat products,0.935,11517,1,True
Austria,Switzerland,72230099,Stainless steel wire,0.935,16889,2,True
Romania,Romania,72085198,Hot-rolled flat products,0.934,14654,1,False
United Kingdom,United States,72224090,Stainless steel bars sections and wire,0.934,44426,6,True
Sierra Leone,Sierra Leone,72172010,Wire,0.933,3368,1,False
Czechia,Spain,72149110,Other bars and rods,0.933,1547,1,True
France,France,72141000,Other bars and rods,0.933,1593,1,False
Finland,Poland,72192300,Stainless steel flat products,0.932,2422,1,True
Austria,Germany,72169110,Angles shapes and sections,0.931,10326,4,True
Denmark,Denmark,72192300,Stainless steel flat products,0.931,73796,7,False
Poland,France,72292000,Alloy steel wire,0.928,2027,1,True
Mexico,Mexico,72189920,Stainless steel ingots and semi-finished,0.9279999999999999,31991,2,False
Turkey,France,72124080,Coated flat products under 600mm,0.927,8282,1,True
Taiwan,Germany,72166110,Angles shapes and sections,0.926,1905,1,True
China,Lithuania,72159000,Other bars and rods,0.925,1899,2,True
South Africa,South Africa,72193510,Stainless steel flat products,0.925,1331,1,False
Taiwan,China,72126000,Coated flat products under 600mm,0.925,3659,1,True
Czechia,Netherlands,72283061,Other alloy bars rods and sections,0.921,2358,2,True
Spain,Spain,72071114,Semi-finished steel,0.92,920,1,False
United Kingdom,Germany,72169180,Angles shapes and sections,0.92,1062,1,True
Hong Kong,China,72125030,Coated flat products under 600mm,0.9199999999999999,6511,3,True
Austria,Netherlands,72201100,Stainless steel flat products under 600mm,0.918,2768,1,True
Czechia,Netherlands,72172010,Wire,0.918,1842,1,True
Norway,Norway,72224050,Stainless steel bars sections and wire,0.915,32000,1,False
United Kingdom,Italy,72249090,Alloy steel ingots and semi-finished,0.914,32090,3,True
Taiwan,Italy,72155080,Other bars and rods,0.913,2213,2,True
China,Belgium,72189110,Stainless steel ingots and semi-finished,0.91,3252,1,True
Slovenia,Germany,72284090,Other alloy bars rods and sections,0.91,4893,2,True
Sweden,Denmark,72169900,Angles shapes and sections,0.908,4473,1,True
China,Germany,72169180,Angles shapes and sections,0.905,1040,1,True
Italy,Austria,72222081,Stainless steel bars sections and wire,0.903,3449,1,True
India,Germany,72171090,Wire,0.903,9961,4,True
Norway,Norway,72249090,Alloy steel ingots and semi-finished,0.903,94102,1,False
South Korea,Germany,72202041,Stainless steel flat products under 600mm,0.901,4201,2,True
Germany,Ireland,72254090,Other alloy flat products,0.9,1681,1,True
Ireland,Ireland,72254060,Other alloy flat products,0.9,3510,1,False
Romania,France,72299090,Alloy steel wire,0.9,2436,1,True
Denmark,Germany,72287090,Other alloy bars rods and sections,0.9,2332,1,True
Taiwan,Taiwan,72119080,Flat products under 600mm,0.9,3987,1,False
Germany,United States,72269200,Other alloy flat products under 600mm,0.899,50153,11,True
Finland,France,72189919,Stainless steel ingots and semi-finished,0.899,52277,1,True
Germany,Austria,72222019,Stainless steel bars sections and wire,0.898,2584,1,True
Spain,Netherlands,72287090,Other alloy bars rods and sections,0.897,3192,2,True
India,India,72299020,Alloy steel wire,0.8969999999999999,3292,2,False
Taiwan,Lithuania,72193310,Stainless steel flat products,0.896,2178,1,True
Switzerland,Switzerland,72224050,Stainless steel bars sections and wire,0.896,3887,3,False
Vietnam,Poland,72202049,Stainless steel flat products under 600mm,0.893,955,1,True
Finland,Finland,72169180,Angles shapes and sections,0.891,8290,2,False
Israel,Israel,72221189,Stainless steel bars sections and wire,0.89,21907,1,False
Unknown / not supplied,Germany,72192300,Stainless steel flat products,0.888,8936,1,True
Taiwan,Germany,72285061,Other alloy bars rods and sections,0.8879999999999999,24596,2,True
Germany,Belgium,72161000,Angles shapes and sections,0.887,4049,1,True
Sweden,Netherlands,72285040,Other alloy bars rods and sections,0.886,1899,1,True
Unknown / not supplied,Ireland,72121090,Coated flat products under 600mm,0.885,1845,1,True
Lithuania,Lithuania,72107010,Coated or plated flat products,0.882,1712,1,False
Turkey,Turkey,72269120,Other alloy flat products under 600mm,0.882,2492,1,False
United Arab Emirates,United Arab Emirates,72085120,Hot-rolled flat products,0.881,1128,1,False
Sweden,Belgium,72221111,Stainless steel bars sections and wire,0.88,4894,2,True
Japan,United States,72254012,Other alloy flat products,0.88,7312,1,True
Italy,Netherlands,72269191,Other alloy flat products under 600mm,0.88,1928,1,True
Italy,Spain,72171039,Wire,0.88,1835,1,True
Germany,Poland,72191100,Stainless steel flat products,0.878,33007,6,True
United States,Canada,72202049,Stainless steel flat products under 600mm,0.878,4412,1,True
Taiwan,France,72222011,Stainless steel bars sections and wire,0.875,29933,1,True
Austria,Netherlands,72092790,Cold-rolled flat products,0.875,4692,3,True
Switzerland,Sweden,72230019,Stainless steel wire,0.875,3761,2,True
Estonia,Estonia,72169180,Angles shapes and sections,0.874,3358,1,False
China,Pakistan,72104100,Coated or plated flat products,0.874,1459,1,True
Brazil,France,72221910,Stainless steel bars sections and wire,0.873,10477,1,True
Turkey,Turkey,72122000,Coated flat products under 600mm,0.873,12349,1,False
Denmark,Norway,72169180,Angles shapes and sections,0.871,11042,4,True
Ireland,Ireland,72193390,Stainless steel flat products,0.87,401870,27,False
Norway,Norway,72189980,Stainless steel ingots and semi-finished,0.869,93270,4,False
Spain,France,72222039,Stainless steel bars sections and wire,0.865,4633,1,True
Taiwan,China,72285069,Other alloy bars rods and sections,0.864,17602,5,True
United Kingdom,Norway,72189980,Stainless steel ingots and semi-finished,0.864,25576,3,True
Germany,Ireland,72107080,Coated or plated flat products,0.864,4224,2,True
China,Netherlands,72169900,Angles shapes and sections,0.863,38594,6,True
Japan,United States,72261910,Other alloy flat products under 600mm,0.863,10906,5,True
United Kingdom,Mexico,72126000,Coated flat products under 600mm,0.86,3011,1,True
Saudi Arabia,Germany,72192190,Stainless steel flat products,0.86,19205,4,True
Ireland,Ireland,72191290,Stainless steel flat products,0.859,25554,3,False
Italy,Italy,72282010,Other alloy bars rods and sections,0.854,5001,1,False
Unknown / not supplied,Ireland,72052900,Granules and powders,0.854,8121,14,True
South Korea,Italy,72091891,Cold-rolled flat products,0.853,536602,1,True
Germany,Germany,72189920,Stainless steel ingots and semi-finished,0.853,18232,5,False
Greece,France,72109030,Coated or plated flat products,0.852,6021,1,True
Italy,Italy,72082500,Hot-rolled flat products,0.8500000000000001,19192,3,False
Slovenia,Ireland,72221990,Stainless steel bars sections and wire,0.85,3480,1,True
China,Switzerland,72230011,Stainless steel wire,0.846,2997,1,True
Netherlands,Netherlands,72143000,Other bars and rods,0.845,1049,1,False
Japan,Japan,72061000,Ingots and primary forms,0.845,4293,1,False
United Kingdom,Netherlands,72163190,Angles shapes and sections,0.844,1108,1,True
China,Netherlands,72163390,Angles shapes and sections,0.841,1245,1,True
Italy,Belgium,72193310,Stainless steel flat products,0.841,3292,1,True
Czechia,France,72230099,Stainless steel wire,0.841,1065,1,True
Vietnam,Vietnam,72292000,Alloy steel wire,0.84,888,1,False
Romania,Germany,72222021,Stainless steel bars sections and wire,0.838,5577,2,True
Poland,Germany,72149190,Other bars and rods,0.837,11975,2,True
Japan,United States,72284090,Other alloy bars rods and sections,0.836,6608,1,True
Mexico,United States,72285069,Other alloy bars rods and sections,0.835,8168,1,True
Italy,Germany,72085400,Hot-rolled flat products,0.8340000000000001,2514,2,True
China,Hong Kong,72201200,Stainless steel flat products under 600mm,0.834,5515,1,True
Indonesia,Germany,72221910,Stainless steel bars sections and wire,0.833,3760,1,True
Italy,Germany,72149971,Other bars and rods,0.833,2878,1,True
Spain,Netherlands,72191310,Stainless steel flat products,0.832,2311,1,True
Turkey,Belgium,72172030,Wire,0.832,2061,1,True
Spain,France,72179090,Wire,0.831,7695,4,True
Netherlands,Spain,72230099,Stainless steel wire,0.83,3542,2,True
Netherlands,Netherlands,72126000,Coated flat products under 600mm,0.826,9708,1,False
Italy,Ireland,72085299,Hot-rolled flat products,0.824,1627,1,True
United Kingdom,Sweden,72292000,Alloy steel wire,0.824,2544,1,True
Belgium,Brazil,72201100,Stainless steel flat products under 600mm,0.82,29614,1,True
Ukraine,Germany,72283020,Other alloy bars rods and sections,0.82,2872,1,True
Italy,France,72102000,Coated or plated flat products,0.82,3121,1,True
IQ,IQ,72169900,Angles shapes and sections,0.82,1495,1,False
Austria,Sweden,72221189,Stainless steel bars sections and wire,0.819,4088,2,True
Taiwan,Taiwan,72166110,Angles shapes and sections,0.819,3439,2,False
Finland,Poland,72193510,Stainless steel flat products,0.818,27885,1,True
Austria,Italy,72299090,Alloy steel wire,0.8170000000000001,3194,2,True
United Kingdom,United States,72285061,Other alloy bars rods and sections,0.817,14771,2,True
Norway,Denmark,72083600,Hot-rolled flat products,0.815,3939,1,True
Taiwan,Switzerland,72222011,Stainless steel bars sections and wire,0.815,9867,1,True
Denmark,Ireland,72199020,Stainless steel flat products,0.813,5638,2,True
Turkey,Turkey,72091500,Cold-rolled flat products,0.81,6036,1,False
Germany,Ireland,72199080,Stainless steel flat products,0.81,1971,1,True
Sweden,Italy,72181000,Stainless steel ingots and semi-finished,0.81,101805,2,True
Czechia,Czechia,72281090,Other alloy bars rods and sections,0.81,57130,1,False
Poland,Poland,72163211,Angles shapes and sections,0.809,1091,1,False
India,Austria,72107080,Coated or plated flat products,0.808,1820,1,True
China,Turkey,72192400,Stainless steel flat products,0.807,1152,1,True
United Arab Emirates,United Arab Emirates,72230099,Stainless steel wire,0.807,2769,2,False
Taiwan,Italy,72199020,Stainless steel flat products,0.807,3064,1,True
United Kingdom,Poland,72222011,Stainless steel bars sections and wire,0.8059999999999999,8882,1,True
Spain,Spain,72071111,Semi-finished steel,0.8049999999999999,30223,4,False
Turkey,Romania,72163110,Angles shapes and sections,0.804,1452,1,True
Turkey,Turkey,72249090,Alloy steel ingots and semi-finished,0.804,9392,2,False
United States,Canada,72199080,Stainless steel flat products,0.802,28557,2,True
Italy,Belgium,72285061,Other alloy bars rods and sections,0.802,1043,1,True
United Kingdom,Ireland,72199020,Stainless steel flat products,0.8,6809,1,True
United Kingdom,Czechia,72166900,Angles shapes and sections,0.8,6987,1,True
Sweden,Spain,72052900,Granules and powders,0.8,1408,1,True
France,Germany,72191410,Stainless steel flat products,0.8,8177,1,True
United Kingdom,Singapore,72107080,Coated or plated flat products,0.8,1227,1,True
Italy,Belgium,72163310,Angles shapes and sections,0.8,4051,1,True
Ireland,Ireland,72189110,Stainless steel ingots and semi-finished,0.8,48907,1,False
Turkey,Turkey,72191210,Stainless steel flat products,0.799,4111,1,False
Netherlands,Netherlands,72163219,Angles shapes and sections,0.798,965,1,False
Japan,China,72193410,Stainless steel flat products,0.798,10641,1,True
Switzerland,France,72222089,Stainless steel bars sections and wire,0.797,4923,1,True
United Arab Emirates,United Arab Emirates,72224090,Stainless steel bars sections and wire,0.7969999999999999,6790,2,False
Poland,Belgium,72164010,Angles shapes and sections,0.796,1470,1,True
France,Germany,72173041,Wire,0.796,6325,1,True
Japan,Germany,72193410,Stainless steel flat products,0.793,3999,2,True
China,China,72085390,Hot-rolled flat products,0.793,943,1,False
Finland,Germany,72283041,Other alloy bars rods and sections,0.792,2093,1,True
Italy,Spain,72155019,Other bars and rods,0.792,1947,1,True
United States,Canada,72112380,Flat products under 600mm,0.79,14426,2,True
Switzerland,Germany,72151000,Other bars and rods,0.79,20892,10,True
Denmark,Denmark,72202049,Stainless steel flat products under 600mm,0.79,8483,3,False
China,Lithuania,72285069,Other alloy bars rods and sections,0.789,1637,1,True
India,Germany,72223097,Stainless steel bars sections and wire,0.788,6049,2,True
United States,Spain,72286080,Other alloy bars rods and sections,0.788,17524,1,True
United Kingdom,United States,72091899,Cold-rolled flat products,0.788,6281,1,True
India,Ireland,72163310,Angles shapes and sections,0.788,2091,1,True
Lithuania,Lithuania,72285069,Other alloy bars rods and sections,0.787,1244,1,False
France,France,72193100,Stainless steel flat products,0.7869999999999999,53588,3,False
India,Germany,72222089,Stainless steel bars sections and wire,0.786,4306,2,True
Ireland,Ireland,72125090,Coated flat products under 600mm,0.784,3488,1,False
KW,KW,72142000,Other bars and rods,0.782,988,1,False
Finland,Germany,72166900,Angles shapes and sections,0.781,3369,1,True
Italy,Netherlands,72164090,Angles shapes and sections,0.781,1185,1,True
France,Netherlands,72223091,Stainless steel bars sections and wire,0.781,3331,2,True
Hungary,France,72122000,Coated flat products under 600mm,0.78,2848,1,True
Switzerland,Norway,72221990,Stainless steel bars sections and wire,0.78,29223,4,True
Taiwan,Taiwan,72042110,Ferrous waste and scrap,0.779,6483,1,False
Belgium,France,72189110,Stainless steel ingots and semi-finished,0.778,8562,3,True
Japan,United States,72163110,Angles shapes and sections,0.778,2180,1,True
Italy,Hungary,72209020,Stainless steel flat products under 600mm,0.777,19333,4,True
United States,Belgium,72269200,Other alloy flat products under 600mm,0.776,37291,1,True
South Korea,Ireland,72085299,Hot-rolled flat products,0.775,1528,1,True
South Africa,Germany,72193310,Stainless steel flat products,0.774,3831,2,True
China,Belgium,72179090,Wire,0.774,2740,1,True
Slovenia,Czechia,72269970,Other alloy flat products under 600mm,0.773,3961,1,True
France,United States,72269200,Other alloy flat products under 600mm,0.773,37303,6,True
Canada,United States,72285080,Other alloy bars rods and sections,0.771,9884,2,True
China,Italy,72249002,Alloy steel ingots and semi-finished,0.77,1153,1,True
Turkey,Spain,72171050,Wire,0.769,1427,1,True
China,France,72283020,Other alloy bars rods and sections,0.769,1875,1,True
Belgium,Netherlands,72254090,Other alloy flat products,0.768,2660,1,True
Hungary,France,72099020,Cold-rolled flat products,0.768,4555,2,True
Italy,France,72224050,Stainless steel bars sections and wire,0.7669999999999999,8264,3,True
United States,Canada,72287090,Other alloy bars rods and sections,0.765,18631,4,True
Unknown / not supplied,Italy,72224090,Stainless steel bars sections and wire,0.765,7268,5,True
Switzerland,Netherlands,72193510,Stainless steel flat products,0.765,9371,2,True
Ireland,Ireland,72181000,Stainless steel ingots and semi-finished,0.763,33244,5,False
Czechia,Germany,72159000,Other bars and rods,0.763,14419,7,True
Germany,Norway,72172090,Wire,0.761,27851,3,True
Croatia,Croatia,72171050,Wire,0.76,1412,1,False
China,China,72162200,Angles shapes and sections,0.76,1002,1,False
Czechia,Czechia,72121090,Coated flat products under 600mm,0.76,2195,2,False
Netherlands,Belgium,72201100,Stainless steel flat products under 600mm,0.76,7908,2,True
India,India,72192290,Stainless steel flat products,0.759,9085,4,False
Germany,United States,72286080,Other alloy bars rods and sections,0.7580000000000001,8723,3,True
Ireland,Ireland,72222011,Stainless steel bars sections and wire,0.758,3117,2,False
India,Belgium,72222019,Stainless steel bars sections and wire,0.757,3399,1,True
Unknown / not supplied,France,72166190,Angles shapes and sections,0.757,2963,3,True
Norway,Norway,72193290,Stainless steel flat products,0.756,3697,1,False
China,Austria,72221990,Stainless steel bars sections and wire,0.756,2395,1,True
Taiwan,Italy,72202049,Stainless steel flat products under 600mm,0.755,1744,1,True
Sweden,Belgium,72201100,Stainless steel flat products under 600mm,0.754,8975,1,True
India,India,72089080,Hot-rolled flat products,0.752,5623,3,False
France,Netherlands,72192190,Stainless steel flat products,0.752,2793,1,True
Taiwan,France,72222021,Stainless steel bars sections and wire,0.752,30714,4,True
Germany,Estonia,72155019,Other bars and rods,0.752,1047,1,True
Taiwan,Norway,72210090,Stainless steel bars and rods,0.751,4297,1,True
Czechia,Czechia,72223097,Stainless steel bars sections and wire,0.751,9861,2,False
Belgium,Netherlands,72172030,Wire,0.75,1383,1,True
Netherlands,Slovakia,72163299,Angles shapes and sections,0.75,22069,1,True
Belgium,Netherlands,72189920,Stainless steel ingots and semi-finished,0.75,9198,2,True
TC,China,72202081,Stainless steel flat products under 600mm,0.75,1590,1,True
United Kingdom,Czechia,72222021,Stainless steel bars sections and wire,0.75,6505,2,True
United Kingdom,Poland,72166190,Angles shapes and sections,0.75,11459,1,True
China,Germany,72029100,Ferro-alloys,0.75,4561,1,True
Taiwan,Singapore,72286080,Other alloy bars rods and sections,0.75,3373,2,True
United Kingdom,Germany,72223091,Stainless steel bars sections and wire,0.75,2652,1,True
Switzerland,Germany,72284010,Other alloy bars rods and sections,0.749,1828,1,True
China,Hong Kong,72254012,Other alloy flat products,0.748,5732,3,True
Italy,United States,72222021,Stainless steel bars sections and wire,0.748,9704,4,True
France,Germany,72051000,Granules and powders,0.747,2072,1,True
Germany,Hungary,72224090,Stainless steel bars sections and wire,0.747,7686,1,True
France,Belgium,72166110,Angles shapes and sections,0.746,949,1,True
Malaysia,Malaysia,72119080,Flat products under 600mm,0.746,1579,1,False
Belgium,Ireland,72112900,Flat products under 600mm,0.746,1048,1,True
Turkey,Poland,72202021,Stainless steel flat products under 600mm,0.744,1264,1,True
Poland,Switzerland,72166110,Angles shapes and sections,0.744,1318,1,True
China,Germany,72193390,Stainless steel flat products,0.744,3100,1,True
France,Netherlands,72269191,Other alloy flat products under 600mm,0.743,21884,1,True
United States,United States,72149995,Other bars and rods,0.743,35494,8,False
Poland,Germany,72222031,Stainless steel bars sections and wire,0.742,9811,1,True
China,China,72092610,Cold-rolled flat products,0.742,8072,2,False
Unknown / not supplied,Germany,72149931,Other bars and rods,0.742,789,1,True
Slovenia,Czechia,72254040,Other alloy flat products,0.741,1577,1,True
Sweden,Norway,72222019,Stainless steel bars sections and wire,0.739,3480,1,True
China,Germany,72285061,Other alloy bars rods and sections,0.739,3440,1,True
Taiwan,United States,72202089,Stainless steel flat products under 600mm,0.738,1677,1,True
United Kingdom,Italy,72071290,Semi-finished steel,0.737,1217,1,True
Poland,Denmark,72224090,Stainless steel bars sections and wire,0.736,7639,4,True
Finland,Netherlands,72111400,Flat products under 600mm,0.735,1541,1,True
Slovakia,Slovakia,72121090,Coated flat products under 600mm,0.734,6056,1,False
Spain,Germany,72191210,Stainless steel flat products,0.734,3620,1,True
Sweden,United States,72192110,Stainless steel flat products,0.733,13855,2,True
Austria,Austria,72223097,Stainless steel bars sections and wire,0.733,7935,3,False
India,Italy,72201200,Stainless steel flat products under 600mm,0.731,3579,1,True
Poland,Poland,72210010,Stainless steel bars and rods,0.731,7923,1,False
Sweden,Hungary,72192110,Stainless steel flat products,0.73,5279,1,True
United Kingdom,Spain,72189980,Stainless steel ingots and semi-finished,0.73,8831,1,True
Germany,Czechia,72286080,Other alloy bars rods and sections,0.7290000000000001,7029,5,True
Belgium,Germany,72149190,Other bars and rods,0.729,1134,1,True
United Kingdom,Ireland,72124080,Coated flat products under 600mm,0.728,9708,2,True
France,France,72111400,Flat products under 600mm,0.727,3356,1,False
Sweden,Sweden,72269199,Other alloy flat products under 600mm,0.7250000000000001,22444,5,False
Poland,Poland,72222011,Stainless steel bars sections and wire,0.725,7944,1,False
Spain,Netherlands,72222029,Stainless steel bars sections and wire,0.724,3062,2,True
Belgium,Netherlands,72201200,Stainless steel flat products under 600mm,0.724,1325,1,True
China,Austria,72107080,Coated or plated flat products,0.723,1662,1,True
Brazil,Germany,72222011,Stainless steel bars sections and wire,0.722,20343,2,True
Denmark,Denmark,72125061,Coated flat products under 600mm,0.72,6676,1,False
United Kingdom,Germany,72199080,Stainless steel flat products,0.72,5497,1,True
Italy,United States,72221910,Stainless steel bars sections and wire,0.72,8206,2,True
Japan,Netherlands,72222031,Stainless steel bars sections and wire,0.72,7032,3,True
China,Germany,72069000,Ingots and primary forms,0.72,19087,1,True
Finland,Germany,72085198,Hot-rolled flat products,0.72,1181,1,True
Czechia,Czechia,72224090,Stainless steel bars sections and wire,0.7190000000000001,14424,3,False
United States,France,72285069,Other alloy bars rods and sections,0.719,18273,1,True
France,Germany,72202029,Stainless steel flat products under 600mm,0.718,48206,1,True
Slovenia,France,72249018,Alloy steel ingots and semi-finished,0.718,3882,2,True
Turkey,Turkey,72254060,Other alloy flat products,0.716,25340,2,False
Netherlands,Netherlands,72121090,Coated flat products under 600mm,0.7150000000000001,4698,2,False
Norway,Norway,72163219,Angles shapes and sections,0.714,19479,1,False
United Kingdom,Norway,72159000,Other bars and rods,0.714,7040,1,True
United Kingdom,France,72221189,Stainless steel bars sections and wire,0.714,7759,1,True
Romania,Netherlands,72283061,Other alloy bars rods and sections,0.713,1778,1,True
Finland,Hungary,72099020,Cold-rolled flat products,0.712,5140,1,True
Germany,Lithuania,72223097,Stainless steel bars sections and wire,0.71,11852,1,True
China,China,72125020,Coated flat products under 600mm,0.709,3217,1,False
Italy,Hungary,72202081,Stainless steel flat products under 600mm,0.708,4167,1,True
Germany,Denmark,72171050,Wire,0.707,3536,1,True
Italy,Germany,72222039,Stainless steel bars sections and wire,0.707,4063,3,True
China,China,72091710,Cold-rolled flat products,0.706,5952,3,False
Poland,Germany,72164090,Angles shapes and sections,0.705,1417,1,True
Japan,Italy,72202041,Stainless steel flat products under 600mm,0.705,5693,1,True
Sweden,France,72192400,Stainless steel flat products,0.704,9530,1,True
Ukraine,Italy,72285069,Other alloy bars rods and sections,0.703,3131,1,True
United States,Italy,72193510,Stainless steel flat products,0.702,9538,1,True
Austria,Germany,72269191,Other alloy flat products under 600mm,0.702,948,1,True
Poland,France,72166190,Angles shapes and sections,0.7,1368,1,True
India,India,72283089,Other alloy bars rods and sections,0.6990000000000001,6668,4,False
United States,Belgium,72222011,Stainless steel bars sections and wire,0.699,17974,1,True
Italy,France,72224090,Stainless steel bars sections and wire,0.699,6240,2,True
Japan,United Arab Emirates,72172010,Wire,0.6970000000000001,4574,2,True
Germany,Italy,72171039,Wire,0.697,8176,1,True
Unknown / not supplied,Ireland,72119080,Flat products under 600mm,0.696,862,2,True
China,Germany,72125090,Coated flat products under 600mm,0.696,3886,1,True
Sweden,Poland,72201100,Stainless steel flat products under 600mm,0.696,16571,5,True
South Korea,Netherlands,72149110,Other bars and rods,0.695,1454,1,True
Slovenia,Netherlands,72192290,Stainless steel flat products,0.694,2899,1,True
Romania,Romania,72222039,Stainless steel bars sections and wire,0.6930000000000001,2147,2,False
Austria,Germany,72121090,Coated flat products under 600mm,0.6930000000000001,2170,2,True
Germany,France,72169900,Angles shapes and sections,0.6920000000000001,12490,3,True
Germany,Sweden,72282099,Other alloy bars rods and sections,0.692,1888,2,True
Austria,Austria,72202029,Stainless steel flat products under 600mm,0.6910000000000001,20958,2,False
Taiwan,Germany,72155080,Other bars and rods,0.691,1890,1,True
Italy,Romania,72173041,Wire,0.69,1642,1,True
Slovenia,Germany,72281090,Other alloy bars rods and sections,0.6890000000000001,2196,2,True
India,India,72011030,Pig iron,0.6890000000000001,2738,2,False
Turkey,Germany,72166110,Angles shapes and sections,0.686,1345,1,True
Ireland,Ireland,72189920,Stainless steel ingots and semi-finished,0.684,13131,2,False
United Arab Emirates,United Arab Emirates,72085291,Hot-rolled flat products,0.684,1047,1,False
Denmark,Denmark,72163110,Angles shapes and sections,0.678,21499,2,False
South Africa,Netherlands,72022990,Ferro-alloys,0.678,1043,1,True
Taiwan,China,72125090,Coated flat products under 600mm,0.676,1967,1,True
United Kingdom,Italy,72052100,Granules and powders,0.674,1048,1,True
Sweden,France,72285020,Other alloy bars rods and sections,0.673,11198,2,True
Belgium,Netherlands,72109080,Coated or plated flat products,0.673,4842,4,True
Poland,Netherlands,72104900,Coated or plated flat products,0.673,6392,2,True
Sweden,Sweden,72109080,Coated or plated flat products,0.673,77866,2,False
Italy,Italy,72069000,Ingots and primary forms,0.6729999999999999,8640,4,False
Spain,Germany,72202021,Stainless steel flat products under 600mm,0.672,2489,1,True
United Kingdom,Poland,72071980,Semi-finished steel,0.672,23350,1,True
Turkey,Turkey,72224010,Stainless steel bars sections and wire,0.671,16694,1,False
Belgium,Denmark,72221910,Stainless steel bars sections and wire,0.669,1859,1,True
China,Germany,72223097,Stainless steel bars sections and wire,0.669,37220,15,True
Czechia,Czechia,72161000,Angles shapes and sections,0.669,6120,1,False
Taiwan,Germany,72222089,Stainless steel bars sections and wire,0.668,8236,1,True
Germany,Denmark,72193100,Stainless steel flat products,0.667,11772,4,True
Japan,United States,72283049,Other alloy bars rods and sections,0.667,6773,2,True
Spain,Germany,72162100,Angles shapes and sections,0.666,1078,1,True
Germany,Czechia,72166110,Angles shapes and sections,0.664,1031,1,True
Czechia,Czechia,72163211,Angles shapes and sections,0.663,9838,2,False
Poland,Germany,72172010,Wire,0.663,2116,1,True
Germany,Italy,72230099,Stainless steel wire,0.662,2134,1,True
Poland,Poland,72222081,Stainless steel bars sections and wire,0.6619999999999999,3239,3,False
United States,Belgium,72222039,Stainless steel bars sections and wire,0.66,11550,1,True
Sweden,Finland,72109080,Coated or plated flat products,0.658,1485,1,True
United States,Canada,72169180,Angles shapes and sections,0.658,1440,1,True
Taiwan,Taiwan,72072011,Semi-finished steel,0.657,39266,4,False
Switzerland,Switzerland,72221111,Stainless steel bars sections and wire,0.656,56023,4,False
Germany,Netherlands,72287090,Other alloy bars rods and sections,0.655,1496,1,True
Italy,Sweden,72222011,Stainless steel bars sections and wire,0.655,5867,3,True
Croatia,Germany,72163219,Angles shapes and sections,0.654,3096,1,True
India,India,72072039,Semi-finished steel,0.654,4809,1,False
Portugal,Portugal,72189110,Stainless steel ingots and semi-finished,0.653,20198,7,False
Portugal,Germany,72222039,Stainless steel bars sections and wire,0.652,3028,1,True
Austria,France,72192210,Stainless steel flat products,0.652,11229,1,True
South Korea,Germany,72249002,Alloy steel ingots and semi-finished,0.652,1363,1,True
Belgium,Belgium,72283020,Other alloy bars rods and sections,0.6519999999999999,18578,3,False
France,France,72092500,Cold-rolled flat products,0.65,1329,1,False
United Kingdom,Sweden,72171050,Wire,0.65,2009,1,True
Poland,Poland,72085390,Hot-rolled flat products,0.65,2314,1,False
Romania,Romania,72299090,Alloy steel wire,0.65,1628,1,False
Netherlands,France,72072017,Semi-finished steel,0.65,2094,1,True
Germany,Italy,72193210,Stainless steel flat products,0.649,3851,2,True
Italy,Spain,72192210,Stainless steel flat products,0.648,1471,1,True
Germany,Finland,72201200,Stainless steel flat products under 600mm,0.648,1294,1,True
Netherlands,France,72172090,Wire,0.648,2212,1,True
Switzerland,Switzerland,72199080,Stainless steel flat products,0.6459999999999999,22534,3,False
United Kingdom,Netherlands,72022100,Ferro-alloys,0.645,3774,1,True
United Kingdom,France,72199080,Stainless steel flat products,0.645,1200,1,True
Spain,Finland,72201100,Stainless steel flat products under 600mm,0.645,13648,1,True
Greece,France,72209080,Stainless steel flat products under 600mm,0.644,5238,1,True
United Kingdom,Slovakia,72112900,Flat products under 600mm,0.644,967,1,True
Japan,Japan,72286080,Other alloy bars rods and sections,0.643,6188,1,False
Taiwan,Italy,72193310,Stainless steel flat products,0.643,2248,2,True
Austria,Czechia,72259200,Other alloy flat products,0.642,2454,1,True
Switzerland,Italy,72230011,Stainless steel wire,0.641,22167,4,True
Czechia,Turkey,72171090,Wire,0.641,13893,1,True
Germany,Netherlands,72171010,Wire,0.641,2741,1,True
Netherlands,Netherlands,72191100,Stainless steel flat products,0.64,13103,3,False
Spain,Spain,72159000,Other bars and rods,0.64,8669,1,False
Spain,Spain,72230099,Stainless steel wire,0.637,29786,8,False
JM,JM,72043000,Ferrous waste and scrap,0.637,2524,1,False
Netherlands,Germany,72283069,Other alloy bars rods and sections,0.636,1824,1,True
United States,United States,72281050,Other alloy bars rods and sections,0.635,17216,2,False
China,Poland,72072080,Semi-finished steel,0.635,5058,1,True
United States,United States,72149979,Other bars and rods,0.634,2640,1,False
Taiwan,Germany,72193390,Stainless steel flat products,0.634,2771,2,True
Spain,France,72169180,Angles shapes and sections,0.634,8723,1,True
India,India,72189911,Stainless steel ingots and semi-finished,0.634,21703,1,False
Switzerland,LI,72202089,Stainless steel flat products under 600mm,0.634,7885,3,True
Denmark,Denmark,72155011,Other bars and rods,0.633,6672,1,False
Taiwan,Germany,72221189,Stainless steel bars sections and wire,0.633,2703,1,True
Spain,Netherlands,72285061,Other alloy bars rods and sections,0.632,1199,1,True
Turkey,Poland,72202041,Stainless steel flat products under 600mm,0.63,934,1,True
France,Netherlands,72222081,Stainless steel bars sections and wire,0.63,14053,7,True
Poland,Netherlands,72101100,Coated or plated flat products,0.63,24393,13,True
Sweden,Netherlands,72282099,Other alloy bars rods and sections,0.63,2507,1,True
Slovenia,Slovenia,72283061,Other alloy bars rods and sections,0.629,1529,1,False
United Kingdom,France,72107080,Coated or plated flat products,0.6280000000000001,8912,3,True
Germany,France,72099020,Cold-rolled flat products,0.628,5328,1,True
Japan,Japan,72159000,Other bars and rods,0.628,2056,2,False
Slovenia,Slovenia,72105000,Coated or plated flat products,0.625,6563,1,False
Switzerland,Switzerland,72269930,Other alloy flat products under 600mm,0.625,68220,1,False
Germany,Switzerland,72223097,Stainless steel bars sections and wire,0.624,15331,1,True
India,Poland,72230099,Stainless steel wire,0.622,1843,1,True
Netherlands,Netherlands,72269200,Other alloy flat products under 600mm,0.621,19078,2,False
France,Germany,72269970,Other alloy flat products under 600mm,0.62,900,1,True
Portugal,Portugal,72124080,Coated flat products under 600mm,0.617,2276,1,False
Czechia,Germany,72224010,Stainless steel bars sections and wire,0.616,3001,1,True
Belgium,Belgium,72283041,Other alloy bars rods and sections,0.616,7642,1,False
Italy,Italy,72189110,Stainless steel ingots and semi-finished,0.615,957,1,False
Turkey,Germany,72163390,Angles shapes and sections,0.614,1538,1,True
Netherlands,India,72222011,Stainless steel bars sections and wire,0.612,1316,1,True
India,India,72299050,Alloy steel wire,0.612,1160,1,False
France,Sweden,72249002,Alloy steel ingots and semi-finished,0.612,3424,2,True
Czechia,Czechia,72222011,Stainless steel bars sections and wire,0.612,2862,1,False
Denmark,Denmark,72193510,Stainless steel flat products,0.61,7629,3,False
Germany,United States,72221181,Stainless steel bars sections and wire,0.61,2946,1,True
Czechia,Turkey,72222031,Stainless steel bars sections and wire,0.61,7830,1,True
Poland,Belgium,72292000,Alloy steel wire,0.608,1439,1,True
Turkey,Turkey,72241010,Alloy steel ingots and semi-finished,0.608,21102,3,False
Italy,Slovenia,72125020,Coated flat products under 600mm,0.607,4205,2,True
Bulgaria,Austria,72172030,Wire,0.607,1625,1,True
Italy,Germany,72202029,Stainless steel flat products under 600mm,0.607,2458,1,True
Canada,Canada,72039000,Direct reduced iron,0.605,4149,1,False
Belgium,Slovakia,72122000,Coated flat products under 600mm,0.604,1310,1,True
Slovenia,Germany,72249002,Alloy steel ingots and semi-finished,0.604,2271,1,True
France,Germany,72221990,Stainless steel bars sections and wire,0.604,1838,1,True
India,Germany,72171050,Wire,0.604,2230,1,True
China,United States,72223097,Stainless steel bars sections and wire,0.604,22299,3,True
Estonia,Poland,72166900,Angles shapes and sections,0.603,2632,1,True
United Kingdom,Germany,72192400,Stainless steel flat products,0.602,6625,2,True
Belgium,Finland,72201100,Stainless steel flat products under 600mm,0.601,9054,1,True
United Kingdom,Sweden,72259900,Other alloy flat products,0.6,2200,1,True
United States,France,72112320,Flat products under 600mm,0.6,8165,1,True
India,India,72179090,Wire,0.6,2000,2,False
Ireland,Ireland,72031000,Direct reduced iron,0.6,1020,1,False
Taiwan,Taiwan,72052100,Granules and powders,0.6,5731,1,False
Mexico,Mexico,72202021,Stainless steel flat products under 600mm,0.6,34978,2,False
Germany,Sweden,72285069,Other alloy bars rods and sections,0.6,2764,1,True
Czechia,Turkey,72286080,Other alloy bars rods and sections,0.6,3457,1,True
United Kingdom,Malaysia,72189110,Stainless steel ingots and semi-finished,0.599,1252,1,True
Japan,Czechia,72155080,Other bars and rods,0.598,1329,1,True
Japan,Japan,72283089,Other alloy bars rods and sections,0.597,18068,2,False
NZ,NZ,72112320,Flat products under 600mm,0.597,1874,1,False
United Kingdom,United States,72223097,Stainless steel bars sections and wire,0.597,17848,2,True
Italy,Germany,72107080,Coated or plated flat products,0.596,32165,2,True
Japan,France,72230019,Stainless steel wire,0.595,8205,1,True
Germany,France,72082600,Hot-rolled flat products,0.595,4359,1,True
United States,Canada,72222029,Stainless steel bars sections and wire,0.5940000000000001,10929,2,True
Netherlands,Netherlands,72012000,Pig iron,0.593,6190,2,False
South Africa,Italy,72192190,Stainless steel flat products,0.593,2802,2,True
United Kingdom,United Arab Emirates,72230019,Stainless steel wire,0.593,25765,1,True
Austria,Germany,72221111,Stainless steel bars sections and wire,0.592,5698,2,True
United Kingdom,Czechia,72122000,Coated flat products under 600mm,0.592,1298,1,True
Germany,Germany,72071111,Semi-finished steel,0.592,5752,2,False
Japan,Japan,72072052,Semi-finished steel,0.591,132058,26,False
Slovakia,Italy,72089020,Hot-rolled flat products,0.591,1274,1,True
United Kingdom,Singapore,72286080,Other alloy bars rods and sections,0.591,7577,1,True
Japan,United States,72269910,Other alloy flat products under 600mm,0.59,6468,1,True
Italy,Italy,72269910,Other alloy flat products under 600mm,0.588,4157,2,False
China,Italy,72161000,Angles shapes and sections,0.587,3441,1,True
France,Germany,72222039,Stainless steel bars sections and wire,0.587,2089,1,True
Austria,Austria,72193490,Stainless steel flat products,0.5860000000000001,26727,2,False
Thailand,Norway,72109080,Coated or plated flat products,0.586,2400,1,True
Romania,Poland,72209080,Stainless steel flat products under 600mm,0.585,4290,3,True
Singapore,Singapore,72269199,Other alloy flat products under 600mm,0.585,1168,1,False
Switzerland,Italy,72222031,Stainless steel bars sections and wire,0.5840000000000001,5795,3,True
Austria,Germany,72222039,Stainless steel bars sections and wire,0.584,7171,2,True
Germany,Romania,72166110,Angles shapes and sections,0.584,1648,1,True
Romania,Romania,72164010,Angles shapes and sections,0.584,9227,1,False
India,Netherlands,72224010,Stainless steel bars sections and wire,0.584,2661,1,True
Denmark,Denmark,72230011,Stainless steel wire,0.583,5582,2,False
Italy,France,72069000,Ingots and primary forms,0.5820000000000001,4342,2,True
India,India,72044990,Ferrous waste and scrap,0.582,2267,1,False
China,China,72083900,Hot-rolled flat products,0.582,1430,1,False
India,Sweden,72283061,Other alloy bars rods and sections,0.5800000000000001,15197,2,True
Lithuania,Lithuania,72169900,Angles shapes and sections,0.58,2787,1,False
United Kingdom,GI,72092500,Cold-rolled flat products,0.58,4353,1,True
Spain,Netherlands,72283061,Other alloy bars rods and sections,0.578,960,1,True
Mexico,United States,72189180,Stainless steel ingots and semi-finished,0.577,75972,3,True
United States,Netherlands,72223097,Stainless steel bars sections and wire,0.577,15689,4,True
Slovenia,Spain,72192110,Stainless steel flat products,0.577,1749,1,True
Poland,Switzerland,72230099,Stainless steel wire,0.576,11334,1,True
Austria,France,72209080,Stainless steel flat products under 600mm,0.575,4972,1,True
United Kingdom,Ireland,72112330,Flat products under 600mm,0.575,1262,1,True
Canada,Canada,72165099,Angles shapes and sections,0.574,2061,1,False
Brazil,Switzerland,72283069,Other alloy bars rods and sections,0.573,5972,1,True
Italy,Switzerland,72199080,Stainless steel flat products,0.572,2858,2,True
Austria,Romania,72230019,Stainless steel wire,0.572,17241,1,True
Austria,France,72193100,Stainless steel flat products,0.572,17300,1,True
Taiwan,Germany,72192300,Stainless steel flat products,0.571,2041,1,True
Belgium,Ireland,72104900,Coated or plated flat products,0.571,1325,1,True
Italy,France,72223097,Stainless steel bars sections and wire,0.5700000000000001,8605,2,True
China,Denmark,72230011,Stainless steel wire,0.5700000000000001,9620,2,True
Spain,Belgium,72221181,Stainless steel bars sections and wire,0.57,2432,1,True
Spain,Norway,72221119,Stainless steel bars sections and wire,0.569,1169,1,True
Italy,Italy,72172050,Wire,0.568,1210,1,False
Germany,Czechia,72155019,Other bars and rods,0.568,1098,1,True
Kenya,Kenya,72172090,Wire,0.5670000000000001,10556,4,False
France,Poland,72202021,Stainless steel flat products under 600mm,0.566,962,1,True
Finland,Spain,72193310,Stainless steel flat products,0.561,1063,1,True
Malaysia,Malaysia,72202041,Stainless steel flat products under 600mm,0.56,3441,1,False
Croatia,Netherlands,72107080,Coated or plated flat products,0.56,1579,1,True
Unknown / not supplied,Netherlands,72099080,Cold-rolled flat products,0.559,9068,13,True
Germany,Norway,72222021,Stainless steel bars sections and wire,0.559,3826,2,True
Slovenia,France,72283061,Other alloy bars rods and sections,0.559,2789,1,True
Italy,Netherlands,72222039,Stainless steel bars sections and wire,0.5589999999999999,7329,2,True
China,Germany,72166900,Angles shapes and sections,0.5589999999999999,3740,2,True
South Korea,Germany,72299090,Alloy steel wire,0.558,2310,1,True
United States,United States,72106100,Coated or plated flat products,0.558,38979,7,False
United States,Spain,72259900,Other alloy flat products,0.557,12255,1,True
Spain,Ireland,72222081,Stainless steel bars sections and wire,0.5569999999999999,6655,3,True
Malaysia,Malaysia,72124020,Coated flat products under 600mm,0.556,7566,2,False
India,United States,72111900,Flat products under 600mm,0.556,5168,1,True
Germany,Ireland,72285061,Other alloy bars rods and sections,0.5549999999999999,19583,5,True
Italy,Turkey,72222031,Stainless steel bars sections and wire,0.554,1530,1,True
Spain,United States,72286080,Other alloy bars rods and sections,0.552,2213,1,True
Slovenia,Slovenia,72022910,Ferro-alloys,0.55,1425,1,False
United Kingdom,Netherlands,72230091,Stainless steel wire,0.55,2042,1,True
Sierra Leone,Netherlands,72192210,Stainless steel flat products,0.55,3258,1,True
Slovakia,Slovakia,72163299,Angles shapes and sections,0.55,1766,1,False
India,India,72027000,Ferro-alloys,0.55,20760,3,False
China,Austria,72285020,Other alloy bars rods and sections,0.549,1105,1,True
China,China,72281050,Other alloy bars rods and sections,0.549,1933,1,False
China,China,72091500,Cold-rolled flat products,0.548,8303,3,False
United Kingdom,Netherlands,72072017,Semi-finished steel,0.546,2143,1,True
France,France,72179090,Wire,0.546,42690,3,False
Spain,Poland,72202041,Stainless steel flat products under 600mm,0.546,1759,1,True
Israel,Israel,72210010,Stainless steel bars and rods,0.545,10501,1,False
Germany,Belgium,72283069,Other alloy bars rods and sections,0.544,1260,1,True
Mexico,Mexico,72071290,Semi-finished steel,0.544,45311,1,False
India,India,72192190,Stainless steel flat products,0.544,7448,3,False
Spain,Italy,72222089,Stainless steel bars sections and wire,0.544,1986,1,True
Brazil,Switzerland,72230011,Stainless steel wire,0.544,2561,1,True
Germany,Canada,72254060,Other alloy flat products,0.544,1238,1,True
Slovenia,Czechia,72192290,Stainless steel flat products,0.544,2217,1,True
South Korea,United States,72201100,Stainless steel flat products under 600mm,0.543,11293,3,True
Romania,Netherlands,72222029,Stainless steel bars sections and wire,0.543,1688,1,True
Sweden,Norway,72222031,Stainless steel bars sections and wire,0.543,6004,2,True
Turkey,Ireland,72199080,Stainless steel flat products,0.542,873,1,True
Spain,Spain,72249090,Alloy steel ingots and semi-finished,0.54,11444,3,False
Sweden,Italy,72202049,Stainless steel flat products under 600mm,0.54,19478,8,True
Taiwan,Italy,72099020,Cold-rolled flat products,0.54,2376,1,True
Italy,France,72041000,Ferrous waste and scrap,0.54,1279,1,True
Czechia,Germany,72171090,Wire,0.539,1179,1,True
Thailand,Thailand,72230019,Stainless steel wire,0.538,4491,2,False
Germany,France,72173090,Wire,0.538,10516,4,True
Taiwan,Taiwan,72069000,Ingots and primary forms,0.538,265363,3,False
United Kingdom,United States,72192110,Stainless steel flat products,0.538,10009,2,True
Belgium,Netherlands,72169110,Angles shapes and sections,0.537,3283,2,True
United States,United States,72101220,Coated or plated flat products,0.537,12799,2,False
United States,France,72222031,Stainless steel bars sections and wire,0.536,37322,3,True
Hong Kong,Germany,72249002,Alloy steel ingots and semi-finished,0.535,1472,1,True
Unknown / not supplied,Netherlands,72166190,Angles shapes and sections,0.535,3643,1,True
Hungary,Hungary,72109040,Coated or plated flat products,0.535,1110,1,False
Switzerland,Germany,72222039,Stainless steel bars sections and wire,0.533,2474,1,True
South Africa,South Africa,72189180,Stainless steel ingots and semi-finished,0.533,83204,12,False
Spain,Denmark,72285061,Other alloy bars rods and sections,0.533,1306,1,True
Greece,Greece,72169180,Angles shapes and sections,0.532,2483,1,False
South Korea,France,72199020,Stainless steel flat products,0.531,4491,1,True
China,United States,72071980,Semi-finished steel,0.53,9947,1,True
Croatia,Croatia,72163299,Angles shapes and sections,0.53,11648,1,False
Poland,Poland,72269970,Other alloy flat products under 600mm,0.529,6078,2,False
South Korea,United Arab Emirates,72283069,Other alloy bars rods and sections,0.528,1374,1,True
Italy,Portugal,72222081,Stainless steel bars sections and wire,0.528,2717,1,True
Czechia,Germany,72230099,Stainless steel wire,0.528,154322,2,True
United Kingdom,Poland,72172090,Wire,0.528,4824,1,True
Austria,Belgium,72121090,Coated flat products under 600mm,0.527,1263,1,True
Czechia,Germany,72149931,Other bars and rods,0.527,3860,2,True
Czechia,Germany,72155019,Other bars and rods,0.526,1857,1,True
Romania,France,72202081,Stainless steel flat products under 600mm,0.526,2531,1,True
Unknown / not supplied,Ireland,72173090,Wire,0.525,708,2,True
Spain,Spain,72106900,Coated or plated flat products,0.523,10057,3,False
Germany,Germany,72149190,Other bars and rods,0.522,3831,2,False
Slovenia,Slovenia,72249018,Alloy steel ingots and semi-finished,0.522,1983,1,False
Hungary,Germany,72224010,Stainless steel bars sections and wire,0.522,1866,1,True
Sweden,Germany,72222021,Stainless steel bars sections and wire,0.521,3811,2,True
Taiwan,Germany,72221119,Stainless steel bars sections and wire,0.52,2094,1,True
Ireland,Ireland,72111400,Flat products under 600mm,0.52,3390,1,False
Germany,Norway,72283069,Other alloy bars rods and sections,0.52,1075,1,True
Japan,Italy,72192300,Stainless steel flat products,0.519,1845,1,True
Taiwan,Poland,72193490,Stainless steel flat products,0.518,2055,1,True
Belgium,Italy,72222089,Stainless steel bars sections and wire,0.517,1903,1,True
France,Netherlands,72111400,Flat products under 600mm,0.515,1776,1,True
China,United States,72051000,Granules and powders,0.515,4760,1,True
Austria,Germany,72123000,Coated flat products under 600mm,0.515,5385,2,True
Spain,Germany,72286080,Other alloy bars rods and sections,0.514,1123,1,True
Germany,United States,72193390,Stainless steel flat products,0.514,1668,1,True
Romania,Poland,72072080,Semi-finished steel,0.512,1412,1,True
United Kingdom,Saudi Arabia,72286020,Other alloy bars rods and sections,0.512,4100,1,True
Italy,Norway,72222031,Stainless steel bars sections and wire,0.512,5000,3,True
Brazil,Germany,72222021,Stainless steel bars sections and wire,0.511,8011,2,True
Austria,Austria,72162100,Angles shapes and sections,0.511,3399,1,False
Unknown / not supplied,Ireland,72221111,Stainless steel bars sections and wire,0.511,2089,3,True
United States,United States,72255020,Other alloy flat products,0.51,4401,2,False
Luxembourg,Luxembourg,72191390,Stainless steel flat products,0.51,4283,1,False
Czechia,Belgium,72299090,Alloy steel wire,0.51,1494,1,True
Finland,Germany,72085299,Hot-rolled flat products,0.508,2026,2,True
Austria,Germany,72222029,Stainless steel bars sections and wire,0.508,13465,4,True
United Kingdom,Slovakia,72122000,Coated flat products under 600mm,0.507,946,1,True
Germany,France,72193310,Stainless steel flat products,0.506,9736,4,True
Italy,Netherlands,72169180,Angles shapes and sections,0.506,3361,2,True
South Korea,Belgium,72193510,Stainless steel flat products,0.505,2336,2,True
Germany,Switzerland,72166190,Angles shapes and sections,0.505,6142,3,True
Taiwan,Italy,72222089,Stainless steel bars sections and wire,0.505,1151,1,True
Italy,Belgium,72222039,Stainless steel bars sections and wire,0.504,10952,2,True
Canada,Canada,72092790,Cold-rolled flat products,0.503,2077,1,False
Australia,Austria,72285069,Other alloy bars rods and sections,0.502,4469,1,True
United Kingdom,United States,72069000,Ingots and primary forms,0.502,9877,2,True
Hungary,Hungary,72223097,Stainless steel bars sections and wire,0.501,7181,1,False
Sweden,Denmark,72221189,Stainless steel bars sections and wire,0.5,3315,1,True
China,France,72028000,Ferro-alloys,0.5,12563,1,True
Germany,Italy,72254060,Other alloy flat products,0.5,1200,1,True
Poland,Germany,72022100,Ferro-alloys,0.5,1400,1,True
United Kingdom,France,72042190,Ferrous waste and scrap,0.5,1823,1,True
Germany,Norway,72173041,Wire,0.5,2301,1,True
Japan,Switzerland,72222089,Stainless steel bars sections and wire,0.5,4004,1,True
Germany,Turkey,72292000,Alloy steel wire,0.5,1645,1,True
Romania,Romania,72124080,Coated flat products under 600mm,0.5,8623,1,False
Pakistan,Pakistan,72179020,Wire,0.5,918,1,False
Malaysia,Malaysia,72193590,Stainless steel flat products,0.5,4899,1,False
Canada,Germany,72027000,Ferro-alloys,0.5,15213,1,True
Malaysia,Lithuania,72193310,Stainless steel flat products,0.5,1840,1,True
United Kingdom,Germany,72029980,Ferro-alloys,0.5,4959,1,True
JO,JO,72044990,Ferrous waste and scrap,0.5,1840,1,False
Canada,Germany,72029300,Ferro-alloys,0.5,14624,1,True
Czechia,Turkey,72222039,Stainless steel bars sections and wire,0.5,5605,1,True
China,United States,72029980,Ferro-alloys,0.5,306168,1,True
Canada,United States,72181000,Stainless steel ingots and semi-finished,0.499,9865,2,True
Austria,Switzerland,72222029,Stainless steel bars sections and wire,0.498,8892,1,True
Sweden,Italy,72111900,Flat products under 600mm,0.498,6892,1,True
Taiwan,Italy,72222081,Stainless steel bars sections and wire,0.498,1121,1,True
Spain,Italy,72171090,Wire,0.498,978,1,True
Finland,Poland,72166900,Angles shapes and sections,0.497,2654,1,True
United Kingdom,United States,72191290,Stainless steel flat products,0.497,6254,1,True
United States,United States,72189180,Stainless steel ingots and semi-finished,0.496,56507,6,False
South Korea,Spain,72171090,Wire,0.495,1267,1,True
Austria,Sweden,72269120,Other alloy flat products under 600mm,0.495,1630,1,True
China,Germany,72281020,Other alloy bars rods and sections,0.494,5307,4,True
United Kingdom,Romania,72202041,Stainless steel flat products under 600mm,0.494,3649,2,True
Austria,Poland,72089080,Hot-rolled flat products,0.493,2780,1,True
Sweden,Switzerland,72230099,Stainless steel wire,0.492,11464,1,True
Italy,Germany,72199020,Stainless steel flat products,0.492,15066,2,True
Finland,Finland,72123000,Coated flat products under 600mm,0.49,1292,1,False
India,Belgium,72221111,Stainless steel bars sections and wire,0.49,2005,1,True
United Kingdom,United States,72222021,Stainless steel bars sections and wire,0.49,5326,3,True
France,Poland,72199080,Stainless steel flat products,0.49,2561,1,True
Spain,Denmark,72221111,Stainless steel bars sections and wire,0.489,3916,1,True
France,Denmark,72192110,Stainless steel flat products,0.488,6278,2,True
Japan,Germany,72192300,Stainless steel flat products,0.487,7790,4,True
United Kingdom,Germany,72161000,Angles shapes and sections,0.486,1008,1,True
Taiwan,Japan,72222081,Stainless steel bars sections and wire,0.486,10542,1,True
Switzerland,Germany,72222031,Stainless steel bars sections and wire,0.485,2315,1,True
France,United States,72171039,Wire,0.484,1127,1,True
India,United States,72189920,Stainless steel ingots and semi-finished,0.484,6790,1,True
Slovenia,Germany,72222019,Stainless steel bars sections and wire,0.484,1742,1,True
Belgium,Croatia,72193100,Stainless steel flat products,0.484,3260,1,True
Unknown / not supplied,Ireland,72281090,Other alloy bars rods and sections,0.483,9789,2,True
Finland,Poland,72193290,Stainless steel flat products,0.483,16449,1,True
LI,Switzerland,72193510,Stainless steel flat products,0.48200000000000004,8108,2,True
Sweden,Netherlands,72230099,Stainless steel wire,0.482,5472,3,True
Finland,Germany,72230019,Stainless steel wire,0.482,5684,1,True
Lithuania,Italy,72283069,Other alloy bars rods and sections,0.48,3578,1,True
Spain,United States,72288000,Other alloy bars rods and sections,0.48,1468,1,True
United States,United States,72199020,Stainless steel flat products,0.48,24509,4,False
South Korea,China,72121090,Coated flat products under 600mm,0.48,1898,1,True
China,Canada,72169900,Angles shapes and sections,0.48,13509,2,True
Taiwan,Taiwan,72269970,Other alloy flat products under 600mm,0.479,7311,1,False
Italy,Italy,72269199,Other alloy flat products under 600mm,0.478,5754,4,False
Sweden,Belgium,72192210,Stainless steel flat products,0.478,5955,1,True
Switzerland,Switzerland,72169900,Angles shapes and sections,0.47700000000000004,51122,8,False
Germany,France,72269120,Other alloy flat products under 600mm,0.476,1225,1,True
Italy,Israel,72261100,Other alloy flat products under 600mm,0.474,1967,1,True
Belgium,Netherlands,72172090,Wire,0.473,1671,1,True
United Kingdom,France,72288000,Other alloy bars rods and sections,0.47200000000000003,5689,2,True
Austria,Germany,72222019,Stainless steel bars sections and wire,0.47,1183,1,True
Italy,France,72166190,Angles shapes and sections,0.47,5715,1,True
Germany,Belgium,72224050,Stainless steel bars sections and wire,0.47,3447,2,True
Sierra Leone,France,72201100,Stainless steel flat products under 600mm,0.469,3192,1,True
China,Belgium,72072080,Semi-finished steel,0.469,10937,6,True
Japan,Japan,72224090,Stainless steel bars sections and wire,0.468,24394,4,False
United Kingdom,Spain,72166190,Angles shapes and sections,0.467,8844,1,True
Germany,Germany,72191210,Stainless steel flat products,0.465,4134,1,False
France,Canada,72202089,Stainless steel flat products under 600mm,0.464,8942,1,True
Poland,Germany,72284010,Other alloy bars rods and sections,0.464,1408,1,True
Slovenia,France,72281090,Other alloy bars rods and sections,0.463,1164,1,True
Switzerland,Norway,72224090,Stainless steel bars sections and wire,0.463,4453,1,True
United States,Czechia,72192300,Stainless steel flat products,0.462,1267,1,True
Belgium,Spain,72193410,Stainless steel flat products,0.462,1438,1,True
China,Germany,72192190,Stainless steel flat products,0.46,1777,1,True
Switzerland,LI,72193510,Stainless steel flat products,0.46,5916,2,True
China,Hong Kong,72081000,Hot-rolled flat products,0.46,1360,1,True
China,Germany,72269191,Other alloy flat products under 600mm,0.459,2219,1,True
Netherlands,Spain,72199080,Stainless steel flat products,0.459,2149,1,True
Italy,Belgium,72230019,Stainless steel wire,0.459,1372,1,True
Austria,Poland,72285069,Other alloy bars rods and sections,0.456,5636,1,True
Lithuania,Lithuania,72101280,Coated or plated flat products,0.456,1723,1,False
Hong Kong,Hong Kong,72261100,Other alloy flat products under 600mm,0.455,5732,1,False
Czechia,Czechia,72193310,Stainless steel flat products,0.454,2039,2,False
Slovakia,Netherlands,72172090,Wire,0.453,1704,1,True
Slovakia,Germany,72172010,Wire,0.452,995,1,True
Czechia,Netherlands,72166190,Angles shapes and sections,0.452,3015,1,True
France,Germany,72222089,Stainless steel bars sections and wire,0.452,1391,1,True
Slovenia,Belgium,72192110,Stainless steel flat products,0.452,3623,2,True
Taiwan,Ireland,72230019,Stainless steel wire,0.451,1116,1,True
United Kingdom,Spain,72125090,Coated flat products under 600mm,0.45,948,1,True
United Kingdom,Norway,72210090,Stainless steel bars and rods,0.45,6717,1,True
Italy,Spain,72193490,Stainless steel flat products,0.45,2370,2,True
China,United States,72202029,Stainless steel flat products under 600mm,0.449,3079,1,True
Romania,Romania,72162100,Angles shapes and sections,0.447,7058,1,False
Italy,Switzerland,72169900,Angles shapes and sections,0.44699999999999995,4595,2,True
Poland,Poland,72193510,Stainless steel flat products,0.44599999999999995,3987,4,False
France,Sweden,72201100,Stainless steel flat products under 600mm,0.445,1846,1,True
Austria,Germany,72269200,Other alloy flat products under 600mm,0.445,1413,1,True
Switzerland,Germany,72283069,Other alloy bars rods and sections,0.444,922,1,True
Portugal,United States,72221910,Stainless steel bars sections and wire,0.444,5049,2,True
France,Germany,72192190,Stainless steel flat products,0.444,1823,1,True
Belgium,Ireland,72224090,Stainless steel bars sections and wire,0.443,1531,1,True
Brazil,Brazil,72283069,Other alloy bars rods and sections,0.443,16792,1,False
United Kingdom,Germany,72224010,Stainless steel bars sections and wire,0.443,1566,1,True
United Kingdom,United States,72202089,Stainless steel flat products under 600mm,0.442,3105,2,True
United States,United States,72191210,Stainless steel flat products,0.442,13385,2,False
Thailand,Italy,72202041,Stainless steel flat products under 600mm,0.441,2665,1,True
Netherlands,Netherlands,72201100,Stainless steel flat products under 600mm,0.441,7983,3,False
China,China,72221119,Stainless steel bars sections and wire,0.44,32969,2,False
China,Hong Kong,72193410,Stainless steel flat products,0.44,6833,4,True
Hong Kong,Germany,72222029,Stainless steel bars sections and wire,0.44,1082,1,True
Germany,Hungary,72119020,Flat products under 600mm,0.44,13496,7,True
India,Italy,72189920,Stainless steel ingots and semi-finished,0.44,3743,1,True
Denmark,Norway,72221910,Stainless steel bars sections and wire,0.44,18038,3,True
Poland,Poland,72106100,Coated or plated flat products,0.44,4681,1,False
China,Hong Kong,72071980,Semi-finished steel,0.439,1472,1,True
Unknown / not supplied,Germany,72224050,Stainless steel bars sections and wire,0.439,12251,10,True
United Kingdom,Germany,72125090,Coated flat products under 600mm,0.439,5009,2,True
France,France,72071290,Semi-finished steel,0.43899999999999995,420319,4,False
Belgium,Brazil,72166110,Angles shapes and sections,0.438,1183,1,True
United States,Germany,72193410,Stainless steel flat products,0.437,6475,1,True
United Kingdom,Denmark,72224090,Stainless steel bars sections and wire,0.435,1258,1,True
India,Italy,72202081,Stainless steel flat products under 600mm,0.435,3702,1,True
China,Hong Kong,72139190,Hot-rolled bars and rods,0.43400000000000005,14544,2,True
Denmark,Norway,72149950,Other bars and rods,0.434,9842,1,True
United States,United States,72085191,Hot-rolled flat products,0.434,7419,1,False
Finland,Italy,72202021,Stainless steel flat products under 600mm,0.432,1948,1,True
Romania,Romania,72281020,Other alloy bars rods and sections,0.432,3341,1,False
Sweden,Norway,72192300,Stainless steel flat products,0.432,1596,1,True
Spain,Italy,72202041,Stainless steel flat products under 600mm,0.431,2750,1,True
Slovenia,Germany,72285080,Other alloy bars rods and sections,0.431,4808,1,True
Slovenia,Italy,72222081,Stainless steel bars sections and wire,0.431,1926,1,True
Germany,Hungary,72166110,Angles shapes and sections,0.431,904,1,True
China,India,72221181,Stainless steel bars sections and wire,0.431,1095,1,True
United Kingdom,Singapore,72189110,Stainless steel ingots and semi-finished,0.43000000000000005,56313,2,True
United States,United States,72139910,Hot-rolled bars and rods,0.43,26849,8,False
Germany,Czechia,72284010,Other alloy bars rods and sections,0.43,2209,1,True
Belgium,Belgium,72199020,Stainless steel flat products,0.429,21722,1,False
Netherlands,Germany,72119080,Flat products under 600mm,0.429,1170,1,True
South Korea,Norway,72172090,Wire,0.428,7372,2,True
Netherlands,France,72099020,Cold-rolled flat products,0.428,1002,1,True
United States,France,72269970,Other alloy flat products under 600mm,0.427,23081,3,True
China,France,72222039,Stainless steel bars sections and wire,0.427,1919,1,True
Australia,Australia,72181000,Stainless steel ingots and semi-finished,0.426,2325,1,False
United States,United States,72099080,Cold-rolled flat products,0.426,15123,5,False
Poland,Poland,72171031,Wire,0.425,1507,1,False
Spain,Belgium,72155019,Other bars and rods,0.424,593,1,True
Unknown / not supplied,Ireland,72241090,Alloy steel ingots and semi-finished,0.424,4062,4,True
Italy,Norway,72224090,Stainless steel bars sections and wire,0.42300000000000004,4009,3,True
Italy,Slovenia,72287090,Other alloy bars rods and sections,0.423,2425,1,True
Mexico,United States,72221111,Stainless steel bars sections and wire,0.423,8488,2,True
United States,India,72193390,Stainless steel flat products,0.423,8992,1,True
Slovenia,Austria,72192110,Stainless steel flat products,0.422,1781,1,True
Japan,Sweden,72193310,Stainless steel flat products,0.422,7142,1,True
France,Germany,72222081,Stainless steel bars sections and wire,0.422,3365,1,True
Poland,Netherlands,72171090,Wire,0.42100000000000004,25581,4,True
Italy,United States,72223091,Stainless steel bars sections and wire,0.42100000000000004,7986,2,True
Spain,France,72166900,Angles shapes and sections,0.421,8673,1,True
Slovakia,Belgium,72224050,Stainless steel bars sections and wire,0.421,7025,2,True
Germany,Germany,72011011,Pig iron,0.42,6246,1,False
Ukraine,Netherlands,72285020,Other alloy bars rods and sections,0.42,1478,1,True
United Kingdom,France,72287090,Other alloy bars rods and sections,0.42,25255,2,True
Italy,Germany,72085390,Hot-rolled flat products,0.419,1828,1,True
Sweden,Sweden,72165010,Angles shapes and sections,0.418,2450,1,False
Netherlands,Netherlands,72112900,Flat products under 600mm,0.418,13988,3,False
Romania,Germany,72283069,Other alloy bars rods and sections,0.418,1557,1,True
India,India,72123000,Coated flat products under 600mm,0.417,1064,1,False
China,Norway,72283069,Other alloy bars rods and sections,0.415,1099,1,True
Italy,Switzerland,72193410,Stainless steel flat products,0.415,4211,1,True
Germany,Switzerland,72222081,Stainless steel bars sections and wire,0.413,25655,3,True
United Kingdom,Germany,72222011,Stainless steel bars sections and wire,0.413,6655,1,True
Romania,Netherlands,72285020,Other alloy bars rods and sections,0.413,2668,1,True
Pakistan,Pakistan,72223097,Stainless steel bars sections and wire,0.413,2687,1,False
Unknown / not supplied,Germany,72169900,Angles shapes and sections,0.412,38531,8,True
Switzerland,Netherlands,72202029,Stainless steel flat products under 600mm,0.41000000000000003,9546,4,True
Taiwan,United States,72199080,Stainless steel flat products,0.41000000000000003,4669,2,True
Italy,France,72052900,Granules and powders,0.41,937,1,True
Switzerland,Germany,72222011,Stainless steel bars sections and wire,0.408,4428,1,True
Czechia,Czechia,72222081,Stainless steel bars sections and wire,0.4079999999999999,3420,3,False
Italy,Italy,72121010,Coated flat products under 600mm,0.406,1557,1,False
Germany,Denmark,72192190,Stainless steel flat products,0.406,941,1,True
Lithuania,Latvia,72159000,Other bars and rods,0.406,1362,1,True
Sweden,Denmark,72085291,Hot-rolled flat products,0.405,1099,1,True
China,Netherlands,72230011,Stainless steel wire,0.405,3257,2,True
Taiwan,China,72224090,Stainless steel bars sections and wire,0.404,10318,4,True
Lithuania,Lithuania,72192110,Stainless steel flat products,0.402,5409,1,False
Taiwan,Italy,72222021,Stainless steel bars sections and wire,0.402,1720,1,True
Switzerland,Switzerland,72287010,Other alloy bars rods and sections,0.401,47981,2,False
Taiwan,Poland,72285061,Other alloy bars rods and sections,0.401,2483,2,True
Spain,Germany,72193410,Stainless steel flat products,0.4,2739,2,True
United States,Canada,72125040,Coated flat products under 600mm,0.4,27745,1,True
United Kingdom,Poland,72169180,Angles shapes and sections,0.4,1193,1,True
Ireland,Ireland,72081000,Hot-rolled flat products,0.4,15400,1,False
Finland,Lithuania,72193410,Stainless steel flat products,0.4,2151,1,True
United States,NZ,72172090,Wire,0.4,8652,6,True
India,India,72024910,Ferro-alloys,0.4,1611,1,False
Taiwan,Taiwan,72181000,Stainless steel ingots and semi-finished,0.399,23297,2,False
Spain,Spain,72269970,Other alloy flat products under 600mm,0.397,4059,2,False
Germany,United States,72255080,Other alloy flat products,0.397,22312,2,True
Taiwan,Germany,72223091,Stainless steel bars sections and wire,0.393,1488,1,True
Greece,Greece,72109030,Coated or plated flat products,0.393,4235,4,False
Germany,France,72201100,Stainless steel flat products under 600mm,0.392,10057,1,True
United States,Germany,72223091,Stainless steel bars sections and wire,0.392,4201,1,True
Germany,France,72210010,Stainless steel bars and rods,0.391,13007,1,True
France,Italy,72253090,Other alloy flat products,0.391,10598,1,True
Unknown / not supplied,Czechia,72299090,Alloy steel wire,0.39,53753,12,True
Saudi Arabia,Saudi Arabia,72259900,Other alloy flat products,0.389,700,1,False
France,Italy,72192190,Stainless steel flat products,0.388,2715,1,True
United States,Netherlands,72089080,Hot-rolled flat products,0.388,32807,3,True
Bulgaria,Bulgaria,72299090,Alloy steel wire,0.387,9119,1,False
Germany,Netherlands,72092500,Cold-rolled flat products,0.386,6888,1,True
Czechia,Czechia,72131000,Hot-rolled bars and rods,0.386,5372,1,False
United Kingdom,Poland,72072080,Semi-finished steel,0.385,1615,1,True
Sweden,Finland,72192400,Stainless steel flat products,0.384,2875,1,True
United States,United States,72288000,Other alloy bars rods and sections,0.384,97755,18,False
Finland,Germany,72269191,Other alloy flat products under 600mm,0.384,5200,1,True
Spain,Denmark,72221181,Stainless steel bars sections and wire,0.384,1593,1,True
United Kingdom,Spain,72104900,Coated or plated flat products,0.383,20504,2,True
United Arab Emirates,United Arab Emirates,72085299,Hot-rolled flat products,0.382,1328,1,False
Japan,Germany,72193310,Stainless steel flat products,0.38,7018,4,True
United States,Switzerland,72222089,Stainless steel bars sections and wire,0.376,12087,4,True
United Kingdom,France,72052900,Granules and powders,0.376,50088,3,True
United Kingdom,Germany,72261100,Other alloy flat products under 600mm,0.374,16207,10,True
Romania,Denmark,72155080,Other bars and rods,0.374,3642,1,True
Austria,Italy,72166190,Angles shapes and sections,0.374,6798,3,True
Norway,Norway,72083600,Hot-rolled flat products,0.374,1665,1,False
Sweden,Denmark,72224090,Stainless steel bars sections and wire,0.373,2148,1,True
India,India,72099080,Cold-rolled flat products,0.373,3010,1,False
Sierra Leone,United States,72192190,Stainless steel flat products,0.372,6801,1,True
France,Ireland,72201100,Stainless steel flat products under 600mm,0.372,11897,4,True
Sweden,Italy,72202089,Stainless steel flat products under 600mm,0.372,19797,7,True
France,Germany,72193410,Stainless steel flat products,0.372,3039,2,True
South Korea,Australia,72162100,Angles shapes and sections,0.372,1304,1,True
France,Italy,72193210,Stainless steel flat products,0.372,1981,1,True
Italy,Germany,72192400,Stainless steel flat products,0.371,2675,1,True
Denmark,Denmark,72161000,Angles shapes and sections,0.371,5828,3,False
China,Germany,72171050,Wire,0.37,2550,2,True
France,United States,72285061,Other alloy bars rods and sections,0.37,12478,3,True
Finland,Finland,72172030,Wire,0.37,3864,1,False
Germany,Estonia,72166190,Angles shapes and sections,0.37,2275,1,True
Lithuania,Lithuania,72123000,Coated flat products under 600mm,0.37,1266,1,False
Denmark,Denmark,72072080,Semi-finished steel,0.37,3651,2,False
Czechia,Netherlands,72179020,Wire,0.37,2320,1,True
United Arab Emirates,United Arab Emirates,72284090,Other alloy bars rods and sections,0.368,15688,2,False
United Kingdom,Belgium,72151000,Other bars and rods,0.368,912,1,True
India,Germany,72052100,Granules and powders,0.368,13863,5,True
Poland,Poland,72192210,Stainless steel flat products,0.366,11525,2,False
Belgium,France,72223097,Stainless steel bars sections and wire,0.366,1974,1,True
Thailand,United Arab Emirates,72189980,Stainless steel ingots and semi-finished,0.364,6048,1,True
Unknown / not supplied,Ireland,72285020,Other alloy bars rods and sections,0.363,1259,5,True
Austria,Netherlands,72092690,Cold-rolled flat products,0.363,3346,3,True
Vietnam,Vietnam,72179050,Wire,0.363,45860,3,False
Belgium,Italy,72192190,Stainless steel flat products,0.362,3380,2,True
United Kingdom,Brazil,72249090,Alloy steel ingots and semi-finished,0.361,38195,1,True
Estonia,Belgium,72107010,Coated or plated flat products,0.361,4848,1,True
Czechia,Czechia,72192290,Stainless steel flat products,0.361,3279,1,False
Greece,CY,72105000,Coated or plated flat products,0.36,1371,1,True
Hong Kong,Hong Kong,72052900,Granules and powders,0.36,4027,1,False
Belgium,Norway,72193100,Stainless steel flat products,0.36,2762,1,True
United States,United States,72124020,Coated flat products under 600mm,0.36,15047,1,False
Hungary,China,72092690,Cold-rolled flat products,0.359,1849,1,True
Pakistan,Pakistan,72210010,Stainless steel bars and rods,0.359,5977,1,False
United Kingdom,Ireland,72071980,Semi-finished steel,0.359,2989,2,True
France,Austria,72202089,Stainless steel flat products under 600mm,0.359,1110,1,True
Serbia and Montenegro aggregate,Serbia and Montenegro aggregate,72269970,Other alloy flat products under 600mm,0.358,13609,1,False
Japan,United States,72089080,Hot-rolled flat products,0.358,2148,1,True
Sweden,Germany,72285020,Other alloy bars rods and sections,0.358,4105,2,True
China,Germany,72222031,Stainless steel bars sections and wire,0.358,6473,5,True
Luxembourg,Luxembourg,72169110,Angles shapes and sections,0.358,3860,1,False
Sweden,Sweden,72224090,Stainless steel bars sections and wire,0.358,26103,11,False
Japan,Netherlands,72192210,Stainless steel flat products,0.357,2709,1,True
France,Germany,72282010,Other alloy bars rods and sections,0.357,9251,1,True
Sweden,France,72193310,Stainless steel flat products,0.356,1159,1,True
China,China,72015090,Pig iron,0.356,17749,4,False
Sweden,Croatia,72192210,Stainless steel flat products,0.356,2403,1,True
Belgium,Poland,72202041,Stainless steel flat products under 600mm,0.356,1035,1,True
United States,Norway,72230019,Stainless steel wire,0.355,7873,1,True
Unknown / not supplied,Belgium,72165099,Angles shapes and sections,0.35400000000000004,19681,14,True
Germany,Belgium,72199020,Stainless steel flat products,0.35400000000000004,6723,2,True
United Kingdom,Netherlands,72109030,Coated or plated flat products,0.353,3768,1,True
Norway,Norway,72254040,Other alloy flat products,0.353,1572,1,False
Japan,Germany,72193210,Stainless steel flat products,0.353,4858,1,True
Unknown / not supplied,Ireland,72224050,Stainless steel bars sections and wire,0.35200000000000004,7320,18,True
United Kingdom,Germany,72089080,Hot-rolled flat products,0.352,3698,1,True
Netherlands,Netherlands,72111400,Flat products under 600mm,0.352,1531,1,False
South Korea,Australia,72169180,Angles shapes and sections,0.352,1223,1,True
Romania,Germany,72222019,Stainless steel bars sections and wire,0.351,1568,1,True
United States,Netherlands,72286020,Other alloy bars rods and sections,0.351,15302,2,True
China,Sweden,72221181,Stainless steel bars sections and wire,0.351,11532,3,True
United Kingdom,United Arab Emirates,72283089,Other alloy bars rods and sections,0.35,1965,1,True
Austria,Austria,72126000,Coated flat products under 600mm,0.35,3397,1,False
France,France,72192400,Stainless steel flat products,0.348,2066,1,False
Germany,Netherlands,72223091,Stainless steel bars sections and wire,0.347,3565,1,True
Japan,United States,72222021,Stainless steel bars sections and wire,0.34600000000000003,28542,3,True
Poland,Denmark,72103000,Coated or plated flat products,0.344,925,1,True
Taiwan,Netherlands,72193390,Stainless steel flat products,0.344,1028,1,True
Romania,France,72282099,Other alloy bars rods and sections,0.343,1600,1,True
United States,Netherlands,72283061,Other alloy bars rods and sections,0.34299999999999997,18968,2,True
United Kingdom,United States,72052100,Granules and powders,0.34299999999999997,29825,2,True
Italy,Norway,72192210,Stainless steel flat products,0.342,2311,1,True
Switzerland,Switzerland,72189180,Stainless steel ingots and semi-finished,0.342,11896,2,False
Pakistan,Pakistan,72132000,Hot-rolled bars and rods,0.342,900,1,False
Ukraine,Germany,72223051,Stainless steel bars sections and wire,0.342,2450,1,True
France,Germany,72262000,Other alloy flat products under 600mm,0.341,6087,1,True
Netherlands,France,72199020,Stainless steel flat products,0.341,2025,1,True
Spain,Singapore,72283061,Other alloy bars rods and sections,0.34,937,1,True
Indonesia,Germany,72222029,Stainless steel bars sections and wire,0.34,1202,1,True
France,Belgium,72169900,Angles shapes and sections,0.33999999999999997,8440,3,True
United Kingdom,United States,72192290,Stainless steel flat products,0.339,3281,1,True
Slovenia,Germany,72224050,Stainless steel bars sections and wire,0.339,8781,1,True
Taiwan,United States,72221189,Stainless steel bars sections and wire,0.339,3354,3,True
Japan,United States,72283089,Other alloy bars rods and sections,0.33899999999999997,3817,2,True
Poland,Poland,72189110,Stainless steel ingots and semi-finished,0.336,3688,1,False
Poland,Poland,72106900,Coated or plated flat products,0.336,5149,1,False
Norway,Norway,72283061,Other alloy bars rods and sections,0.33599999999999997,9302,4,False
United Kingdom,Netherlands,72052100,Granules and powders,0.33599999999999997,11789,2,True
Germany,Poland,72201100,Stainless steel flat products under 600mm,0.335,4119,1,True
Czechia,Czechia,72109080,Coated or plated flat products,0.335,6193,2,False
China,United States,72164090,Angles shapes and sections,0.335,5554,1,True
Turkey,Turkey,72089080,Hot-rolled flat products,0.33399999999999996,3059,2,False
France,Netherlands,72221111,Stainless steel bars sections and wire,0.333,5831,1,True
France,Czechia,72222089,Stainless steel bars sections and wire,0.333,2100,1,True
Italy,United States,72221189,Stainless steel bars sections and wire,0.33299999999999996,4512,4,True
Germany,Italy,72199020,Stainless steel flat products,0.332,8443,6,True
Italy,Germany,72111400,Flat products under 600mm,0.332,1199,1,True
Netherlands,Netherlands,72125030,Coated flat products under 600mm,0.332,1310,1,False
Netherlands,Switzerland,72283061,Other alloy bars rods and sections,0.332,3284,1,True
Spain,Germany,72222019,Stainless steel bars sections and wire,0.331,3974,2,True
Germany,Denmark,72199020,Stainless steel flat products,0.33099999999999996,216491,2,True
Unknown / not supplied,Ireland,72221119,Stainless steel bars sections and wire,0.33,1623,3,True
Germany,United States,72283061,Other alloy bars rods and sections,0.33,1189,1,True
Hong Kong,Hong Kong,72171039,Wire,0.33,6019,1,False
France,Czechia,72166110,Angles shapes and sections,0.329,1111,1,True
United States,China,72193510,Stainless steel flat products,0.329,5732,2,True
France,Netherlands,72192110,Stainless steel flat products,0.329,2576,1,True
KH,Sweden,72132000,Hot-rolled bars and rods,0.329,2279,1,True
United Kingdom,Norway,72283061,Other alloy bars rods and sections,0.328,915,1,True
Czechia,Germany,72292000,Alloy steel wire,0.326,1229,1,True
Romania,France,72285069,Other alloy bars rods and sections,0.324,2047,2,True
China,China,72287010,Other alloy bars rods and sections,0.323,12700,1,False
Turkey,France,72169900,Angles shapes and sections,0.323,6149,1,True
Sweden,Norway,72221990,Stainless steel bars sections and wire,0.322,1868,1,True
Unknown / not supplied,Ireland,72191100,Stainless steel flat products,0.321,2667,1,True
Austria,Austria,72191410,Stainless steel flat products,0.321,4043,1,False
Switzerland,Sweden,72171039,Wire,0.321,3100,1,True
Taiwan,Germany,72285069,Other alloy bars rods and sections,0.321,8645,1,True
Poland,Poland,72193310,Stainless steel flat products,0.321,12116,4,False
Romania,Romania,72111300,Flat products under 600mm,0.321,5074,1,False
India,India,72192400,Stainless steel flat products,0.321,2107,1,False
Germany,Sweden,72052100,Granules and powders,0.32,17958,1,True
China,France,72222019,Stainless steel bars sections and wire,0.318,1136,1,True
Ireland,Ireland,72269970,Other alloy flat products under 600mm,0.316,5783,2,False
Denmark,Denmark,72202021,Stainless steel flat products under 600mm,0.316,9160,3,False
Netherlands,France,72224090,Stainless steel bars sections and wire,0.315,2686,1,True
Canada,Canada,72159000,Other bars and rods,0.315,12484,1,False
Spain,Netherlands,72285020,Other alloy bars rods and sections,0.315,5549,1,True
United Kingdom,United States,72269120,Other alloy flat products under 600mm,0.315,3045,1,True
United States,France,72125030,Coated flat products under 600mm,0.315,21795,9,True
China,France,72172030,Wire,0.314,919,1,True
United States,China,72193410,Stainless steel flat products,0.314,8713,2,True
Germany,Austria,72092690,Cold-rolled flat products,0.313,2830,1,True
China,United States,72125020,Coated flat products under 600mm,0.313,5304,1,True
Bulgaria,Germany,72155080,Other bars and rods,0.312,1486,1,True
United States,United Arab Emirates,72085198,Hot-rolled flat products,0.312,35589,1,True
Denmark,Norway,72159000,Other bars and rods,0.31,43455,1,True
United Kingdom,Ireland,72224050,Stainless steel bars sections and wire,0.31,12128,1,True
India,United States,72202081,Stainless steel flat products under 600mm,0.31,10904,2,True
Chile,Chile,72089080,Hot-rolled flat products,0.309,12531,1,False
Taiwan,China,72222081,Stainless steel bars sections and wire,0.309,9784,1,True
Italy,Germany,72071919,Semi-finished steel,0.308,2947,2,True
Japan,Germany,72201200,Stainless steel flat products under 600mm,0.308,17386,4,True
Taiwan,United States,72222029,Stainless steel bars sections and wire,0.307,4340,1,True
United States,United States,72027000,Ferro-alloys,0.307,15739,2,False
China,France,72222031,Stainless steel bars sections and wire,0.307,1828,2,True
France,France,72209080,Stainless steel flat products under 600mm,0.306,42603,9,False
Canada,Canada,72259900,Other alloy flat products,0.305,18406,2,False
Ireland,Ireland,72193410,Stainless steel flat products,0.305,8645,1,False
Slovakia,Hungary,72119020,Flat products under 600mm,0.305,9282,5,True
Czechia,Turkey,72299090,Alloy steel wire,0.305,2007,1,True
Germany,Poland,72283089,Other alloy bars rods and sections,0.304,2229,1,True
Sweden,Belgium,72224090,Stainless steel bars sections and wire,0.304,46422,12,True
Germany,France,72162100,Angles shapes and sections,0.303,8180,2,True
Slovenia,France,72051000,Granules and powders,0.303,2500,1,True
Czechia,Switzerland,72107010,Coated or plated flat products,0.302,6810,2,True
India,France,72202089,Stainless steel flat products under 600mm,0.302,5386,1,True
United Arab Emirates,United Arab Emirates,72192210,Stainless steel flat products,0.302,5306,1,False
China,Taiwan,72125090,Coated flat products under 600mm,0.302,1584,1,True
United States,Germany,72125090,Coated flat products under 600mm,0.302,3488,1,True
Spain,France,72269120,Other alloy flat products under 600mm,0.302,1692,1,True
Spain,Germany,72222039,Stainless steel bars sections and wire,0.301,1072,1,True
United States,Germany,72173041,Wire,0.301,3104,1,True
United Kingdom,Iceland,72222089,Stainless steel bars sections and wire,0.3,1280,1,True
Indonesia,Germany,72222031,Stainless steel bars sections and wire,0.3,1352,1,True
Netherlands,Netherlands,72221990,Stainless steel bars sections and wire,0.3,3224,1,False
India,Italy,72299090,Alloy steel wire,0.3,1319,1,True
Italy,Germany,72089080,Hot-rolled flat products,0.3,4354,1,True
Spain,Germany,72222081,Stainless steel bars sections and wire,0.3,1089,1,True
China,Germany,72029200,Ferro-alloys,0.3,6887,1,True
Denmark,Switzerland,72230099,Stainless steel wire,0.3,3252,1,True
SB,Ireland,72142000,Other bars and rods,0.3,3595,1,True
France,France,72052100,Granules and powders,0.3,5524,1,False
Greece,Greece,72107080,Coated or plated flat products,0.3,8127,1,False
United Kingdom,Denmark,72210090,Stainless steel bars and rods,0.3,12000,1,True
Bulgaria,Sweden,72052900,Granules and powders,0.3,6326,1,True
Latvia,Latvia,72099080,Cold-rolled flat products,0.3,1113,1,False
China,Germany,72230011,Stainless steel wire,0.3,1499,1,True
Belgium,Italy,72209080,Stainless steel flat products under 600mm,0.3,48637,1,True
Sweden,United States,72285040,Other alloy bars rods and sections,0.299,1638,1,True
China,China,72021180,Ferro-alloys,0.298,3589,3,False
United States,Netherlands,72159000,Other bars and rods,0.297,4417,4,True
Unknown / not supplied,Lithuania,72169180,Angles shapes and sections,0.297,660,1,True
South Korea,Spain,72202081,Stainless steel flat products under 600mm,0.297,2622,1,True
Brazil,Brazil,72189911,Stainless steel ingots and semi-finished,0.29600000000000004,11347,3,False
France,Italy,72089020,Hot-rolled flat products,0.296,1318,1,True
United States,Italy,72223091,Stainless steel bars sections and wire,0.296,5074,1,True
Ireland,Ireland,72082700,Hot-rolled flat products,0.296,2108,1,False
Norway,Sweden,72139149,Hot-rolled bars and rods,0.295,1053,1,True
Belgium,Germany,72111900,Flat products under 600mm,0.295,2954,1,True
Germany,Turkey,72085390,Hot-rolled flat products,0.295,1250,1,True
United States,Indonesia,72112330,Flat products under 600mm,0.294,9512,1,True
Denmark,Denmark,72209020,Stainless steel flat products under 600mm,0.294,15920,6,False
Germany,Netherlands,72223097,Stainless steel bars sections and wire,0.294,3467,1,True
Spain,Spain,72091610,Cold-rolled flat products,0.294,1234,1,False
Slovenia,United States,72224010,Stainless steel bars sections and wire,0.293,3054,1,True
Taiwan,United States,72221181,Stainless steel bars sections and wire,0.293,3155,1,True
China,Ireland,72249002,Alloy steel ingots and semi-finished,0.293,1383,1,True
Italy,France,72171039,Wire,0.292,1007,1,True
Germany,Spain,72283061,Other alloy bars rods and sections,0.292,7185,1,True
France,United States,72222031,Stainless steel bars sections and wire,0.29100000000000004,11781,4,True
Japan,Japan,72299090,Alloy steel wire,0.291,50335,2,False
Italy,Germany,72202021,Stainless steel flat products under 600mm,0.291,1002,1,True
Unknown / not supplied,Netherlands,72172030,Wire,0.29,1472,7,True
Germany,France,72201200,Stainless steel flat products under 600mm,0.29,76465,3,True
Hong Kong,Austria,72285020,Other alloy bars rods and sections,0.29,890,1,True
Austria,Austria,72261100,Other alloy flat products under 600mm,0.28900000000000003,4932,2,False
Taiwan,China,72221119,Stainless steel bars sections and wire,0.289,78444,1,True
Czechia,Czechia,72125030,Coated flat products under 600mm,0.289,1219,1,False
China,NZ,72201200,Stainless steel flat products under 600mm,0.289,5291,2,True
Indonesia,Indonesia,72071919,Semi-finished steel,0.288,3545,1,False
Singapore,Singapore,72107080,Coated or plated flat products,0.288,33062,1,False
China,Hong Kong,72106100,Coated or plated flat products,0.287,2061,1,True
Spain,France,72119020,Flat products under 600mm,0.287,1704,1,True
Germany,Germany,72282091,Other alloy bars rods and sections,0.287,907,1,False
Austria,Norway,72222011,Stainless steel bars sections and wire,0.286,5585,1,True
Malaysia,Romania,72202049,Stainless steel flat products under 600mm,0.286,8218,1,True
China,Hong Kong,72109080,Coated or plated flat products,0.286,6089,3,True
Austria,Italy,72109030,Coated or plated flat products,0.28500000000000003,9343,4,True
Taiwan,Germany,72193490,Stainless steel flat products,0.285,2898,1,True
Romania,Morocco,72269970,Other alloy flat products under 600mm,0.284,1353,1,True
Romania,France,72230019,Stainless steel wire,0.283,1030,1,True
Portugal,Ireland,72224050,Stainless steel bars sections and wire,0.283,3788,1,True
Poland,Poland,72286020,Other alloy bars rods and sections,0.28200000000000003,33281,3,False
Spain,Italy,72283069,Other alloy bars rods and sections,0.282,1564,1,True
India,Switzerland,72221189,Stainless steel bars sections and wire,0.282,1578,1,True
France,Netherlands,72285020,Other alloy bars rods and sections,0.281,1971,1,True
United States,Ireland,72041000,Ferrous waste and scrap,0.281,1295,1,True
Sweden,Belgium,72209080,Stainless steel flat products under 600mm,0.28,2196,1,True
United States,United States,72083800,Hot-rolled flat products,0.28,3099,1,False
Spain,Spain,72044910,Ferrous waste and scrap,0.28,2595,1,False
Germany,Romania,72285069,Other alloy bars rods and sections,0.278,1768,1,True
Czechia,Czechia,72282010,Other alloy bars rods and sections,0.277,4760,2,False
Netherlands,United States,72169900,Angles shapes and sections,0.277,6000,1,True
China,Netherlands,72224090,Stainless steel bars sections and wire,0.27699999999999997,3916,2,True
Italy,Netherlands,72221111,Stainless steel bars sections and wire,0.276,1222,1,True
China,MO,72193410,Stainless steel flat products,0.276,8622,1,True
Austria,Czechia,72209020,Stainless steel flat products under 600mm,0.27599999999999997,19858,6,True
Poland,Germany,72107080,Coated or plated flat products,0.275,1127,1,True
Poland,Belgium,72230019,Stainless steel wire,0.275,9703,7,True
Unknown / not supplied,Ireland,72210090,Stainless steel bars and rods,0.275,467,1,True
United Kingdom,Italy,72199080,Stainless steel flat products,0.275,31428,1,True
Belgium,Belgium,72112900,Flat products under 600mm,0.275,5697,2,False
Norway,Norway,72222089,Stainless steel bars sections and wire,0.275,18067,2,False
Poland,Germany,72223051,Stainless steel bars sections and wire,0.275,3298,1,True
France,France,72224050,Stainless steel bars sections and wire,0.273,4992,3,False
Germany,United States,72107080,Coated or plated flat products,0.273,1198,1,True
Portugal,Germany,72221111,Stainless steel bars sections and wire,0.273,1448,1,True
China,United States,72189180,Stainless steel ingots and semi-finished,0.272,9844,1,True
United Kingdom,United States,72221119,Stainless steel bars sections and wire,0.271,1152,1,True
France,Ireland,72285061,Other alloy bars rods and sections,0.271,9371,2,True
Spain,United States,72222019,Stainless steel bars sections and wire,0.271,1588,1,True
China,China,72139910,Hot-rolled bars and rods,0.271,1086,1,False
Brazil,Canada,72189911,Stainless steel ingots and semi-finished,0.271,3683,1,True
Japan,Czechia,72222031,Stainless steel bars sections and wire,0.27,1390,1,True
Norway,Norway,72085191,Hot-rolled flat products,0.27,5852,2,False
Italy,Switzerland,72287010,Other alloy bars rods and sections,0.27,2075,1,True
Germany,Ireland,72222081,Stainless steel bars sections and wire,0.269,8305,1,True
Germany,Poland,72285069,Other alloy bars rods and sections,0.269,3602,2,True
Italy,Norway,72283089,Other alloy bars rods and sections,0.268,963,1,True
India,Germany,72192290,Stainless steel flat products,0.268,1084,1,True
United States,France,72193310,Stainless steel flat products,0.267,3441,1,True
Sweden,France,72193100,Stainless steel flat products,0.267,16921,2,True
United States,United States,72107080,Coated or plated flat products,0.266,22675,2,False
Belgium,Netherlands,72172010,Wire,0.266,918,1,True
China,United States,72024190,Ferro-alloys,0.263,22253,1,True
Austria,Netherlands,72286020,Other alloy bars rods and sections,0.263,12360,2,True
Ireland,Ireland,72125040,Coated flat products under 600mm,0.262,17937,2,False
Austria,Austria,72209020,Stainless steel flat products under 600mm,0.262,22882,5,False
United States,Ireland,72193390,Stainless steel flat products,0.262,2509,1,True
Switzerland,Italy,72166190,Angles shapes and sections,0.261,2905,2,True
Germany,Netherlands,72072080,Semi-finished steel,0.26,1288,1,True
Taiwan,Taiwan,72172010,Wire,0.26,1747,1,False
Unknown / not supplied,Czechia,72199080,Stainless steel flat products,0.26,4709,2,True
Spain,Germany,72112900,Flat products under 600mm,0.258,1708,1,True
United States,United States,72283041,Other alloy bars rods and sections,0.257,10102,1,False
Germany,Italy,72201100,Stainless steel flat products under 600mm,0.257,9644,1,True
France,United States,72285069,Other alloy bars rods and sections,0.256,12854,3,True
Czechia,Italy,72149110,Other bars and rods,0.256,877,1,True
Finland,Germany,72192400,Stainless steel flat products,0.256,3044,1,True
United Kingdom,Netherlands,72169180,Angles shapes and sections,0.256,2000,2,True
Italy,Denmark,72222031,Stainless steel bars sections and wire,0.254,1522,1,True
France,Switzerland,72165099,Angles shapes and sections,0.254,48950,10,True
Switzerland,Netherlands,72230019,Stainless steel wire,0.253,1248,1,True
Belgium,Italy,72221910,Stainless steel bars sections and wire,0.253,1162,1,True
South Africa,Finland,72201100,Stainless steel flat products under 600mm,0.253,1241,1,True
China,France,72179020,Wire,0.253,2058,1,True
Taiwan,Germany,72166900,Angles shapes and sections,0.252,1410,1,True
China,China,72044191,Ferrous waste and scrap,0.252,2360,1,False
Indonesia,Italy,72230099,Stainless steel wire,0.252,2550,1,True
Unknown / not supplied,Ireland,72172050,Wire,0.25,368,1,True
Germany,France,72282091,Other alloy bars rods and sections,0.25,907,1,True
India,Poland,72029100,Ferro-alloys,0.25,3033,1,True
Spain,Ireland,72189980,Stainless steel ingots and semi-finished,0.25,2482,1,True
United Kingdom,Norway,72163310,Angles shapes and sections,0.25,2000,1,True
Canada,United States,72155080,Other bars and rods,0.25,1693,1,True
Brazil,Italy,72285069,Other alloy bars rods and sections,0.25,915,1,True
United Kingdom,Netherlands,72109080,Coated or plated flat products,0.25,2575,1,True
Denmark,Germany,72123000,Coated flat products under 600mm,0.25,1020,1,True
Germany,Luxembourg,72166190,Angles shapes and sections,0.25,30258,1,True
China,Slovenia,72022910,Ferro-alloys,0.25,904,1,True
Armenia,Armenia,72027000,Ferro-alloys,0.25,7547,1,False
Brazil,Armenia,72029300,Ferro-alloys,0.25,7224,1,True
Belgium,Belgium,72165099,Angles shapes and sections,0.25,3341,1,False
Austria,Germany,72166110,Angles shapes and sections,0.249,909,1,True
Ireland,Ireland,72201100,Stainless steel flat products under 600mm,0.249,4551,3,False
Vietnam,Vietnam,72179020,Wire,0.249,31134,4,False
United States,Norway,72221910,Stainless steel bars sections and wire,0.249,4589,3,True
Romania,Romania,72199080,Stainless steel flat products,0.248,9583,1,False
China,Hong Kong,72029910,Ferro-alloys,0.248,4441,3,True
Austria,Austria,72224010,Stainless steel bars sections and wire,0.248,913,1,False
South Korea,South Korea,72181000,Stainless steel ingots and semi-finished,0.248,6064,4,False
Spain,Germany,72166900,Angles shapes and sections,0.247,902,1,True
South Korea,United States,72288000,Other alloy bars rods and sections,0.247,963,1,True
Lithuania,Lithuania,72223097,Stainless steel bars sections and wire,0.247,4128,1,False
Ireland,Ireland,72193210,Stainless steel flat products,0.247,878,1,False
Spain,United States,72230019,Stainless steel wire,0.247,3021,1,True
Singapore,Singapore,72210010,Stainless steel bars and rods,0.247,4358,2,False
United States,Netherlands,72230019,Stainless steel wire,0.246,5120,3,True
China,China,72139990,Hot-rolled bars and rods,0.24500000000000002,12798,4,False
United Kingdom,Slovakia,72199080,Stainless steel flat products,0.245,2356,1,True
France,Italy,72149995,Other bars and rods,0.245,5652,2,True
Sweden,Germany,72092790,Cold-rolled flat products,0.245,2799,2,True
Taiwan,Taiwan,72282010,Other alloy bars rods and sections,0.245,880,1,False
Austria,France,72281090,Other alloy bars rods and sections,0.244,6740,1,True
Finland,France,72193510,Stainless steel flat products,0.24300000000000002,9504,6,True
Unknown / not supplied,Netherlands,72069000,Ingots and primary forms,0.243,1842,3,True
NU,France,72202021,Stainless steel flat products under 600mm,0.243,1107,1,True
Slovenia,Netherlands,72285069,Other alloy bars rods and sections,0.243,2676,1,True
Taiwan,Hungary,72209020,Stainless steel flat products under 600mm,0.243,6173,1,True
India,Italy,72155080,Other bars and rods,0.242,1113,1,True
Slovenia,Germany,72222089,Stainless steel bars sections and wire,0.241,1051,1,True
China,Belgium,72106900,Coated or plated flat products,0.241,2756,1,True
United States,France,72191410,Stainless steel flat products,0.241,31399,3,True
Japan,Japan,72222021,Stainless steel bars sections and wire,0.241,3639,1,False
Unknown / not supplied,Netherlands,72230019,Stainless steel wire,0.24,572,1,True
Georgia,Austria,72283061,Other alloy bars rods and sections,0.24,7439,1,True
Finland,France,72069000,Ingots and primary forms,0.24,2334,1,True
Netherlands,Netherlands,72021900,Ferro-alloys,0.24,1605,1,False
Unknown / not supplied,Ireland,72126000,Coated flat products under 600mm,0.24,1998,1,True
Brazil,Switzerland,72299020,Alloy steel wire,0.24,1815,1,True
Belgium,France,72069000,Ingots and primary forms,0.24,1807,1,True
Taiwan,Japan,72224090,Stainless steel bars sections and wire,0.239,4799,1,True
United Kingdom,France,72286080,Other alloy bars rods and sections,0.238,20851,1,True
United States,China,72189920,Stainless steel ingots and semi-finished,0.238,3458,1,True
United States,Canada,72221990,Stainless steel bars sections and wire,0.238,13288,1,True
Germany,United States,72181000,Stainless steel ingots and semi-finished,0.238,75037,1,True
Spain,Poland,72221910,Stainless steel bars sections and wire,0.237,2017,1,True
Sweden,United States,72224010,Stainless steel bars sections and wire,0.237,2332,1,True
Slovenia,France,72192190,Stainless steel flat products,0.237,1765,1,True
Japan,United States,72269191,Other alloy flat products under 600mm,0.237,2690,1,True
United States,Italy,72221181,Stainless steel bars sections and wire,0.236,7903,1,True
Italy,Denmark,72166110,Angles shapes and sections,0.236,7224,2,True
Austria,Austria,72179090,Wire,0.235,918,1,False
Mexico,United States,72202089,Stainless steel flat products under 600mm,0.235,4849,1,True
Germany,Germany,72162200,Angles shapes and sections,0.235,908,1,False
Germany,Ireland,72092790,Cold-rolled flat products,0.234,2864,1,True
Belgium,Norway,72221990,Stainless steel bars sections and wire,0.233,1304,1,True
Taiwan,Switzerland,72222029,Stainless steel bars sections and wire,0.233,2339,1,True
Unknown / not supplied,Germany,72191490,Stainless steel flat products,0.233,390,1,True
Czechia,Czechia,72162100,Angles shapes and sections,0.23299999999999998,5315,3,False
France,United States,72222021,Stainless steel bars sections and wire,0.232,8781,1,True
Sweden,China,72209080,Stainless steel flat products under 600mm,0.232,2309,1,True
Italy,Netherlands,72071114,Semi-finished steel,0.232,1682,1,True
Saudi Arabia,United Arab Emirates,72181000,Stainless steel ingots and semi-finished,0.232,3028,1,True
Poland,Poland,72165010,Angles shapes and sections,0.231,12091,1,False
China,France,72171039,Wire,0.231,1202,1,True
France,Netherlands,72124020,Coated flat products under 600mm,0.231,2053,1,True
United States,Germany,72269970,Other alloy flat products under 600mm,0.23,10205,2,True
Austria,Germany,72052100,Granules and powders,0.23,10591,3,True
Germany,Czechia,72254090,Other alloy flat products,0.23,3316,1,True
Unknown / not supplied,Ireland,72286080,Other alloy bars rods and sections,0.229,488,10,True
Germany,Ireland,72201100,Stainless steel flat products under 600mm,0.228,4552,3,True
Luxembourg,Belgium,72209080,Stainless steel flat products under 600mm,0.22799999999999998,5367,3,True
United Kingdom,Sweden,72201200,Stainless steel flat products under 600mm,0.227,15761,1,True
Slovenia,Germany,72222039,Stainless steel bars sections and wire,0.227,1073,1,True
Thailand,Poland,72172030,Wire,0.227,5075,1,True
Germany,QA,72052100,Granules and powders,0.226,1535,1,True
Germany,Sweden,72230019,Stainless steel wire,0.226,1626,1,True
United Kingdom,Spain,72224090,Stainless steel bars sections and wire,0.226,19885,2,True
Germany,Italy,72287090,Other alloy bars rods and sections,0.226,1501,1,True
China,China,72222011,Stainless steel bars sections and wire,0.226,2044,1,False
Belgium,Netherlands,72199080,Stainless steel flat products,0.226,10834,1,True
India,Norway,72259900,Other alloy flat products,0.226,3717,1,True
Austria,France,72202021,Stainless steel flat products under 600mm,0.22599999999999998,11390,3,True
United Kingdom,Netherlands,72051000,Granules and powders,0.225,2829,2,True
India,Spain,72221111,Stainless steel bars sections and wire,0.224,899,1,True
Taiwan,Taiwan,72222081,Stainless steel bars sections and wire,0.224,2256,1,False
Taiwan,Taiwan,72171090,Wire,0.224,1342,1,False
Slovenia,Slovenia,72261980,Other alloy flat products under 600mm,0.223,1587,1,False
Belgium,Belgium,72221111,Stainless steel bars sections and wire,0.223,6928,1,False
Spain,Spain,72262000,Other alloy flat products under 600mm,0.223,5230,2,False
Japan,United States,72261980,Other alloy flat products under 600mm,0.22200000000000003,2311,2,True
United Arab Emirates,United Arab Emirates,72199080,Stainless steel flat products,0.222,3527,1,False
Czechia,Czechia,72163110,Angles shapes and sections,0.221,1935,1,False
Czechia,Italy,72169110,Angles shapes and sections,0.221,1756,1,True
Germany,France,72164090,Angles shapes and sections,0.221,1576,1,True
Switzerland,Switzerland,72209080,Stainless steel flat products under 600mm,0.221,25232,8,False
France,France,72071116,Semi-finished steel,0.22,4466,1,False
Netherlands,Germany,72107080,Coated or plated flat products,0.22,5660,3,True
Romania,Austria,72149931,Other bars and rods,0.22,2383,1,True
Austria,Germany,72141000,Other bars and rods,0.22,4464,1,True
Switzerland,France,72193510,Stainless steel flat products,0.22,3378,1,True
Poland,Belgium,72269970,Other alloy flat products under 600mm,0.22,1688,1,True
Austria,Germany,72202029,Stainless steel flat products under 600mm,0.219,1584,1,True
China,Germany,72199020,Stainless steel flat products,0.218,7096,3,True
Spain,Netherlands,72224010,Stainless steel bars sections and wire,0.218,968,1,True
China,China,72089020,Hot-rolled flat products,0.218,1797,1,False
Spain,France,72224050,Stainless steel bars sections and wire,0.218,3167,1,True
Ireland,Ireland,72230019,Stainless steel wire,0.218,20895,6,False
Czechia,Ireland,72149931,Other bars and rods,0.218,1428,1,True
Germany,Austria,72125090,Coated flat products under 600mm,0.218,1428,1,True
China,United States,72189920,Stainless steel ingots and semi-finished,0.217,1178,1,True
Germany,Sweden,72224050,Stainless steel bars sections and wire,0.217,4985,1,True
PY,PY,72069000,Ingots and primary forms,0.217,6127,1,False
France,France,72166900,Angles shapes and sections,0.216,997,1,False
Switzerland,Switzerland,72221189,Stainless steel bars sections and wire,0.216,8263,3,False
United Kingdom,United States,72155019,Other bars and rods,0.216,25187,1,True
United States,Ireland,72172010,Wire,0.216,1045,1,True
France,Netherlands,72193210,Stainless steel flat products,0.216,1197,1,True
United Kingdom,Germany,72283061,Other alloy bars rods and sections,0.215,1211,1,True
Spain,Spain,72089080,Hot-rolled flat products,0.214,3949,3,False
Netherlands,Belgium,72191210,Stainless steel flat products,0.214,1103,1,True
Spain,Spain,72124020,Coated flat products under 600mm,0.214,1670,1,False
United Kingdom,France,72299090,Alloy steel wire,0.21300000000000002,8931,2,True
Italy,Netherlands,72224050,Stainless steel bars sections and wire,0.213,2185,2,True
Spain,Germany,72222011,Stainless steel bars sections and wire,0.212,951,1,True
Brazil,France,72283069,Other alloy bars rods and sections,0.211,2919,1,True
Norway,Norway,72141000,Other bars and rods,0.211,1361,1,False
Luxembourg,Germany,72221910,Stainless steel bars sections and wire,0.211,954,1,True
United Kingdom,United States,72222011,Stainless steel bars sections and wire,0.211,3704,2,True
Ireland,Ireland,72125030,Coated flat products under 600mm,0.211,1636,1,False
Mexico,United States,72286020,Other alloy bars rods and sections,0.211,1074,1,True
Spain,Italy,72249002,Alloy steel ingots and semi-finished,0.21,7105,1,True
Czechia,Germany,72163110,Angles shapes and sections,0.21,2178,1,True
India,Germany,72044990,Ferrous waste and scrap,0.209,1222,1,True
United Kingdom,Netherlands,72224090,Stainless steel bars sections and wire,0.209,10942,4,True
Italy,Germany,72201200,Stainless steel flat products under 600mm,0.209,2058,1,True
Germany,United States,72224010,Stainless steel bars sections and wire,0.208,2426,1,True
United Kingdom,Switzerland,72052100,Granules and powders,0.207,6164,1,True
Switzerland,Switzerland,72223097,Stainless steel bars sections and wire,0.20600000000000002,13928,5,False
Japan,Italy,72201100,Stainless steel flat products under 600mm,0.20600000000000002,3849,2,True
India,Sweden,72221181,Stainless steel bars sections and wire,0.20600000000000002,4012,3,True
Sweden,Sweden,72222021,Stainless steel bars sections and wire,0.205,2228,1,False
Sweden,Switzerland,72269970,Other alloy flat products under 600mm,0.205,3335,1,True
Sierra Leone,Germany,72285061,Other alloy bars rods and sections,0.205,1852,1,True
Slovenia,United States,72221111,Stainless steel bars sections and wire,0.205,2443,1,True
Denmark,Denmark,72221990,Stainless steel bars sections and wire,0.205,5036,2,False
Austria,Austria,72169900,Angles shapes and sections,0.204,2664,1,False
Slovakia,France,72201100,Stainless steel flat products under 600mm,0.204,2881,1,True
Netherlands,Netherlands,72162200,Angles shapes and sections,0.204,2352,1,False
Italy,Italy,72119020,Flat products under 600mm,0.204,2977,1,False
United States,Canada,72202081,Stainless steel flat products under 600mm,0.203,3737,2,True
United States,Canada,72052100,Granules and powders,0.203,13806,5,True
Sweden,Norway,72193100,Stainless steel flat products,0.203,2287,1,True
United Kingdom,United States,72249090,Alloy steel ingots and semi-finished,0.203,1704,1,True
Switzerland,Germany,72249018,Alloy steel ingots and semi-finished,0.203,1405,1,True
Austria,Switzerland,72161000,Angles shapes and sections,0.203,3244,2,True
Unknown / not supplied,Ireland,72201200,Stainless steel flat products under 600mm,0.20299999999999999,7094,3,True
Denmark,Denmark,72071210,Semi-finished steel,0.20299999999999999,12483,4,False
China,Germany,72192400,Stainless steel flat products,0.201,1633,1,True
Norway,Norway,72201100,Stainless steel flat products under 600mm,0.201,16604,2,False
Estonia,Spain,72281090,Other alloy bars rods and sections,0.2,955,1,True
Pakistan,Denmark,72259100,Other alloy flat products,0.2,2704,1,True
Czechia,Germany,72072080,Semi-finished steel,0.2,892,1,True
Spain,Norway,72124020,Coated flat products under 600mm,0.2,20014,1,True
Unknown / not supplied,Austria,72284010,Other alloy bars rods and sections,0.2,4194,1,True
Japan,Sweden,72221181,Stainless steel bars sections and wire,0.2,8104,1,True
Poland,Poland,72101280,Coated or plated flat products,0.2,3659,2,False
United Kingdom,United States,72193100,Stainless steel flat products,0.2,4856,1,True
Unknown / not supplied,Poland,72085310,Hot-rolled flat products,0.2,833,2,True
Italy,Italy,72189920,Stainless steel ingots and semi-finished,0.2,11111,1,False
India,Netherlands,72222081,Stainless steel bars sections and wire,0.2,5378,2,True
Hungary,Hungary,72166110,Angles shapes and sections,0.2,1020,1,False
Belgium,Netherlands,72269970,Other alloy flat products under 600mm,0.199,2104,1,True
United Kingdom,Canada,72126000,Coated flat products under 600mm,0.198,3436,1,True
Romania,France,72281090,Other alloy bars rods and sections,0.198,1483,1,True
Netherlands,Netherlands,72159000,Other bars and rods,0.198,7100,6,False
Sweden,Sweden,72222081,Stainless steel bars sections and wire,0.198,2032,1,False
China,Hong Kong,72029980,Ferro-alloys,0.197,7465,2,True
Netherlands,Germany,72189180,Stainless steel ingots and semi-finished,0.197,2053,1,True
India,India,72015090,Pig iron,0.197,2772,1,False
Belgium,Belgium,72221181,Stainless steel bars sections and wire,0.197,6499,1,False
Taiwan,United States,72241010,Alloy steel ingots and semi-finished,0.197,10454,2,True
Sweden,Germany,72269120,Other alloy flat products under 600mm,0.196,1778,1,True
Germany,Norway,72119020,Flat products under 600mm,0.196,4029,1,True
Spain,Netherlands,72283069,Other alloy bars rods and sections,0.196,3657,2,True
Netherlands,Netherlands,72052100,Granules and powders,0.196,3678,3,False
Germany,France,72202021,Stainless steel flat products under 600mm,0.196,1087,1,True
Germany,Germany,72164090,Angles shapes and sections,0.196,879,1,False
United States,United States,72142000,Other bars and rods,0.195,4821,1,False
Spain,Poland,72142000,Other bars and rods,0.195,380,1,True
China,Poland,72230019,Stainless steel wire,0.195,1348,1,True
Germany,Austria,72249002,Alloy steel ingots and semi-finished,0.194,14803,7,True
Czechia,Netherlands,72285020,Other alloy bars rods and sections,0.194,2338,1,True
United States,United States,72162200,Angles shapes and sections,0.194,7694,1,False
Germany,Poland,72222021,Stainless steel bars sections and wire,0.193,2261,1,True
Unknown / not supplied,Netherlands,72179020,Wire,0.193,1093,2,True
Sweden,Germany,72222031,Stainless steel bars sections and wire,0.192,3665,2,True
Spain,Italy,72201100,Stainless steel flat products under 600mm,0.192,16697,1,True
Austria,Austria,72109080,Coated or plated flat products,0.192,2777,2,False
Germany,Netherlands,72224050,Stainless steel bars sections and wire,0.19199999999999998,3365,3,True
United States,Ireland,72230019,Stainless steel wire,0.191,43987,9,True
India,Netherlands,72029980,Ferro-alloys,0.191,1856,1,True
China,Hong Kong,72091710,Cold-rolled flat products,0.191,1019,1,True
United Kingdom,Ireland,72259200,Other alloy flat products,0.19,2225,1,True
Australia,Australia,72099080,Cold-rolled flat products,0.19,998,1,False
Norway,Norway,72288000,Other alloy bars rods and sections,0.19,11482,1,False
United States,United States,72282010,Other alloy bars rods and sections,0.19,5330,1,False
Slovenia,Slovenia,72166110,Angles shapes and sections,0.189,3295,2,False
Austria,Austria,72285080,Other alloy bars rods and sections,0.189,2175,1,False
Italy,Italy,72106100,Coated or plated flat products,0.189,917,1,False
Austria,Austria,72155011,Other bars and rods,0.188,2649,2,False
India,United States,72223097,Stainless steel bars sections and wire,0.188,936,1,True
United States,Canada,72249090,Alloy steel ingots and semi-finished,0.188,10879,1,True
Slovenia,France,72285061,Other alloy bars rods and sections,0.188,1338,1,True
United Kingdom,Norway,72284090,Other alloy bars rods and sections,0.188,876,1,True
Czechia,Germany,72166190,Angles shapes and sections,0.187,4762,3,True
Ireland,Germany,72155080,Other bars and rods,0.187,2735,1,True
Poland,Poland,72162200,Angles shapes and sections,0.187,2362,1,False
United Arab Emirates,United Arab Emirates,72222011,Stainless steel bars sections and wire,0.186,2455,1,False
Netherlands,France,72107010,Coated or plated flat products,0.186,2481,1,True
Belgium,Germany,72092690,Cold-rolled flat products,0.186,1734,1,True
Luxembourg,Luxembourg,72224090,Stainless steel bars sections and wire,0.186,1285,1,False
Slovenia,Portugal,72192110,Stainless steel flat products,0.186,1434,1,True
Finland,Sweden,72149190,Other bars and rods,0.186,896,1,True
United States,United States,72071912,Semi-finished steel,0.184,2404,1,False
United States,United States,72091610,Cold-rolled flat products,0.184,2741,1,False
United Kingdom,United States,72285080,Other alloy bars rods and sections,0.18300000000000002,6444,2,True
Czechia,Germany,72222081,Stainless steel bars sections and wire,0.182,886,1,True
Taiwan,Taiwan,72241010,Alloy steel ingots and semi-finished,0.182,7539,1,False
Japan,United States,72202081,Stainless steel flat products under 600mm,0.182,8438,1,True
Brazil,Brazil,72281090,Other alloy bars rods and sections,0.182,3936,1,False
Estonia,Estonia,72193410,Stainless steel flat products,0.182,1363,1,False
Italy,Switzerland,72224090,Stainless steel bars sections and wire,0.181,4749,3,True
Germany,Netherlands,72283069,Other alloy bars rods and sections,0.181,1181,1,True
Japan,Germany,72202081,Stainless steel flat products under 600mm,0.181,3793,2,True
Netherlands,Germany,72230019,Stainless steel wire,0.18,1364,1,True
Italy,Italy,72230011,Stainless steel wire,0.18,2973,1,False
Austria,Austria,72191100,Stainless steel flat products,0.18,2868,1,False
Unknown / not supplied,Italy,72193410,Stainless steel flat products,0.18,2994,1,True
Vietnam,Germany,72230019,Stainless steel wire,0.18,959,1,True
China,Hong Kong,72069000,Ingots and primary forms,0.18,13631,1,True
Lithuania,Lithuania,72166190,Angles shapes and sections,0.18,1003,1,False
KM,KM,72043000,Ferrous waste and scrap,0.18,1484,1,False
Sweden,Germany,72052100,Granules and powders,0.18,7173,4,True
United States,Netherlands,72125090,Coated flat products under 600mm,0.179,1488,1,True
Slovakia,Slovakia,72171010,Wire,0.178,4234,1,False
Germany,Netherlands,72164090,Angles shapes and sections,0.178,1297,1,True
United States,Ireland,72222081,Stainless steel bars sections and wire,0.177,3224,1,True
SB,Australia,72029980,Ferro-alloys,0.176,4550,1,True
Sweden,Sweden,72221990,Stainless steel bars sections and wire,0.17500000000000002,3048,2,False
Greece,Bulgaria,72209020,Stainless steel flat products under 600mm,0.175,7132,1,True
Unknown / not supplied,Ireland,72089080,Hot-rolled flat products,0.175,1763,6,True
United States,Germany,72209080,Stainless steel flat products under 600mm,0.175,7734,2,True
Germany,Germany,72015090,Pig iron,0.175,10511,2,False
Switzerland,Switzerland,72124080,Coated flat products under 600mm,0.174,6900,1,False
India,Italy,72101100,Coated or plated flat products,0.172,1531,1,True
France,Germany,72161000,Angles shapes and sections,0.171,950,1,True
Netherlands,Netherlands,72202089,Stainless steel flat products under 600mm,0.171,8768,3,False
Germany,Denmark,72223097,Stainless steel bars sections and wire,0.171,3009,1,True
United States,United States,72269910,Other alloy flat products under 600mm,0.171,12020,1,False
China,Germany,72193510,Stainless steel flat products,0.171,3944,1,True
France,United States,72283069,Other alloy bars rods and sections,0.17099999999999999,11367,6,True
Japan,Germany,72199080,Stainless steel flat products,0.17099999999999999,3173,3,True
France,France,72084000,Hot-rolled flat products,0.17,1351,1,False
Portugal,United States,72224010,Stainless steel bars sections and wire,0.17,1649,1,True
Germany,Netherlands,72283049,Other alloy bars rods and sections,0.17,2404,1,True
Norway,Norway,72285080,Other alloy bars rods and sections,0.17,15921,2,False
Belgium,Belgium,72161000,Angles shapes and sections,0.17,887,1,False
Estonia,Austria,72131000,Hot-rolled bars and rods,0.17,3752,1,True
China,Germany,72259100,Other alloy flat products,0.16999999999999998,2620,2,True
France,Switzerland,72189980,Stainless steel ingots and semi-finished,0.169,1635,1,True
United States,Kazakhstan,72083900,Hot-rolled flat products,0.169,2599,1,True
United States,United States,72139990,Hot-rolled bars and rods,0.169,30176,6,False
Portugal,Belgium,72222081,Stainless steel bars sections and wire,0.169,956,1,True
Japan,Denmark,72171010,Wire,0.169,1549,1,True
Belgium,Belgium,72125020,Coated flat products under 600mm,0.168,3283,1,False
Unknown / not supplied,Netherlands,72224090,Stainless steel bars sections and wire,0.168,2403,1,True
Ukraine,Germany,72283069,Other alloy bars rods and sections,0.167,1214,1,True
Italy,Germany,72283070,Other alloy bars rods and sections,0.167,1116,1,True
Greece,Netherlands,72224090,Stainless steel bars sections and wire,0.167,3253,1,True
Switzerland,Switzerland,72082500,Hot-rolled flat products,0.166,4027,1,False
Poland,France,72171090,Wire,0.165,7648,1,True
Germany,Poland,72166900,Angles shapes and sections,0.164,1688,1,True
France,United States,72193210,Stainless steel flat products,0.163,3184,1,True
United Kingdom,Italy,72287010,Other alloy bars rods and sections,0.162,51118,1,True
Slovakia,France,72179090,Wire,0.161,940,1,True
Slovakia,Slovakia,72224010,Stainless steel bars sections and wire,0.161,971,1,False
Netherlands,France,72254090,Other alloy flat products,0.161,1381,1,True
Sweden,Sweden,72259100,Other alloy flat products,0.161,4490,1,False
Italy,Italy,72021120,Ferro-alloys,0.16,2570,1,False
India,Germany,72193410,Stainless steel flat products,0.16,1221,1,True
Germany,LI,72224050,Stainless steel bars sections and wire,0.16,4110,1,True
Portugal,Portugal,72089080,Hot-rolled flat products,0.16,4075,1,False
Italy,Italy,72125090,Coated flat products under 600mm,0.16,1372,1,False
United States,Canada,72166190,Angles shapes and sections,0.16,1890,1,True
China,France,72142000,Other bars and rods,0.16,14172,3,True
Taiwan,Taiwan,72029980,Ferro-alloys,0.15999999999999998,8584,3,False
Denmark,Denmark,72171039,Wire,0.159,24924,1,False
Netherlands,Netherlands,72283049,Other alloy bars rods and sections,0.159,14807,2,False
Unknown / not supplied,Ireland,72082500,Hot-rolled flat products,0.158,6293,1,True
United States,Germany,72209020,Stainless steel flat products under 600mm,0.158,2603,2,True
Unknown / not supplied,Ireland,72209020,Stainless steel flat products under 600mm,0.158,4136,3,True
United Kingdom,Italy,72286020,Other alloy bars rods and sections,0.157,1396,1,True
France,Germany,72193210,Stainless steel flat products,0.157,2138,1,True
France,Germany,72230091,Stainless steel wire,0.157,2497,2,True
Spain,Spain,72091690,Cold-rolled flat products,0.157,996,1,False
Sweden,Netherlands,72122000,Coated flat products under 600mm,0.157,2845,1,True
Norway,Norway,72107080,Coated or plated flat products,0.156,1234,1,False
China,India,72269970,Other alloy flat products under 600mm,0.156,1109,1,True
Sweden,Ireland,72281090,Other alloy bars rods and sections,0.156,2691,1,True
United Kingdom,United States,72179020,Wire,0.155,2000,1,True
United States,Australia,72230019,Stainless steel wire,0.155,7564,2,True
Germany,Netherlands,72281020,Other alloy bars rods and sections,0.154,1577,1,True
China,Spain,72254090,Other alloy flat products,0.154,2251,1,True
United States,United States,72031000,Direct reduced iron,0.153,3681,2,False
Belgium,Slovakia,72192110,Stainless steel flat products,0.153,2536,1,True
China,China,72189911,Stainless steel ingots and semi-finished,0.153,953,1,False
Italy,Netherlands,72221181,Stainless steel bars sections and wire,0.153,3876,1,True
India,India,72253010,Other alloy flat products,0.153,1280,1,False
Switzerland,Switzerland,72202041,Stainless steel flat products under 600mm,0.152,13291,1,False
Netherlands,Netherlands,72285069,Other alloy bars rods and sections,0.152,2333,1,False
United Kingdom,Germany,72111300,Flat products under 600mm,0.15,2514,1,True
Spain,France,72104900,Coated or plated flat products,0.15,5128,1,True
Mexico,Mexico,72223051,Stainless steel bars sections and wire,0.15,30180,1,False
France,Norway,72285061,Other alloy bars rods and sections,0.15,2825,1,True
Germany,Italy,72199080,Stainless steel flat products,0.15,1433,1,True
Belgium,Italy,72202081,Stainless steel flat products under 600mm,0.15,902,1,True
Ireland,Ireland,72099080,Cold-rolled flat products,0.15,8746,1,False
Poland,Poland,72249090,Alloy steel ingots and semi-finished,0.15,1319,1,False
Kenya,Kenya,72224050,Stainless steel bars sections and wire,0.15,2200,1,False
Germany,Ireland,72283061,Other alloy bars rods and sections,0.15,4992,1,True
France,Switzerland,72166900,Angles shapes and sections,0.15,6455,1,True
United States,Canada,72151000,Other bars and rods,0.15,2809,1,True
Norway,Norway,72209080,Stainless steel flat products under 600mm,0.15,6908,3,False
Italy,Turkey,72193310,Stainless steel flat products,0.15,2290,1,True
NU,Germany,72202021,Stainless steel flat products under 600mm,0.15,1081,1,True
Belgium,Poland,72193390,Stainless steel flat products,0.149,992,1,True
United Kingdom,Italy,72230019,Stainless steel wire,0.149,978,1,True
Austria,Germany,72163110,Angles shapes and sections,0.148,2536,1,True
Taiwan,United States,72241090,Alloy steel ingots and semi-finished,0.148,1330,1,True
China,Denmark,72191390,Stainless steel flat products,0.147,1724,1,True
United Kingdom,United States,72221181,Stainless steel bars sections and wire,0.147,1826,1,True
United Kingdom,Denmark,72199080,Stainless steel flat products,0.147,2605,1,True
Austria,Germany,72201100,Stainless steel flat products under 600mm,0.147,8403,1,True
China,Netherlands,72222031,Stainless steel bars sections and wire,0.147,1168,1,True
Austria,Austria,72071919,Semi-finished steel,0.147,1829,2,False
India,India,72286020,Other alloy bars rods and sections,0.14600000000000002,20853,2,False
China,Hong Kong,72092690,Cold-rolled flat products,0.146,3249,2,True
Germany,Czechia,72155080,Other bars and rods,0.146,1164,1,True
United Kingdom,United States,72230019,Stainless steel wire,0.146,5357,4,True
Unknown / not supplied,Czechia,72230019,Stainless steel wire,0.14500000000000002,4243,2,True
Italy,France,72221189,Stainless steel bars sections and wire,0.14500000000000002,3836,2,True
Hungary,Germany,72166110,Angles shapes and sections,0.145,1573,1,True
Germany,Hong Kong,72222031,Stainless steel bars sections and wire,0.145,1282,1,True
Italy,Greece,72166110,Angles shapes and sections,0.145,994,1,True
Ireland,Ireland,72249002,Alloy steel ingots and semi-finished,0.145,24355,5,False
Denmark,Denmark,72173090,Wire,0.14400000000000002,6869,3,False
France,Germany,72254090,Other alloy flat products,0.144,1226,1,True
Romania,Romania,72104900,Coated or plated flat products,0.144,2343,1,False
Turkey,Turkey,72099020,Cold-rolled flat products,0.144,1423,1,False
Slovakia,Slovakia,72044199,Ferrous waste and scrap,0.14300000000000002,4083,3,False
United Kingdom,Philippines,72199080,Stainless steel flat products,0.14300000000000002,6463,4,True
Belgium,Germany,72269199,Other alloy flat products under 600mm,0.143,935,1,True
United Kingdom,Japan,72071111,Semi-finished steel,0.143,1476,1,True
Austria,Sweden,72221181,Stainless steel bars sections and wire,0.143,2360,1,True
Sweden,Germany,72230099,Stainless steel wire,0.14100000000000001,2485,2,True
United Kingdom,Netherlands,72171090,Wire,0.141,1533,1,True
Slovenia,United States,72286080,Other alloy bars rods and sections,0.141,1226,1,True
Germany,Denmark,72199080,Stainless steel flat products,0.141,3349,1,True
Czechia,Ireland,72292000,Alloy steel wire,0.14,1457,1,True
Spain,Germany,72193510,Stainless steel flat products,0.14,2022,1,True
Japan,Japan,72221910,Stainless steel bars sections and wire,0.14,2539,1,False
Denmark,Denmark,72230099,Stainless steel wire,0.14,4116,3,False
Germany,United States,72072080,Semi-finished steel,0.14,9023,1,True
United States,Sweden,72192400,Stainless steel flat products,0.139,2368,1,True
South Korea,United States,72230019,Stainless steel wire,0.139,2331,1,True
United States,Netherlands,72193210,Stainless steel flat products,0.139,2345,1,True
Austria,Sweden,72283070,Other alloy bars rods and sections,0.138,988,1,True
United Kingdom,Italy,72224090,Stainless steel bars sections and wire,0.138,30409,3,True
United States,United States,72085299,Hot-rolled flat products,0.138,1541,1,False
United States,United States,72105000,Coated or plated flat products,0.138,33690,4,False
Norway,Norway,72119020,Flat products under 600mm,0.138,2262,1,False
Italy,Germany,72109030,Coated or plated flat products,0.138,1012,1,True
China,Germany,72192110,Stainless steel flat products,0.137,3291,1,True
Sweden,Netherlands,72281050,Other alloy bars rods and sections,0.136,1294,1,True
Sweden,Sweden,72071980,Semi-finished steel,0.136,20862,3,False
United Arab Emirates,United Arab Emirates,72201100,Stainless steel flat products under 600mm,0.135,2452,1,False
India,Belgium,72224010,Stainless steel bars sections and wire,0.135,6081,1,True
Italy,Netherlands,72222089,Stainless steel bars sections and wire,0.134,2046,2,True
Portugal,Portugal,72284010,Other alloy bars rods and sections,0.134,6534,1,False
Finland,France,72201100,Stainless steel flat products under 600mm,0.134,2626,1,True
Spain,Czechia,72283069,Other alloy bars rods and sections,0.133,1078,1,True
Denmark,Denmark,72223097,Stainless steel bars sections and wire,0.133,15217,5,False
Switzerland,Switzerland,72202089,Stainless steel flat products under 600mm,0.133,41562,9,False
Canada,Canada,72092500,Cold-rolled flat products,0.133,2827,1,False
Norway,Norway,72179090,Wire,0.133,1107,1,False
Turkey,Turkey,72279095,Alloy bars and rods hot-rolled,0.132,2074,1,False
France,United States,72221111,Stainless steel bars sections and wire,0.131,3196,1,True
Germany,United States,72092500,Cold-rolled flat products,0.131,5423,1,True
South Africa,Ireland,72112380,Flat products under 600mm,0.131,5870,2,True
Czechia,Czechia,72262000,Other alloy flat products under 600mm,0.131,2209,1,False
China,Hong Kong,72241010,Alloy steel ingots and semi-finished,0.131,2864,1,True
Sweden,France,72209080,Stainless steel flat products under 600mm,0.13,6799,1,True
Italy,Italy,72109080,Coated or plated flat products,0.13,32537,5,False
United Arab Emirates,United Arab Emirates,72163110,Angles shapes and sections,0.13,1454,1,False
United States,United States,72024190,Ferro-alloys,0.13,4967,3,False
Denmark,Denmark,72285080,Other alloy bars rods and sections,0.13,4085,1,False
Spain,Spain,72191490,Stainless steel flat products,0.13,9452,3,False
India,Sweden,72284090,Other alloy bars rods and sections,0.13,3592,1,True
Italy,Switzerland,72199020,Stainless steel flat products,0.13,1046,1,True
Ireland,Ireland,72111300,Flat products under 600mm,0.13,1347,1,False
Turkey,Sweden,72283061,Other alloy bars rods and sections,0.129,3361,1,True
Austria,Germany,72162100,Angles shapes and sections,0.129,1250,1,True
Germany,Denmark,72085191,Hot-rolled flat products,0.129,4974,1,True
United Kingdom,Belgium,72159000,Other bars and rods,0.129,15838,6,True
France,Ireland,72202021,Stainless steel flat products under 600mm,0.128,2457,2,True
Italy,Norway,72222039,Stainless steel bars sections and wire,0.128,1190,1,True
Bulgaria,Bulgaria,72222089,Stainless steel bars sections and wire,0.128,1344,1,False
Switzerland,Switzerland,72189911,Stainless steel ingots and semi-finished,0.128,1969,1,False
China,United States,72223091,Stainless steel bars sections and wire,0.127,2185,1,True
Turkey,Germany,72124080,Coated flat products under 600mm,0.127,1605,1,True
United States,France,72192210,Stainless steel flat products,0.127,1962,1,True
Malaysia,Malaysia,72224090,Stainless steel bars sections and wire,0.126,5903,1,False
Malaysia,Malaysia,72103000,Coated or plated flat products,0.126,1231,1,False
Sweden,Sweden,72072080,Semi-finished steel,0.126,2441,2,False
Austria,Poland,72193210,Stainless steel flat products,0.126,3138,1,True
Italy,Switzerland,72166190,Angles shapes and sections,0.126,2719,2,True
Germany,Denmark,72202041,Stainless steel flat products under 600mm,0.126,3398,1,True
South Korea,South Korea,72071980,Semi-finished steel,0.125,4357,1,False
Malaysia,Malaysia,72223097,Stainless steel bars sections and wire,0.125,1269,1,False
Portugal,Norway,72210010,Stainless steel bars and rods,0.125,3565,1,True
Germany,United States,72221189,Stainless steel bars sections and wire,0.124,1089,1,True
Japan,Japan,72223097,Stainless steel bars sections and wire,0.124,13644,3,False
Estonia,Sweden,72199080,Stainless steel flat products,0.124,1206,1,True
United Kingdom,France,72149190,Other bars and rods,0.124,9237,7,True
Germany,Turkey,72221189,Stainless steel bars sections and wire,0.124,2068,1,True
France,Austria,72283061,Other alloy bars rods and sections,0.124,1127,1,True
Unknown / not supplied,Germany,72222029,Stainless steel bars sections and wire,0.123,446,1,True
Austria,Austria,72149190,Other bars and rods,0.123,3960,3,False
Italy,United States,72230099,Stainless steel wire,0.123,9090,2,True
Netherlands,Netherlands,72071190,Semi-finished steel,0.122,5616,3,False
United Kingdom,France,72149110,Other bars and rods,0.122,10033,7,True
Netherlands,Netherlands,72107010,Coated or plated flat products,0.121,1645,1,False
Italy,Italy,72052100,Granules and powders,0.121,20330,4,False
Poland,Czechia,72283069,Other alloy bars rods and sections,0.121,1176,1,True
Belgium,Netherlands,72124020,Coated flat products under 600mm,0.121,1064,1,True
France,Netherlands,72192400,Stainless steel flat products,0.12,1514,1,True
China,Poland,72193410,Stainless steel flat products,0.12,3009,1,True
Netherlands,Netherlands,72262000,Other alloy flat products under 600mm,0.12,1719,1,False
Germany,Switzerland,72193100,Stainless steel flat products,0.12,50644,1,True
United States,China,72287090,Other alloy bars rods and sections,0.12,10505,1,True
India,United States,72224090,Stainless steel bars sections and wire,0.12,3775,2,True
France,France,72104100,Coated or plated flat products,0.12,3067,1,False
China,United States,72210090,Stainless steel bars and rods,0.12,5892,1,True
Slovakia,Hungary,72099080,Cold-rolled flat products,0.12,3928,1,True
United States,United States,72112320,Flat products under 600mm,0.12,984,1,False
Spain,Czechia,72283061,Other alloy bars rods and sections,0.12,2550,1,True
Germany,Germany,72288000,Other alloy bars rods and sections,0.11900000000000001,5145,2,False
Poland,Poland,72193410,Stainless steel flat products,0.119,3917,2,False
Germany,Germany,72259100,Other alloy flat products,0.119,2620,1,False
China,Hong Kong,72132000,Hot-rolled bars and rods,0.119,9113,5,True
Denmark,Denmark,72143000,Other bars and rods,0.119,2981,1,False
Unknown / not supplied,Ireland,72241010,Alloy steel ingots and semi-finished,0.119,294,4,True
China,United States,72159000,Other bars and rods,0.119,961,1,True
China,United States,72201100,Stainless steel flat products under 600mm,0.119,4245,1,True
India,India,72202049,Stainless steel flat products under 600mm,0.119,8063,2,False
Italy,Italy,72269970,Other alloy flat products under 600mm,0.118,990,1,False
Switzerland,Switzerland,72069000,Ingots and primary forms,0.118,4357,1,False
Poland,Sweden,72166190,Angles shapes and sections,0.118,1466,1,True
United Kingdom,United States,72109080,Coated or plated flat products,0.118,1823,1,True
Spain,Germany,72224050,Stainless steel bars sections and wire,0.118,2948,1,True
Italy,Czechia,72285069,Other alloy bars rods and sections,0.118,1636,1,True
United States,Germany,72199080,Stainless steel flat products,0.117,2587,1,True
Taiwan,Taiwan,72209080,Stainless steel flat products under 600mm,0.117,1154,1,False
Austria,Italy,72169110,Angles shapes and sections,0.117,932,1,True
United States,Netherlands,72193310,Stainless steel flat products,0.11699999999999999,4946,2,True
France,Belgium,72222021,Stainless steel bars sections and wire,0.116,1683,1,True
Germany,Czechia,72287090,Other alloy bars rods and sections,0.116,2916,1,True
Germany,Austria,72126000,Coated flat products under 600mm,0.116,2297,1,True
Portugal,Portugal,72283020,Other alloy bars rods and sections,0.116,33207,1,False
Unknown / not supplied,Czechia,72254060,Other alloy flat products,0.116,1813,1,True
Sweden,United States,72171090,Wire,0.115,1068,1,True
Singapore,Singapore,72042190,Ferrous waste and scrap,0.115,930,1,False
Slovenia,Czechia,72230019,Stainless steel wire,0.115,1034,1,True
Sweden,Sweden,72069000,Ingots and primary forms,0.115,3744,2,False
United States,Ireland,72223097,Stainless steel bars sections and wire,0.115,2358,1,True
South Africa,South Africa,72221910,Stainless steel bars sections and wire,0.115,1592,1,False
Switzerland,Belgium,72169900,Angles shapes and sections,0.115,6817,2,True
Switzerland,Germany,72181000,Stainless steel ingots and semi-finished,0.115,1619,1,True
China,Italy,72189980,Stainless steel ingots and semi-finished,0.11499999999999999,1975,2,True
Germany,Germany,72091891,Cold-rolled flat products,0.114,28160,5,False
Romania,Germany,72221189,Stainless steel bars sections and wire,0.114,1063,1,True
Italy,Norway,72222021,Stainless steel bars sections and wire,0.114,1456,1,True
Sweden,Norway,72202041,Stainless steel flat products under 600mm,0.114,2441,1,True
Austria,France,72201100,Stainless steel flat products under 600mm,0.114,2666,1,True
Italy,Netherlands,72269930,Other alloy flat products under 600mm,0.113,1183,1,True
Czechia,Germany,72119080,Flat products under 600mm,0.113,5293,4,True
Sweden,United States,72173050,Wire,0.11299999999999999,12875,2,True
United Kingdom,Sweden,72283089,Other alloy bars rods and sections,0.112,4748,1,True
Germany,France,72149995,Other bars and rods,0.112,935,1,True
United Kingdom,Taiwan,72072011,Semi-finished steel,0.112,6521,1,True
Finland,Italy,72199080,Stainless steel flat products,0.112,4140,1,True
Germany,Germany,72191100,Stainless steel flat products,0.112,5517,2,False
Sweden,Ireland,72285020,Other alloy bars rods and sections,0.112,1512,1,True
Canada,United States,72221111,Stainless steel bars sections and wire,0.112,1600,1,True
France,United States,72222011,Stainless steel bars sections and wire,0.111,5119,1,True
Spain,Netherlands,72222019,Stainless steel bars sections and wire,0.111,1618,1,True
United Kingdom,United States,72181000,Stainless steel ingots and semi-finished,0.11099999999999999,8776,2,True
Netherlands,Netherlands,72173090,Wire,0.11000000000000001,19202,8,False
France,United States,72285080,Other alloy bars rods and sections,0.11,6365,2,True
United States,Switzerland,72222039,Stainless steel bars sections and wire,0.11,3757,1,True
Ireland,Ireland,72173090,Wire,0.11,4212,2,False
Poland,Poland,72230099,Stainless steel wire,0.11,17400,2,False
China,China,72092710,Cold-rolled flat products,0.11,2055,1,False
Denmark,China,72189980,Stainless steel ingots and semi-finished,0.11,1911,1,True
France,United States,72221181,Stainless steel bars sections and wire,0.10999999999999999,4215,3,True
China,France,72166190,Angles shapes and sections,0.109,56531,3,True
Germany,Germany,72269910,Other alloy flat products under 600mm,0.109,11739,4,False
Belgium,United States,72192210,Stainless steel flat products,0.109,1654,1,True
India,United States,72199080,Stainless steel flat products,0.109,1405,1,True
United Kingdom,Germany,72285069,Other alloy bars rods and sections,0.109,3187,1,True
India,Italy,72119080,Flat products under 600mm,0.109,1492,1,True
India,Italy,72121090,Coated flat products under 600mm,0.109,974,1,True
Japan,United States,72192190,Stainless steel flat products,0.108,1728,1,True
Unknown / not supplied,Ireland,72279095,Alloy bars and rods hot-rolled,0.108,921,1,True
United States,Germany,72221181,Stainless steel bars sections and wire,0.108,2390,1,True
France,France,72189180,Stainless steel ingots and semi-finished,0.10799999999999998,10997,4,False
Portugal,Portugal,72199080,Stainless steel flat products,0.10700000000000001,2581,1,False
China,Hong Kong,72111900,Flat products under 600mm,0.10700000000000001,5144,2,True
South Korea,South Korea,72029980,Ferro-alloys,0.107,6218,1,False
Spain,United States,72202089,Stainless steel flat products under 600mm,0.107,1470,1,True
Unknown / not supplied,Ireland,72299090,Alloy steel wire,0.106,2087,24,True
China,Hong Kong,72193490,Stainless steel flat products,0.106,4305,2,True
Denmark,Germany,72072052,Semi-finished steel,0.106,13854,2,True
France,France,72163291,Angles shapes and sections,0.106,1372,1,False
China,Hong Kong,72199080,Stainless steel flat products,0.106,10738,4,True
FO,FO,72071190,Semi-finished steel,0.105,2286,1,False
China,Germany,72202081,Stainless steel flat products under 600mm,0.105,2450,1,True
India,India,72109080,Coated or plated flat products,0.105,3169,2,False
Denmark,Denmark,72131000,Hot-rolled bars and rods,0.104,1463,1,False
Denmark,Denmark,72015010,Pig iron,0.104,1143,1,False
Ireland,Ireland,72202021,Stainless steel flat products under 600mm,0.104,879,1,False
China,Hong Kong,72166900,Angles shapes and sections,0.104,1442,1,True
Germany,Switzerland,72199020,Stainless steel flat products,0.10300000000000001,10653,3,True
AF,Netherlands,72230091,Stainless steel wire,0.103,1060,1,True
Taiwan,United States,72222039,Stainless steel bars sections and wire,0.103,1577,1,True
Austria,Finland,72193310,Stainless steel flat products,0.103,4040,1,True
Poland,Denmark,72299090,Alloy steel wire,0.103,1238,1,True
United States,France,72193100,Stainless steel flat products,0.103,5498,1,True
Slovakia,Denmark,72193410,Stainless steel flat products,0.102,4033,3,True
Sweden,Spain,72221111,Stainless steel bars sections and wire,0.102,1477,1,True
Japan,United States,72192210,Stainless steel flat products,0.102,1768,1,True
Germany,United States,72224050,Stainless steel bars sections and wire,0.102,1183,1,True
Germany,Switzerland,72255080,Other alloy flat products,0.101,3596,1,True
United States,France,72202021,Stainless steel flat products under 600mm,0.101,5062,3,True
Canada,United States,72209080,Stainless steel flat products under 600mm,0.101,1670,1,True
Taiwan,Germany,72287090,Other alloy bars rods and sections,0.101,885,1,True
Spain,Spain,72091899,Cold-rolled flat products,0.10099999999999999,3052,2,False
Italy,United States,72151000,Other bars and rods,0.10099999999999999,3530,1,True
China,Ireland,72189980,Stainless steel ingots and semi-finished,0.1,30000,1,True
United Kingdom,Germany,72201100,Stainless steel flat products under 600mm,0.1,1250,1,True
France,Germany,72193390,Stainless steel flat products,0.1,8643,1,True
United Kingdom,Netherlands,72199080,Stainless steel flat products,0.1,1133,1,True
United Kingdom,Germany,72052900,Granules and powders,0.1,5760,1,True
Netherlands,Norway,72166110,Angles shapes and sections,0.1,1419,1,True
United Kingdom,South Korea,72159000,Other bars and rods,0.1,2643,1,True
United Kingdom,United States,72281090,Other alloy bars rods and sections,0.1,8550,1,True
Sweden,Denmark,72269199,Other alloy flat products under 600mm,0.1,3473,1,True
Netherlands,Netherlands,72155011,Other bars and rods,0.1,1342,1,False
United Kingdom,Romania,72052100,Granules and powders,0.1,2850,1,True
Philippines,Philippines,72199080,Stainless steel flat products,0.099,7789,4,False
Switzerland,Switzerland,72193490,Stainless steel flat products,0.099,1561,1,False
Saudi Arabia,Saudi Arabia,72061000,Ingots and primary forms,0.099,1645,1,False
United Kingdom,Netherlands,72103000,Coated or plated flat products,0.099,5123,1,True
China,Germany,72165010,Angles shapes and sections,0.099,938,1,True
Germany,Ireland,72283089,Other alloy bars rods and sections,0.099,3668,2,True
Belgium,Germany,72299090,Alloy steel wire,0.098,5823,2,True
Norway,Norway,72169180,Angles shapes and sections,0.098,2000,1,False
Pakistan,Pakistan,72230091,Stainless steel wire,0.098,1631,1,False
Austria,Austria,72166900,Angles shapes and sections,0.097,3017,2,False
Unknown / not supplied,Czechia,72222031,Stainless steel bars sections and wire,0.097,2741,13,True
Japan,United States,72261100,Other alloy flat products under 600mm,0.097,997,1,True
Austria,Austria,72221189,Stainless steel bars sections and wire,0.096,1441,1,False
Poland,Germany,72166110,Angles shapes and sections,0.096,2593,1,True
Finland,Germany,72223097,Stainless steel bars sections and wire,0.096,6808,1,True
Unknown / not supplied,France,72223097,Stainless steel bars sections and wire,0.096,4948,25,True
Sweden,France,72192300,Stainless steel flat products,0.096,1016,1,True
Sweden,Belgium,72221181,Stainless steel bars sections and wire,0.096,4095,1,True
China,Netherlands,72222081,Stainless steel bars sections and wire,0.096,2609,1,True
United Kingdom,Malaysia,72210010,Stainless steel bars and rods,0.096,1368,1,True
United Kingdom,United States,72201100,Stainless steel flat products under 600mm,0.096,5871,2,True
United States,Kazakhstan,72061000,Ingots and primary forms,0.095,1395,1,True
Unknown / not supplied,Ireland,72269191,Other alloy flat products under 600mm,0.095,108,1,True
Austria,Germany,72124080,Coated flat products under 600mm,0.095,1193,1,True
United Kingdom,France,72202041,Stainless steel flat products under 600mm,0.095,5541,1,True
China,United States,72201200,Stainless steel flat products under 600mm,0.095,2440,1,True
Netherlands,Belgium,72224050,Stainless steel bars sections and wire,0.095,3719,2,True
United Arab Emirates,United Arab Emirates,72189980,Stainless steel ingots and semi-finished,0.094,1214,1,False
Denmark,Denmark,72125040,Coated flat products under 600mm,0.094,9154,1,False
Spain,Sweden,72210010,Stainless steel bars and rods,0.094,1403,1,True
Hungary,Hungary,72209020,Stainless steel flat products under 600mm,0.094,14874,3,False
Belgium,Norway,72221910,Stainless steel bars sections and wire,0.094,1057,1,True
Bosnia and Herzegovina,France,72107080,Coated or plated flat products,0.094,1155,1,True
Italy,United States,72221181,Stainless steel bars sections and wire,0.094,898,1,True
Sierra Leone,United States,72221119,Stainless steel bars sections and wire,0.094,1031,1,True
Austria,France,72254090,Other alloy flat products,0.094,3890,1,True
France,France,72119020,Flat products under 600mm,0.094,1888,1,False
China,United States,72193510,Stainless steel flat products,0.093,1539,1,True
Portugal,United States,72223051,Stainless steel bars sections and wire,0.093,990,1,True
Switzerland,Switzerland,72104900,Coated or plated flat products,0.093,9374,3,False
Japan,Australia,72230019,Stainless steel wire,0.093,2254,2,True
India,India,72111400,Flat products under 600mm,0.093,3172,2,False
United Kingdom,Spain,72285020,Other alloy bars rods and sections,0.093,7591,1,True
Austria,Switzerland,72166900,Angles shapes and sections,0.092,1338,1,True
Czechia,Czechia,72089080,Hot-rolled flat products,0.092,5912,2,False
Germany,Finland,72222021,Stainless steel bars sections and wire,0.092,875,1,True
Sweden,Netherlands,72230011,Stainless steel wire,0.092,1895,2,True
United States,United States,72112330,Flat products under 600mm,0.09100000000000001,17073,7,False
Netherlands,Netherlands,72112380,Flat products under 600mm,0.091,9361,3,False
Australia,Australia,72159000,Other bars and rods,0.091,1752,1,False
United Kingdom,Belgium,72119080,Flat products under 600mm,0.091,3046,2,True
Italy,Belgium,72199020,Stainless steel flat products,0.091,2187,1,True
South Korea,South Korea,72283020,Other alloy bars rods and sections,0.091,2371,1,False
Germany,Ireland,72224050,Stainless steel bars sections and wire,0.091,1622,1,True
Spain,Spain,72052100,Granules and powders,0.09,1355,1,False
United Arab Emirates,United Arab Emirates,72171090,Wire,0.09,3467,1,False
Taiwan,BN,72223097,Stainless steel bars sections and wire,0.09,2939,1,True
United Kingdom,Netherlands,72139910,Hot-rolled bars and rods,0.09,2502,1,True
Germany,Germany,72031000,Direct reduced iron,0.09,1756,1,False
Germany,Switzerland,72169180,Angles shapes and sections,0.09,4785,2,True
India,India,72161000,Angles shapes and sections,0.09,4918,1,False
Luxembourg,Luxembourg,72031000,Direct reduced iron,0.09,3271,1,False
Sweden,Sweden,72283020,Other alloy bars rods and sections,0.09,3565,1,False
Portugal,Portugal,72139990,Hot-rolled bars and rods,0.09,1017,1,False
Taiwan,Taiwan,72139990,Hot-rolled bars and rods,0.089,1223,1,False
United Kingdom,Switzerland,72173041,Wire,0.089,22186,1,True
United Kingdom,United States,72285069,Other alloy bars rods and sections,0.089,1115,1,True
Hungary,France,72169180,Angles shapes and sections,0.089,997,1,True
Norway,Norway,72159000,Other bars and rods,0.08800000000000001,10301,2,False
Italy,Germany,72199080,Stainless steel flat products,0.088,1637,1,True
Poland,Switzerland,72165099,Angles shapes and sections,0.088,3839,3,True
Poland,Germany,72104900,Coated or plated flat products,0.088,1004,1,True
Singapore,Singapore,72189980,Stainless steel ingots and semi-finished,0.088,8844,2,False
Unknown / not supplied,Germany,72221119,Stainless steel bars sections and wire,0.088,648,1,True
Denmark,Canada,72092500,Cold-rolled flat products,0.087,3035,1,True
Unknown / not supplied,Germany,72221181,Stainless steel bars sections and wire,0.087,490,1,True
Lithuania,Lithuania,72119080,Flat products under 600mm,0.087,5202,1,False
Slovakia,Slovakia,72189180,Stainless steel ingots and semi-finished,0.086,3267,1,False
Germany,Austria,72209080,Stainless steel flat products under 600mm,0.086,1348,1,True
Germany,France,72164010,Angles shapes and sections,0.086,6428,1,True
United Kingdom,United States,72222089,Stainless steel bars sections and wire,0.086,7986,1,True
Taiwan,Taiwan,72071290,Semi-finished steel,0.086,6854,1,False
Sri Lanka,Sri Lanka,72224090,Stainless steel bars sections and wire,0.086,11162,6,False
Spain,Belgium,72121090,Coated flat products under 600mm,0.086,913,1,True
Spain,Spain,72192400,Stainless steel flat products,0.086,1808,1,False
Finland,France,72201200,Stainless steel flat products under 600mm,0.085,3166,2,True
South Korea,South Korea,72121090,Coated flat products under 600mm,0.085,55959,1,False
Czechia,Czechia,72209020,Stainless steel flat products under 600mm,0.085,1378,1,False
China,Italy,72166110,Angles shapes and sections,0.085,1813,1,True
United Kingdom,Germany,72269200,Other alloy flat products under 600mm,0.085,8982,1,True
Norway,Norway,72199080,Stainless steel flat products,0.084,11629,3,False
Pakistan,Pakistan,72189980,Stainless steel ingots and semi-finished,0.084,2915,2,False
Unknown / not supplied,Netherlands,72191490,Stainless steel flat products,0.084,738,1,True
China,United Arab Emirates,72161000,Angles shapes and sections,0.084,1065,1,True
France,Germany,72192300,Stainless steel flat products,0.084,1088,1,True
Italy,France,72149190,Other bars and rods,0.08399999999999999,2162,2,True
Germany,Germany,72191490,Stainless steel flat products,0.08399999999999999,3631,2,False
France,United States,72222029,Stainless steel bars sections and wire,0.083,3673,1,True
China,Switzerland,72199020,Stainless steel flat products,0.083,10324,3,True
Ireland,Ireland,72259100,Other alloy flat products,0.083,1385,1,False
Singapore,Singapore,72109080,Coated or plated flat products,0.083,6117,1,False
Italy,Italy,72092790,Cold-rolled flat products,0.082,1390,1,False
Austria,France,72223097,Stainless steel bars sections and wire,0.082,4288,1,True
Poland,Poland,72015090,Pig iron,0.082,15066,1,False
United States,United States,72179090,Wire,0.082,27849,6,False
India,India,72149910,Other bars and rods,0.081,4968,1,False
Finland,Finland,72299090,Alloy steel wire,0.081,7913,1,False
Italy,Austria,72201100,Stainless steel flat products under 600mm,0.081,3766,1,True
Unknown / not supplied,Ireland,72230099,Stainless steel wire,0.081,2944,8,True
United Kingdom,Germany,72281090,Other alloy bars rods and sections,0.081,37800,2,True
Austria,France,72193310,Stainless steel flat products,0.081,11666,2,True
Poland,Poland,72173049,Wire,0.081,1452,1,False
France,France,72222089,Stainless steel bars sections and wire,0.08,2944,1,False
Germany,Ireland,72223097,Stainless steel bars sections and wire,0.08,3949,2,True
Romania,LI,72224050,Stainless steel bars sections and wire,0.08,2002,1,True
Germany,Denmark,72111900,Flat products under 600mm,0.08,1803,1,True
China,United States,72223051,Stainless steel bars sections and wire,0.08,1570,1,True
Italy,France,72192210,Stainless steel flat products,0.08,1118,1,True
Italy,Italy,72259900,Other alloy flat products,0.08,38416,1,False
India,India,72029300,Ferro-alloys,0.08,2380,1,False
Switzerland,LI,72224050,Stainless steel bars sections and wire,0.08,2434,1,True
Latvia,Latvia,72224050,Stainless steel bars sections and wire,0.08,2229,1,False
LI,LI,72193510,Stainless steel flat products,0.08,1564,1,False
Netherlands,Germany,72109030,Coated or plated flat products,0.08,1878,1,True
France,Switzerland,72222089,Stainless steel bars sections and wire,0.08,4981,1,True
United Kingdom,Finland,72201100,Stainless steel flat products under 600mm,0.079,16521,1,True
Denmark,Netherlands,72191100,Stainless steel flat products,0.079,1045,1,True
Netherlands,Netherlands,72222081,Stainless steel bars sections and wire,0.079,2939,1,False
China,Germany,72189180,Stainless steel ingots and semi-finished,0.079,24868,11,True
Slovenia,Czechia,72285061,Other alloy bars rods and sections,0.079,1244,1,True
China,Ireland,72124080,Coated flat products under 600mm,0.079,2363,2,True
United Kingdom,Spain,72163390,Angles shapes and sections,0.078,1035,1,True
France,Belgium,72201100,Stainless steel flat products under 600mm,0.078,2767,1,True
France,Belgium,72224050,Stainless steel bars sections and wire,0.078,2130,2,True
Poland,Poland,72119080,Flat products under 600mm,0.078,4034,1,False
Poland,Poland,72164090,Angles shapes and sections,0.078,6304,2,False
South Africa,South Africa,72112380,Flat products under 600mm,0.078,2715,1,False
China,Pakistan,72230099,Stainless steel wire,0.078,2395,1,True
United Kingdom,Portugal,72224090,Stainless steel bars sections and wire,0.078,3908,3,True
Sweden,Sweden,72222031,Stainless steel bars sections and wire,0.078,2138,2,False
Sweden,Switzerland,72222011,Stainless steel bars sections and wire,0.078,2937,1,True
United States,United States,72022100,Ferro-alloys,0.078,10371,3,False
South Korea,Germany,72181000,Stainless steel ingots and semi-finished,0.077,3045,2,True
Spain,Spain,72071210,Semi-finished steel,0.077,2636,1,False
Hong Kong,Hong Kong,72125030,Coated flat products under 600mm,0.077,1035,1,False
China,China,72269199,Other alloy flat products under 600mm,0.077,1572,1,False
Poland,Czechia,72166110,Angles shapes and sections,0.077,8056,1,True
France,United States,72255080,Other alloy flat products,0.077,2596,2,True
United Kingdom,United States,72189911,Stainless steel ingots and semi-finished,0.077,4439,1,True
United States,France,72222039,Stainless steel bars sections and wire,0.077,3567,1,True
Slovenia,Germany,72222031,Stainless steel bars sections and wire,0.076,4515,2,True
United Kingdom,United States,72283069,Other alloy bars rods and sections,0.076,1471,1,True
Netherlands,Netherlands,72125090,Coated flat products under 600mm,0.076,2552,2,False
India,Sweden,72285069,Other alloy bars rods and sections,0.076,2439,1,True
United States,Spain,72199080,Stainless steel flat products,0.076,934,1,True
Mexico,Germany,72209080,Stainless steel flat products under 600mm,0.076,2017,2,True
Poland,France,72149110,Other bars and rods,0.076,3389,1,True
Spain,Spain,72052900,Granules and powders,0.075,6618,2,False
Germany,France,72209080,Stainless steel flat products under 600mm,0.075,1169,1,True
China,KH,72210090,Stainless steel bars and rods,0.075,4632,1,True
Poland,France,72224050,Stainless steel bars sections and wire,0.075,9393,1,True
Kenya,Kenya,72224090,Stainless steel bars sections and wire,0.075,2500,1,False
Italy,Spain,72166190,Angles shapes and sections,0.075,2526,1,True
Italy,Switzerland,72230011,Stainless steel wire,0.075,1099,1,True
Canada,Canada,72230019,Stainless steel wire,0.075,2425,1,False
Netherlands,Norway,72209080,Stainless steel flat products under 600mm,0.075,7046,2,True
China,China,72254090,Other alloy flat products,0.075,3821,1,False
Germany,Czechia,72230099,Stainless steel wire,0.075,1343,1,True
Austria,Austria,72121010,Coated flat products under 600mm,0.074,1301,1,False
Unknown / not supplied,Italy,72123000,Coated flat products under 600mm,0.074,747,1,True
Germany,Italy,72109030,Coated or plated flat products,0.074,2904,1,True
Netherlands,Netherlands,72249090,Alloy steel ingots and semi-finished,0.074,5231,2,False
United Kingdom,Italy,72224010,Stainless steel bars sections and wire,0.073,29818,1,True
Belgium,Netherlands,72125090,Coated flat products under 600mm,0.073,1760,1,True
United Kingdom,Norway,72139170,Hot-rolled bars and rods,0.073,9195,1,True
Germany,Austria,72082700,Hot-rolled flat products,0.073,1206,1,True
Netherlands,Switzerland,72221181,Stainless steel bars sections and wire,0.073,881,1,True
Slovenia,United States,72223091,Stainless steel bars sections and wire,0.073,1004,1,True
France,Italy,72119080,Flat products under 600mm,0.073,25155,2,True
Japan,France,72202089,Stainless steel flat products under 600mm,0.073,5506,1,True
China,United States,72230099,Stainless steel wire,0.073,11951,3,True
United Kingdom,Ireland,72284090,Other alloy bars rods and sections,0.073,942,1,True
Japan,Poland,72202089,Stainless steel flat products under 600mm,0.07200000000000001,18413,5,True
United Kingdom,Italy,72283089,Other alloy bars rods and sections,0.072,1057,1,True
Sweden,Ireland,72222081,Stainless steel bars sections and wire,0.072,1469,1,True
United Kingdom,Czechia,72285080,Other alloy bars rods and sections,0.072,959,1,True
United Kingdom,Germany,72283070,Other alloy bars rods and sections,0.072,890,1,True
Poland,Poland,72230091,Stainless steel wire,0.072,952,1,False
Austria,Switzerland,72222011,Stainless steel bars sections and wire,0.072,901,1,True
Germany,United States,72222029,Stainless steel bars sections and wire,0.07100000000000001,4902,2,True
United States,France,72202041,Stainless steel flat products under 600mm,0.07100000000000001,2405,2,True
Norway,Norway,72161000,Angles shapes and sections,0.071,1000,1,False
India,Norway,72221910,Stainless steel bars sections and wire,0.071,2054,1,True
Spain,Germany,72166110,Angles shapes and sections,0.071,1236,1,True
Czechia,Finland,72299090,Alloy steel wire,0.071,2202,1,True
Austria,Austria,72210090,Stainless steel bars and rods,0.07,3849,1,False
Poland,Poland,72189980,Stainless steel ingots and semi-finished,0.07,4524,3,False
Spain,France,72169900,Angles shapes and sections,0.07,1542,1,True
Denmark,Denmark,72104900,Coated or plated flat products,0.07,7600,1,False
Denmark,Denmark,72283049,Other alloy bars rods and sections,0.07,1136,1,False
Germany,United States,72285069,Other alloy bars rods and sections,0.07,4222,2,True
Finland,Finland,72181000,Stainless steel ingots and semi-finished,0.07,5275,2,False
United States,Canada,72230099,Stainless steel wire,0.07,2859,2,True
Vietnam,Vietnam,72179090,Wire,0.07,13400,2,False
Poland,Poland,72222089,Stainless steel bars sections and wire,0.069,8275,1,False
United Kingdom,Ireland,72092690,Cold-rolled flat products,0.069,2829,2,True
Belgium,Belgium,72085400,Hot-rolled flat products,0.069,1558,1,False
Sweden,Norway,72089080,Hot-rolled flat products,0.069,2853,1,True
Spain,Italy,72283061,Other alloy bars rods and sections,0.069,1495,1,True
Sweden,Germany,72259100,Other alloy flat products,0.069,3087,1,True
United Kingdom,Ireland,72223051,Stainless steel bars sections and wire,0.06899999999999999,4085,2,True
Germany,Switzerland,72222039,Stainless steel bars sections and wire,0.06899999999999999,3638,2,True
China,China,72083600,Hot-rolled flat products,0.068,4511,1,False
Austria,France,72193390,Stainless steel flat products,0.068,3557,1,True
France,France,72189911,Stainless steel ingots and semi-finished,0.068,1816,1,False
Germany,Poland,72249090,Alloy steel ingots and semi-finished,0.068,1618,1,True
Austria,Austria,72122000,Coated flat products under 600mm,0.067,3603,1,False
Denmark,Spain,72125090,Coated flat products under 600mm,0.067,1101,1,True
Netherlands,Netherlands,72287090,Other alloy bars rods and sections,0.067,5038,2,False
Unknown / not supplied,Ireland,72249002,Alloy steel ingots and semi-finished,0.067,303,1,True
China,United States,72224090,Stainless steel bars sections and wire,0.067,1024,1,True
Turkey,Turkey,72071980,Semi-finished steel,0.067,1169,1,False
United States,Netherlands,72052100,Granules and powders,0.067,5843,1,True
Switzerland,France,72202021,Stainless steel flat products under 600mm,0.066,11311,1,True
Austria,Austria,72269120,Other alloy flat products under 600mm,0.066,2736,2,False
Denmark,Denmark,72288000,Other alloy bars rods and sections,0.066,19519,2,False
Belgium,Netherlands,72165099,Angles shapes and sections,0.066,1319,1,True
United States,Switzerland,72222021,Stainless steel bars sections and wire,0.066,2745,1,True
Switzerland,Netherlands,72202081,Stainless steel flat products under 600mm,0.066,2850,2,True
United Kingdom,Netherlands,72202081,Stainless steel flat products under 600mm,0.06599999999999999,9406,5,True
United Kingdom,Ireland,72189980,Stainless steel ingots and semi-finished,0.065,3801,2,True
Germany,France,72149110,Other bars and rods,0.065,5256,3,True
Germany,France,72222089,Stainless steel bars sections and wire,0.065,1430,1,True
Mexico,Mexico,72193410,Stainless steel flat products,0.065,1804,1,False
Netherlands,Netherlands,72281090,Other alloy bars rods and sections,0.065,3890,1,False
Austria,Austria,72283069,Other alloy bars rods and sections,0.065,1944,2,False
China,Hong Kong,72011090,Pig iron,0.065,3290,1,True
Spain,Norway,72222019,Stainless steel bars sections and wire,0.064,4928,1,True
Canada,United States,72151000,Other bars and rods,0.064,891,1,True
Hong Kong,Hong Kong,72124080,Coated flat products under 600mm,0.064,2414,1,False
India,Japan,72230019,Stainless steel wire,0.064,2671,1,True
Israel,Israel,72299090,Alloy steel wire,0.064,2179,1,False
Switzerland,Switzerland,72202029,Stainless steel flat products under 600mm,0.063,7464,2,False
Taiwan,United States,72124080,Coated flat products under 600mm,0.063,1034,1,True
Taiwan,Taiwan,72124080,Coated flat products under 600mm,0.063,1020,1,False
Austria,Germany,72224090,Stainless steel bars sections and wire,0.063,1043,1,True
Bulgaria,Bulgaria,72179050,Wire,0.063,1148,1,False
Netherlands,Ireland,72201200,Stainless steel flat products under 600mm,0.062,1074,1,True
Unknown / not supplied,Germany,72224090,Stainless steel bars sections and wire,0.062,695,2,True
Switzerland,Switzerland,72166900,Angles shapes and sections,0.062,2021,1,False
Malaysia,Malaysia,72039000,Direct reduced iron,0.062,12213,3,False
India,Netherlands,72089080,Hot-rolled flat products,0.061,1169,1,True
Ireland,Ireland,72286080,Other alloy bars rods and sections,0.061,18173,1,False
Austria,Saudi Arabia,72224090,Stainless steel bars sections and wire,0.061,45812,1,True
China,Germany,72254015,Other alloy flat products,0.061,1056,1,True
Japan,Japan,72210090,Stainless steel bars and rods,0.061,2769,1,False
Poland,Germany,72285020,Other alloy bars rods and sections,0.061,914,1,True
Italy,Germany,72285080,Other alloy bars rods and sections,0.060000000000000005,2225,2,True
United Kingdom,Brazil,72224090,Stainless steel bars sections and wire,0.06,1425,1,True
Greece,Portugal,72209080,Stainless steel flat products under 600mm,0.06,1368,1,True
Belgium,Netherlands,72201100,Stainless steel flat products under 600mm,0.06,1999,1,True
Bosnia and Herzegovina,Austria,72209080,Stainless steel flat products under 600mm,0.06,6440,2,True
Italy,Germany,72223097,Stainless steel bars sections and wire,0.06,4262,1,True
Denmark,Belgium,72092690,Cold-rolled flat products,0.06,6688,1,True
United Kingdom,United States,72072080,Semi-finished steel,0.059,3569,1,True
China,Hong Kong,72199020,Stainless steel flat products,0.059,1299,1,True
China,Hong Kong,72124020,Coated flat products under 600mm,0.059,2291,1,True
France,France,72191310,Stainless steel flat products,0.059,1388,1,False
Romania,Romania,72085390,Hot-rolled flat products,0.059,939,1,False
SV,Spain,72201100,Stainless steel flat products under 600mm,0.059,3558,1,True
Germany,United States,72171031,Wire,0.059,1321,1,True
Austria,Austria,72052900,Granules and powders,0.059,4345,2,False
Brazil,Brazil,72099080,Cold-rolled flat products,0.059,1799,1,False
Japan,Belgium,72072052,Semi-finished steel,0.059,11332,6,True
United Kingdom,Canada,72224090,Stainless steel bars sections and wire,0.059,62382,7,True
United Kingdom,United States,72202081,Stainless steel flat products under 600mm,0.059,21408,1,True
Austria,Italy,72192190,Stainless steel flat products,0.059,1688,1,True
Poland,Belgium,72171090,Wire,0.058,1165,1,True
Denmark,Denmark,72172030,Wire,0.058,4250,1,False
United Kingdom,Ireland,72071111,Semi-finished steel,0.058,1521,1,True
Spain,Spain,72191100,Stainless steel flat products,0.058,2080,1,False
United Kingdom,Netherlands,72281090,Other alloy bars rods and sections,0.058,3441,1,True
Greece,Greece,72222011,Stainless steel bars sections and wire,0.058,25115,1,False
United States,United States,72165010,Angles shapes and sections,0.057,4361,1,False
Japan,Czechia,72159000,Other bars and rods,0.057,1855,1,True
United States,Hong Kong,72255080,Other alloy flat products,0.057,2310,1,True
Sweden,France,72281020,Other alloy bars rods and sections,0.057,1771,1,True
Belgium,Belgium,72163310,Angles shapes and sections,0.057,1728,1,False
Austria,Austria,72149110,Other bars and rods,0.057,5622,3,False
Portugal,United States,72201100,Stainless steel flat products under 600mm,0.057,1659,1,True
Czechia,Germany,72169110,Angles shapes and sections,0.057,2274,1,True
Austria,Sweden,72283061,Other alloy bars rods and sections,0.056999999999999995,2046,2,True
Germany,Germany,72072019,Semi-finished steel,0.056,11860,2,False
United States,United States,72124080,Coated flat products under 600mm,0.056,2380,1,False
United States,Netherlands,72222031,Stainless steel bars sections and wire,0.056,1088,1,True
Luxembourg,Luxembourg,72169900,Angles shapes and sections,0.055999999999999994,3940,2,False
United Kingdom,United States,72042190,Ferrous waste and scrap,0.055,51653,2,True
Norway,Germany,72199020,Stainless steel flat products,0.055,1317,1,True
Poland,Germany,72221189,Stainless steel bars sections and wire,0.055,3571,1,True
Denmark,Denmark,72071111,Semi-finished steel,0.055,2082,2,False
United Kingdom,France,72285069,Other alloy bars rods and sections,0.055,2083,1,True
Sri Lanka,Denmark,72051000,Granules and powders,0.055,1015,1,True
Sweden,Sweden,72249038,Alloy steel ingots and semi-finished,0.055,2354,2,False
Malaysia,South Africa,72189180,Stainless steel ingots and semi-finished,0.055,6490,3,True
Germany,Switzerland,72209020,Stainless steel flat products under 600mm,0.055,82394,21,True
Italy,Germany,72125040,Coated flat products under 600mm,0.054,1653,1,True
Japan,China,72109080,Coated or plated flat products,0.054,1170,1,True
Luxembourg,Belgium,72221910,Stainless steel bars sections and wire,0.054,2104,1,True
France,France,72071919,Semi-finished steel,0.054,3503,1,False
Japan,Japan,72269970,Other alloy flat products under 600mm,0.054,97183,2,False
Denmark,Denmark,72119080,Flat products under 600mm,0.054,3816,1,False
Singapore,Singapore,72044930,Ferrous waste and scrap,0.054,1592,1,False
China,Hong Kong,72222089,Stainless steel bars sections and wire,0.054,4291,1,True
United Kingdom,India,72069000,Ingots and primary forms,0.054,2441,1,True
Israel,Israel,72269200,Other alloy flat products under 600mm,0.053,1175,1,False
United Kingdom,Netherlands,72181000,Stainless steel ingots and semi-finished,0.053,21657,2,True
Austria,Austria,72249007,Alloy steel ingots and semi-finished,0.053,1619,1,False
Belgium,Netherlands,72031000,Direct reduced iron,0.053,1280,1,True
Netherlands,Netherlands,72222089,Stainless steel bars sections and wire,0.053,4679,3,False
Norway,Denmark,72259900,Other alloy flat products,0.053,5664,1,True
Mexico,Mexico,72125090,Coated flat products under 600mm,0.053,2744,1,False
Austria,Italy,72221111,Stainless steel bars sections and wire,0.052,1018,1,True
Italy,Czechia,72155019,Other bars and rods,0.052,1494,1,True
Sweden,France,72230019,Stainless steel wire,0.052,2215,1,True
United Kingdom,China,72251910,Other alloy flat products,0.052,959,1,True
Croatia,Croatia,72149971,Other bars and rods,0.052,1918,1,False
India,India,72042190,Ferrous waste and scrap,0.052,2000,1,False
India,France,72222021,Stainless steel bars sections and wire,0.052,1469,1,True
Sweden,Norway,72126000,Coated flat products under 600mm,0.052,897,1,True
Germany,United States,72171090,Wire,0.052,1212,1,True
Germany,France,72044199,Ferrous waste and scrap,0.051,3534,1,True
Austria,Spain,72222011,Stainless steel bars sections and wire,0.051,888,1,True
France,Netherlands,72283069,Other alloy bars rods and sections,0.051,3074,1,True
United States,Sweden,72193510,Stainless steel flat products,0.051,1390,1,True
Czechia,Czechia,72202089,Stainless steel flat products under 600mm,0.05,4790,1,False
United Kingdom,Germany,72209020,Stainless steel flat products under 600mm,0.05,15587,1,True
Austria,Germany,72071912,Semi-finished steel,0.05,1624,1,True
Finland,Finland,72191410,Stainless steel flat products,0.05,1750,1,False
Italy,United States,72221990,Stainless steel bars sections and wire,0.05,1235,1,True
Hong Kong,Hong Kong,72209080,Stainless steel flat products under 600mm,0.05,1888,1,False
India,India,72029200,Ferro-alloys,0.05,900,1,False
Italy,Ireland,72202021,Stainless steel flat products under 600mm,0.05,896,1,True
United Kingdom,France,72052100,Granules and powders,0.05,5136,1,True
Spain,Spain,72181000,Stainless steel ingots and semi-finished,0.05,3396,1,False
Ireland,Ireland,72192400,Stainless steel flat products,0.05,1549,1,False
United States,Finland,72166190,Angles shapes and sections,0.049,4794,1,True
South Korea,South Korea,72259900,Other alloy flat products,0.049,2616,1,False
India,India,72149950,Other bars and rods,0.049,2816,1,False
China,Switzerland,72222089,Stainless steel bars sections and wire,0.049,2226,1,True
Romania,Romania,72224090,Stainless steel bars sections and wire,0.049,2192,2,False
China,Hong Kong,72191490,Stainless steel flat products,0.048,3689,1,True
Poland,Germany,72101100,Coated or plated flat products,0.048,2714,1,True
Philippines,Philippines,72285080,Other alloy bars rods and sections,0.048,7807,5,False
Hong Kong,Hong Kong,72199080,Stainless steel flat products,0.048,981,1,False
Unknown / not supplied,Germany,72171090,Wire,0.048,1982,4,True
China,Denmark,72224090,Stainless steel bars sections and wire,0.048,1453,1,True
Switzerland,Switzerland,72163190,Angles shapes and sections,0.048,1731,1,False
Netherlands,Netherlands,72223051,Stainless steel bars sections and wire,0.048,1323,1,False
Mexico,Mexico,72193310,Stainless steel flat products,0.048,7312,1,False
Netherlands,Netherlands,72155080,Other bars and rods,0.047,974,1,False
France,France,72224010,Stainless steel bars sections and wire,0.047,37698,3,False
China,Hong Kong,72159000,Other bars and rods,0.047,1552,1,True
Czechia,Germany,72089080,Hot-rolled flat products,0.047,1438,1,True
United Kingdom,Italy,72052900,Granules and powders,0.047,1208,1,True
Slovenia,Slovenia,72052100,Granules and powders,0.047,984,1,False
Taiwan,Taiwan,72222089,Stainless steel bars sections and wire,0.047,2555,1,False
Taiwan,Taiwan,72089080,Hot-rolled flat products,0.047,2961,2,False
United States,Norway,72230099,Stainless steel wire,0.047,1052,1,True
China,Hong Kong,72221181,Stainless steel bars sections and wire,0.046,900,1,True
Singapore,Singapore,72179090,Wire,0.046,1867,1,False
United Kingdom,Netherlands,72230099,Stainless steel wire,0.046,3635,1,True
Czechia,Finland,72292000,Alloy steel wire,0.046,1442,1,True
Italy,China,72224090,Stainless steel bars sections and wire,0.046,1178,1,True
Canada,Canada,72124080,Coated flat products under 600mm,0.046,1599,1,False
Estonia,Estonia,72104900,Coated or plated flat products,0.046,1143,1,False
Austria,United States,72119080,Flat products under 600mm,0.046,1005,1,True
United States,Germany,72222021,Stainless steel bars sections and wire,0.046,1929,1,True
United Kingdom,France,72223051,Stainless steel bars sections and wire,0.046,3685,1,True
Taiwan,Taiwan,72042190,Ferrous waste and scrap,0.046,10452,4,False
Taiwan,Taiwan,72269120,Other alloy flat products under 600mm,0.046,962,1,False
Germany,Lithuania,72202021,Stainless steel flat products under 600mm,0.046,1089,1,True
Germany,Denmark,72222031,Stainless steel bars sections and wire,0.045,1211,1,True
United Kingdom,Netherlands,72072080,Semi-finished steel,0.045,2401,1,True
Czechia,Czechia,72287090,Other alloy bars rods and sections,0.045,2331,2,False
France,Italy,72287090,Other alloy bars rods and sections,0.045,1195,1,True
Italy,United States,72223097,Stainless steel bars sections and wire,0.045,3508,2,True
Hungary,Hungary,72091610,Cold-rolled flat products,0.045,1074,1,False
United States,United States,72269120,Other alloy flat products under 600mm,0.045,4177,1,False
Hong Kong,Hong Kong,72042190,Ferrous waste and scrap,0.045,9474,1,False
United States,Canada,72230019,Stainless steel wire,0.045,3375,1,True
United States,Italy,72253090,Other alloy flat products,0.045,3179,1,True
United States,Brazil,72223097,Stainless steel bars sections and wire,0.045,2277,1,True
United States,Canada,72202089,Stainless steel flat products under 600mm,0.045,1889,1,True
France,Norway,72230019,Stainless steel wire,0.045,989,1,True
Netherlands,Netherlands,72191490,Stainless steel flat products,0.045,962,1,False
China,United States,72210010,Stainless steel bars and rods,0.045,5250,1,True
China,Hong Kong,72202089,Stainless steel flat products under 600mm,0.044,2153,1,True
Unknown / not supplied,Ireland,72189180,Stainless steel ingots and semi-finished,0.044,4306,9,True
Unknown / not supplied,Ireland,72249007,Alloy steel ingots and semi-finished,0.044,3688,7,True
United States,United States,72149190,Other bars and rods,0.044,2793,2,False
Czechia,Germany,72209080,Stainless steel flat products under 600mm,0.044,1078,1,True
Brazil,Brazil,72259900,Other alloy flat products,0.044,1259,1,False
United States,Canada,72202021,Stainless steel flat products under 600mm,0.044,6958,1,True
France,United States,72222039,Stainless steel bars sections and wire,0.044,969,1,True
Austria,Sweden,72283069,Other alloy bars rods and sections,0.044,1347,1,True
Malaysia,Malaysia,72042190,Ferrous waste and scrap,0.044,1339,1,False
Japan,Germany,72202029,Stainless steel flat products under 600mm,0.044,1133,1,True
Australia,Denmark,72279095,Alloy bars and rods hot-rolled,0.043,7639,1,True
Australia,Australia,72089080,Hot-rolled flat products,0.043,8582,1,False
Germany,Poland,72230099,Stainless steel wire,0.043,954,1,True
Portugal,Portugal,72179090,Wire,0.043,2013,1,False
China,France,72171010,Wire,0.043,1117,1,True
United Kingdom,South Africa,72172030,Wire,0.042,5257,1,True
Italy,France,72119080,Flat products under 600mm,0.042,22532,1,True
Taiwan,Sweden,72169900,Angles shapes and sections,0.042,1248,1,True
Canada,Canada,72104900,Coated or plated flat products,0.042,4307,1,False
Belgium,Switzerland,72189980,Stainless steel ingots and semi-finished,0.042,5643,1,True
Taiwan,Taiwan,72189911,Stainless steel ingots and semi-finished,0.041999999999999996,105343,2,False
France,France,72089080,Hot-rolled flat products,0.041999999999999996,6657,2,False
Australia,Australia,72109080,Coated or plated flat products,0.041,1793,1,False
Switzerland,Austria,72173049,Wire,0.041,984,1,True
China,Spain,72269120,Other alloy flat products under 600mm,0.04,901,1,True
United Kingdom,United States,72230099,Stainless steel wire,0.04,15895,4,True
Unknown / not supplied,Netherlands,72299090,Alloy steel wire,0.04,163,1,True
Germany,Italy,72089080,Hot-rolled flat products,0.04,3836,1,True
China,United States,72181000,Stainless steel ingots and semi-finished,0.04,1187,1,True
Unknown / not supplied,Belgium,72124080,Coated flat products under 600mm,0.04,2816,3,True
Denmark,Denmark,72112900,Flat products under 600mm,0.04,1372,1,False
France,Ireland,72283069,Other alloy bars rods and sections,0.04,1158,1,True
Belgium,Netherlands,72166110,Angles shapes and sections,0.04,1450,1,True
Netherlands,France,72199080,Stainless steel flat products,0.04,2317,1,True
Hong Kong,Hong Kong,72092690,Cold-rolled flat products,0.04,1583,1,False
United Kingdom,Netherlands,72223097,Stainless steel bars sections and wire,0.039,7726,2,True
Germany,Germany,72179090,Wire,0.039,7577,4,False
China,NZ,72122000,Coated flat products under 600mm,0.039,3131,1,True
Portugal,Portugal,72224090,Stainless steel bars sections and wire,0.039,3072,2,False
Japan,Slovakia,72199080,Stainless steel flat products,0.039,1029,1,True
United Kingdom,Germany,72254012,Other alloy flat products,0.039,47258,1,True
Czechia,France,72169900,Angles shapes and sections,0.039,1255,1,True
Taiwan,Taiwan,72166900,Angles shapes and sections,0.039,2440,1,False
Taiwan,Taiwan,72221990,Stainless steel bars sections and wire,0.039,1124,1,False
Italy,Germany,72224090,Stainless steel bars sections and wire,0.039,2153,2,True
Czechia,Germany,72123000,Coated flat products under 600mm,0.039,1798,1,True
United States,United States,72249007,Alloy steel ingots and semi-finished,0.039,4191,3,False
Netherlands,Netherlands,72125061,Coated flat products under 600mm,0.038,1356,1,False
Taiwan,Taiwan,72179090,Wire,0.038,3417,2,False
Belgium,Netherlands,72021180,Ferro-alloys,0.038,2249,1,True
Germany,Germany,72072080,Semi-finished steel,0.038,7086,3,False
Vietnam,Vietnam,72224090,Stainless steel bars sections and wire,0.038,5177,1,False
Slovenia,Germany,72221181,Stainless steel bars sections and wire,0.038,886,1,True
KN,Germany,72286020,Other alloy bars rods and sections,0.038,1820,2,True
United States,United States,72253090,Other alloy flat products,0.038,11230,3,False
Italy,Ireland,72201100,Stainless steel flat products under 600mm,0.038,1577,1,True
United States,Germany,72159000,Other bars and rods,0.037,15402,2,True
Denmark,Denmark,72091690,Cold-rolled flat products,0.037,1061,1,False
Belgium,France,72164010,Angles shapes and sections,0.037,1884,1,True
Netherlands,Netherlands,72189919,Stainless steel ingots and semi-finished,0.037,3042,1,False
Austria,Germany,72281090,Other alloy bars rods and sections,0.037,2536,2,True
Vietnam,France,72107080,Coated or plated flat products,0.037,1461,1,True
United States,Poland,72199080,Stainless steel flat products,0.037,1104,1,True
Slovenia,United States,72283069,Other alloy bars rods and sections,0.037,931,1,True
Finland,Finland,72119080,Flat products under 600mm,0.037,1159,1,False
France,France,72202021,Stainless steel flat products under 600mm,0.036,1038,1,False
United States,Germany,72224010,Stainless steel bars sections and wire,0.036,939,1,True
Unknown / not supplied,Ireland,72119020,Flat products under 600mm,0.036,498,3,True
Austria,Germany,72221189,Stainless steel bars sections and wire,0.036,2770,1,True
Germany,Sweden,72283061,Other alloy bars rods and sections,0.036,959,1,True
Netherlands,Poland,72191100,Stainless steel flat products,0.036,1554,1,True
United States,Canada,72169900,Angles shapes and sections,0.036,1368,1,True
Taiwan,Taiwan,72161000,Angles shapes and sections,0.036,11868,1,False
Finland,Poland,72191410,Stainless steel flat products,0.036,2075,1,True
Germany,Germany,72189911,Stainless steel ingots and semi-finished,0.036,4133,1,False
SV,Azerbaijan,72223097,Stainless steel bars sections and wire,0.036,3004,1,True
Australia,Australia,72299090,Alloy steel wire,0.036,1971,1,False
Slovenia,Slovenia,72173090,Wire,0.036,3612,1,False
South Africa,South Africa,72281090,Other alloy bars rods and sections,0.035,2889,1,False
Poland,Germany,72283070,Other alloy bars rods and sections,0.035,2493,1,True
Poland,Poland,72125090,Coated flat products under 600mm,0.035,1701,1,False
Unknown / not supplied,Sweden,72283061,Other alloy bars rods and sections,0.035,2435,1,True
Germany,Canada,72092790,Cold-rolled flat products,0.035,1177,1,True
Austria,Germany,72052900,Granules and powders,0.035,1664,1,True
France,France,72189920,Stainless steel ingots and semi-finished,0.035,1360,1,False
Italy,United States,72221119,Stainless steel bars sections and wire,0.035,3572,1,True
France,United States,72224010,Stainless steel bars sections and wire,0.035,2743,2,True
Austria,Germany,72112330,Flat products under 600mm,0.035,2431,1,True
United Kingdom,Sweden,72209080,Stainless steel flat products under 600mm,0.035,12660,1,True
United Kingdom,Brazil,72171050,Wire,0.035,1044,1,True
Netherlands,Netherlands,72269199,Other alloy flat products under 600mm,0.035,8001,1,False
Norway,Netherlands,72199080,Stainless steel flat products,0.035,1239,1,True
Germany,Netherlands,72288000,Other alloy bars rods and sections,0.035,1592,1,True
United States,Czechia,72099080,Cold-rolled flat products,0.035,8021,1,True
Sweden,Switzerland,72222089,Stainless steel bars sections and wire,0.035,1925,1,True
Germany,Germany,72125061,Coated flat products under 600mm,0.034,15086,1,False
United Kingdom,Netherlands,72286020,Other alloy bars rods and sections,0.034,5088,1,True
CR,CR,72210090,Stainless steel bars and rods,0.034,2585,1,False
Croatia,Croatia,72286020,Other alloy bars rods and sections,0.034,6719,3,False
United States,United States,72171010,Wire,0.034,11017,4,False
United States,Sweden,72119080,Flat products under 600mm,0.034,2064,1,True
Italy,France,72166900,Angles shapes and sections,0.034,930,1,True
United States,Canada,72189920,Stainless steel ingots and semi-finished,0.034,958,1,True
United Arab Emirates,United Arab Emirates,72193390,Stainless steel flat products,0.034,2558,1,False
Italy,Germany,72202089,Stainless steel flat products under 600mm,0.034,2044,1,True
United Arab Emirates,United Arab Emirates,72125090,Coated flat products under 600mm,0.034,15027,1,False
Spain,Switzerland,72222089,Stainless steel bars sections and wire,0.033,3145,1,True
Ireland,Ireland,72202049,Stainless steel flat products under 600mm,0.033,3141,2,False
Norway,Netherlands,72223097,Stainless steel bars sections and wire,0.033,1469,1,True
Germany,Norway,72202021,Stainless steel flat products under 600mm,0.033,3887,1,True
Czechia,Netherlands,72222031,Stainless steel bars sections and wire,0.033,908,1,True
South Korea,India,72269970,Other alloy flat products under 600mm,0.033,2150,1,True
South Korea,United States,72230099,Stainless steel wire,0.033,3411,3,True
Canada,United States,72071290,Semi-finished steel,0.033,1297,1,True
United States,China,72132000,Hot-rolled bars and rods,0.032,6955,1,True
United States,Kazakhstan,72069000,Ingots and primary forms,0.032,1050,1,True
Denmark,Denmark,72221189,Stainless steel bars sections and wire,0.032,1467,1,False
Ireland,Ireland,72121090,Coated flat products under 600mm,0.032,1500,1,False
Germany,Germany,72249090,Alloy steel ingots and semi-finished,0.032,3272,1,False
Germany,Germany,72251910,Other alloy flat products,0.032,1464,1,False
Poland,India,72082500,Hot-rolled flat products,0.032,1763,1,True
Poland,Netherlands,72119080,Flat products under 600mm,0.032,2107,1,True
United Kingdom,Norway,72221990,Stainless steel bars sections and wire,0.032,994,1,True
United Kingdom,Norway,72082500,Hot-rolled flat products,0.032,2554,1,True
Italy,Switzerland,72222021,Stainless steel bars sections and wire,0.032,7472,1,True
Poland,Switzerland,72169900,Angles shapes and sections,0.032,4542,2,True
Italy,Sweden,72193590,Stainless steel flat products,0.032,945,1,True
Germany,Poland,72155080,Other bars and rods,0.032,1025,1,True
United States,United States,72131000,Hot-rolled bars and rods,0.032,2277,1,False
France,Austria,72299090,Alloy steel wire,0.031,4024,1,True
Croatia,Croatia,72169900,Angles shapes and sections,0.031,9598,1,False
United Kingdom,Netherlands,72249090,Alloy steel ingots and semi-finished,0.031,1122,1,True
Vietnam,Germany,72159000,Other bars and rods,0.031,1057,1,True
South Korea,United States,72202021,Stainless steel flat products under 600mm,0.031,1250,1,True
Belgium,Belgium,72171010,Wire,0.031,3052,2,False
Taiwan,Taiwan,72099080,Cold-rolled flat products,0.031,1871,1,False
Unknown / not supplied,Ireland,72172010,Wire,0.031,181,5,True
Germany,Germany,72271000,Alloy bars and rods hot-rolled,0.031,2048,1,False
Italy,Italy,72173090,Wire,0.030000000000000002,3337,2,False
Poland,Poland,72224010,Stainless steel bars sections and wire,0.03,1247,1,False
Unknown / not supplied,Ireland,72042110,Ferrous waste and scrap,0.03,509,1,True
Germany,France,72169110,Angles shapes and sections,0.03,14131,1,True
United States,Brazil,72209080,Stainless steel flat products under 600mm,0.03,1124,1,True
Sweden,Netherlands,72193410,Stainless steel flat products,0.03,1418,1,True
Taiwan,Taiwan,72149939,Other bars and rods,0.03,892,1,False
Croatia,Belgium,72124080,Coated flat products under 600mm,0.03,2267,2,True
Switzerland,Belgium,72165099,Angles shapes and sections,0.03,12222,5,True
Japan,Switzerland,72230019,Stainless steel wire,0.029,874,1,True
India,India,72139190,Hot-rolled bars and rods,0.029,2264,1,False
Finland,France,72222031,Stainless steel bars sections and wire,0.029,1431,1,True
Germany,Switzerland,72222021,Stainless steel bars sections and wire,0.029,1945,1,True
Brazil,United States,72202021,Stainless steel flat products under 600mm,0.029,1271,1,True
Japan,Germany,72119080,Flat products under 600mm,0.029,1411,1,True
Croatia,Croatia,72109080,Coated or plated flat products,0.029,1122,1,False
Germany,Switzerland,72209080,Stainless steel flat products under 600mm,0.029,47526,11,True
Italy,Germany,72169900,Angles shapes and sections,0.028999999999999998,2527,2,True
Greece,Germany,72224090,Stainless steel bars sections and wire,0.028,1146,1,True
Finland,Finland,72292000,Alloy steel wire,0.028,1061,1,False
Indonesia,Indonesia,72189980,Stainless steel ingots and semi-finished,0.028,1500,1,False
India,India,72085400,Hot-rolled flat products,0.028,2572,1,False
Denmark,Denmark,72202089,Stainless steel flat products under 600mm,0.028,4106,2,False
China,France,72223097,Stainless steel bars sections and wire,0.028,3022,1,True
Unknown / not supplied,France,72224090,Stainless steel bars sections and wire,0.028,537,2,True
Unknown / not supplied,Czechia,72119080,Flat products under 600mm,0.028,185,1,True
United Kingdom,Germany,72071980,Semi-finished steel,0.028,3920,1,True
United Kingdom,Poland,72165091,Angles shapes and sections,0.028,922,1,True
Netherlands,Belgium,72071111,Semi-finished steel,0.027999999999999997,5029,2,True
Poland,Netherlands,72104100,Coated or plated flat products,0.027999999999999997,4153,2,True
Czechia,Czechia,72222089,Stainless steel bars sections and wire,0.027,1226,1,False
China,Hong Kong,72083900,Hot-rolled flat products,0.027,889,1,True
Finland,Germany,72169900,Angles shapes and sections,0.027,882,1,True
Unknown / not supplied,Italy,72223097,Stainless steel bars sections and wire,0.027,7774,1,True
Japan,Japan,72071290,Semi-finished steel,0.027,1009,1,False
Denmark,Denmark,72172010,Wire,0.027,3325,1,False
Germany,United States,72209080,Stainless steel flat products under 600mm,0.027,2661,2,True
United Kingdom,Canada,72279095,Alloy bars and rods hot-rolled,0.027,2194,1,True
Spain,Spain,72111900,Flat products under 600mm,0.027,10491,1,False
Sweden,United States,72139990,Hot-rolled bars and rods,0.027,1616,1,True
Luxembourg,Austria,72249002,Alloy steel ingots and semi-finished,0.027,2355,1,True
United Kingdom,Spain,72230011,Stainless steel wire,0.027,2619,1,True
Canada,Canada,72254060,Other alloy flat products,0.027,903,1,False
United Kingdom,Netherlands,72071980,Semi-finished steel,0.027,5006,1,True
Finland,Netherlands,72159000,Other bars and rods,0.026,2094,2,True
United Kingdom,Italy,72189980,Stainless steel ingots and semi-finished,0.026,3857,2,True
Taiwan,Taiwan,72159000,Other bars and rods,0.026,1513,1,False
United Kingdom,Finland,72189920,Stainless steel ingots and semi-finished,0.026,2225,1,True
United States,Norway,72223097,Stainless steel bars sections and wire,0.026,902,1,True
Germany,France,72209020,Stainless steel flat products under 600mm,0.026,1265,1,True
China,Norway,72224090,Stainless steel bars sections and wire,0.026,1292,1,True
Germany,Switzerland,72222031,Stainless steel bars sections and wire,0.026,4287,1,True
Czechia,France,72224090,Stainless steel bars sections and wire,0.026,1037,1,True
United Kingdom,Netherlands,72299090,Alloy steel wire,0.026,1570,1,True
United States,Switzerland,72269200,Other alloy flat products under 600mm,0.026,3608,1,True
United States,United States,72084000,Hot-rolled flat products,0.025,2672,2,False
Unknown / not supplied,Spain,72179090,Wire,0.025,117,4,True
United States,Switzerland,72223097,Stainless steel bars sections and wire,0.025,1048,1,True
China,Hong Kong,72171090,Wire,0.025,1081,1,True
Switzerland,United States,72224090,Stainless steel bars sections and wire,0.025,37992,8,True
Austria,Netherlands,72085191,Hot-rolled flat products,0.025,1000,1,True
Germany,United States,72189180,Stainless steel ingots and semi-finished,0.025,2108,1,True
Slovakia,France,72169180,Angles shapes and sections,0.025,2130,1,True
Serbia and Montenegro aggregate,Serbia and Montenegro aggregate,72072080,Semi-finished steel,0.025,1087,1,False
France,United States,72201100,Stainless steel flat products under 600mm,0.025,1176,1,True
China,Germany,72107080,Coated or plated flat products,0.025,1106,1,True
Taiwan,Taiwan,72143000,Other bars and rods,0.025,2688,1,False
Hungary,France,72149110,Other bars and rods,0.025,1777,1,True
United Kingdom,Canada,72285080,Other alloy bars rods and sections,0.025,1329,1,True
United States,United States,72132000,Hot-rolled bars and rods,0.025,7418,3,False
Unknown / not supplied,Ireland,72221189,Stainless steel bars sections and wire,0.024,26,2,True
Ukraine,Spain,72155011,Other bars and rods,0.024,20640,1,True
Netherlands,Netherlands,72285080,Other alloy bars rods and sections,0.024,7738,1,False
United States,Germany,72249002,Alloy steel ingots and semi-finished,0.024,2673,1,True
United States,China,72281090,Other alloy bars rods and sections,0.024,1843,1,True
Switzerland,Switzerland,72165099,Angles shapes and sections,0.024,10507,5,False
Austria,United States,72222029,Stainless steel bars sections and wire,0.023,1609,1,True
Canada,Canada,72283089,Other alloy bars rods and sections,0.023,1104,1,False
France,Ireland,72222031,Stainless steel bars sections and wire,0.023,1377,1,True
Italy,Italy,72126000,Coated flat products under 600mm,0.023,1248,1,False
Netherlands,France,72222031,Stainless steel bars sections and wire,0.023,16457,1,True
Denmark,Denmark,72099020,Cold-rolled flat products,0.023,955,1,False
Austria,Ireland,72222081,Stainless steel bars sections and wire,0.023,934,1,True
Japan,United States,72269200,Other alloy flat products under 600mm,0.023,2051,1,True
United Kingdom,Czechia,72103000,Coated or plated flat products,0.023,2897,2,True
Unknown / not supplied,Germany,72201200,Stainless steel flat products under 600mm,0.023,105,1,True
Spain,Spain,72099080,Cold-rolled flat products,0.023,2994,1,False
Poland,Poland,72085198,Hot-rolled flat products,0.023,2434,1,False
United States,France,72230019,Stainless steel wire,0.023,15681,2,True
United States,Norway,72071290,Semi-finished steel,0.023,3825,1,True
Iceland,Iceland,72199080,Stainless steel flat products,0.023,1041,1,False
China,Hong Kong,72021900,Ferro-alloys,0.023,1423,1,True
Poland,Netherlands,72181000,Stainless steel ingots and semi-finished,0.023,4268,1,True
Indonesia,Indonesia,72089080,Hot-rolled flat products,0.023,1062,1,False
Belgium,Belgium,72149995,Other bars and rods,0.023,16579,1,False
China,Poland,72179020,Wire,0.023,4939,1,True
France,Germany,72299090,Alloy steel wire,0.022,2015,1,True
Japan,Japan,72179090,Wire,0.022,7762,2,False
United Kingdom,Malaysia,72042900,Ferrous waste and scrap,0.022,1817,1,True
Poland,Switzerland,72169180,Angles shapes and sections,0.022,919,1,True
Slovenia,Slovenia,72254060,Other alloy flat products,0.022,49625,1,False
Sweden,Germany,72221189,Stainless steel bars sections and wire,0.022,6437,1,True
Germany,France,72119080,Flat products under 600mm,0.022,1064,1,True
Norway,Belgium,72223097,Stainless steel bars sections and wire,0.022,6695,1,True
Spain,Spain,72173049,Wire,0.022,2019,1,False
United States,Belgium,72193410,Stainless steel flat products,0.022,1158,1,True
United Kingdom,Ireland,72223097,Stainless steel bars sections and wire,0.021,3416,2,True
Poland,Poland,72202089,Stainless steel flat products under 600mm,0.021,4859,3,False
Japan,Slovenia,72286080,Other alloy bars rods and sections,0.021,1391,1,True
Norway,Norway,72166900,Angles shapes and sections,0.021,934,1,False
United States,Hungary,72052100,Granules and powders,0.021,1133,1,True
Hungary,France,72111900,Flat products under 600mm,0.021,21181,1,True
Ireland,Ireland,72189180,Stainless steel ingots and semi-finished,0.021,1039,1,False
Unknown / not supplied,Italy,72015090,Pig iron,0.021,98,2,True
India,India,72149995,Other bars and rods,0.021,4185,1,False
CR,Finland,72181000,Stainless steel ingots and semi-finished,0.021,1021,1,True
United States,Sweden,72189980,Stainless steel ingots and semi-finished,0.021,3854,1,True
Poland,Poland,72209020,Stainless steel flat products under 600mm,0.021,7221,1,False
United Kingdom,Israel,72072032,Semi-finished steel,0.02,2046,1,True
Unknown / not supplied,Sweden,72165099,Angles shapes and sections,0.02,102,1,True
Austria,Austria,72092790,Cold-rolled flat products,0.02,1172,1,False
Spain,France,72223097,Stainless steel bars sections and wire,0.02,1676,1,True
Unknown / not supplied,Lithuania,72139110,Hot-rolled bars and rods,0.02,1920,2,True
Poland,Spain,72222021,Stainless steel bars sections and wire,0.02,71660,1,True
Norway,Norway,72269970,Other alloy flat products under 600mm,0.02,2124,1,False
Germany,Austria,72202081,Stainless steel flat products under 600mm,0.02,13597,10,True
China,Hong Kong,72061000,Ingots and primary forms,0.02,5621,1,True
Japan,United States,72222011,Stainless steel bars sections and wire,0.02,1770,1,True
Japan,Germany,72191100,Stainless steel flat products,0.02,2289,1,True
United States,Germany,72286020,Other alloy bars rods and sections,0.02,1653,1,True
China,France,72052100,Granules and powders,0.02,4070,1,True
Finland,Ireland,72224090,Stainless steel bars sections and wire,0.02,1646,1,True
Sweden,Poland,72119080,Flat products under 600mm,0.02,1045,1,True
Denmark,Denmark,72249007,Alloy steel ingots and semi-finished,0.02,1576,1,False
Austria,Norway,72223097,Stainless steel bars sections and wire,0.02,1560,1,True
Unknown / not supplied,Finland,72199080,Stainless steel flat products,0.02,625,1,True
Sweden,United States,72230011,Stainless steel wire,0.02,1374,1,True
Latvia,Latvia,72230099,Stainless steel wire,0.02,1239,1,False
Austria,Austria,72015090,Pig iron,0.02,938,1,False
South Africa,South Africa,72139990,Hot-rolled bars and rods,0.02,1522,1,False
Thailand,Thailand,72230099,Stainless steel wire,0.019999999999999997,46794,2,False
Germany,Finland,72287090,Other alloy bars rods and sections,0.019,986,1,True
Lithuania,Lithuania,72091790,Cold-rolled flat products,0.019,930,1,False
Sweden,Sweden,72119080,Flat products under 600mm,0.019,972,1,False
Taiwan,United States,72201100,Stainless steel flat products under 600mm,0.019,1990,1,True
Poland,Germany,72181000,Stainless steel ingots and semi-finished,0.019,919,1,True
India,Australia,72202089,Stainless steel flat products under 600mm,0.019,1188,1,True
Japan,Japan,72069000,Ingots and primary forms,0.019,1213,1,False
Hungary,Spain,72191490,Stainless steel flat products,0.019,900,1,True
Poland,Poland,72173090,Wire,0.019,15560,2,False
Italy,Italy,72084000,Hot-rolled flat products,0.019,1200,1,False
Switzerland,France,72085191,Hot-rolled flat products,0.019,12564,1,True
United Kingdom,Spain,72052100,Granules and powders,0.019,1970,1,True
United States,Italy,72029980,Ferro-alloys,0.019,9417,2,True
Switzerland,Switzerland,72189980,Stainless steel ingots and semi-finished,0.018000000000000002,27567,9,False
Italy,France,72169900,Angles shapes and sections,0.018,1267,1,True
United Kingdom,United States,72284090,Other alloy bars rods and sections,0.018,1344,1,True
Hungary,Hungary,72015090,Pig iron,0.018,2329,1,False
United Kingdom,Sweden,72171039,Wire,0.018,1055,1,True
Switzerland,Switzerland,72121090,Coated flat products under 600mm,0.018,942,1,False
Germany,China,72091710,Cold-rolled flat products,0.018,1520,1,True
India,United States,72222089,Stainless steel bars sections and wire,0.018,3164,3,True
Poland,Poland,72210090,Stainless steel bars and rods,0.018,1005,1,False
Norway,Norway,72201200,Stainless steel flat products under 600mm,0.018,5069,4,False
United Kingdom,Italy,72287090,Other alloy bars rods and sections,0.018,3701,2,True
China,Hong Kong,72042190,Ferrous waste and scrap,0.017,891,1,True
Switzerland,Germany,72169900,Angles shapes and sections,0.017,1185,1,True
Belgium,Germany,72209080,Stainless steel flat products under 600mm,0.017,2235,1,True
Sweden,France,72169900,Angles shapes and sections,0.017,2273,1,True
United Kingdom,United States,72142000,Other bars and rods,0.017,1701,1,True
Ireland,Ireland,72230099,Stainless steel wire,0.017,7014,3,False
Germany,Sweden,72288000,Other alloy bars rods and sections,0.017,946,1,True
Germany,Switzerland,72223051,Stainless steel bars sections and wire,0.017,1078,1,True
Sweden,United States,72285080,Other alloy bars rods and sections,0.017,6326,1,True
Denmark,France,72142000,Other bars and rods,0.016,1660,1,True
Austria,Finland,72172030,Wire,0.016,945,1,True
Spain,France,72191100,Stainless steel flat products,0.016,4958,1,True
China,Switzerland,72159000,Other bars and rods,0.016,6993,2,True
Unknown / not supplied,Ireland,72202081,Stainless steel flat products under 600mm,0.016,154,1,True
Denmark,Denmark,72181000,Stainless steel ingots and semi-finished,0.016,2796,1,False
United States,Germany,72230019,Stainless steel wire,0.016,58367,6,True
Bulgaria,Bulgaria,72171090,Wire,0.016,2043,1,False
Italy,United States,72159000,Other bars and rods,0.016,6711,1,True
Switzerland,Switzerland,72193410,Stainless steel flat products,0.016,2933,1,False
Switzerland,Switzerland,72193390,Stainless steel flat products,0.016,4042,2,False
Czechia,Germany,72193310,Stainless steel flat products,0.016,8566,2,True
Netherlands,Germany,72112330,Flat products under 600mm,0.016,2843,1,True
Hungary,Germany,72166190,Angles shapes and sections,0.016,1216,1,True
United States,United States,72166900,Angles shapes and sections,0.016,12252,2,False
Germany,Ireland,72189180,Stainless steel ingots and semi-finished,0.016,2161,1,True
Bulgaria,Bulgaria,72209080,Stainless steel flat products under 600mm,0.016,1381,1,False
Hungary,Netherlands,72107080,Coated or plated flat products,0.016,888,1,True
Sweden,Ireland,72201100,Stainless steel flat products under 600mm,0.015,1053,1,True
United Kingdom,Austria,72285069,Other alloy bars rods and sections,0.015,3387,1,True
Finland,France,72199080,Stainless steel flat products,0.015,1800,1,True
France,Switzerland,72112380,Flat products under 600mm,0.015,3415,1,True
Germany,Norway,72199080,Stainless steel flat products,0.015,1375,1,True
Israel,Israel,72223097,Stainless steel bars sections and wire,0.015,3617,1,False
Unknown / not supplied,Ireland,72189919,Stainless steel ingots and semi-finished,0.015,342,5,True
Finland,Finland,72069000,Ingots and primary forms,0.015,4634,3,False
Unknown / not supplied,Italy,72132000,Hot-rolled bars and rods,0.015,270,1,True
Switzerland,United States,72223097,Stainless steel bars sections and wire,0.015,13085,2,True
Unknown / not supplied,Ireland,72269930,Other alloy flat products under 600mm,0.015,8137,2,True
Poland,Poland,72189919,Stainless steel ingots and semi-finished,0.015,4959,1,False
Poland,Poland,72163291,Angles shapes and sections,0.015,5869,2,False
SO,SO,72043000,Ferrous waste and scrap,0.015,2684,1,False
Denmark,Netherlands,72193410,Stainless steel flat products,0.015,992,1,True
United Kingdom,Lithuania,72209080,Stainless steel flat products under 600mm,0.015,23684,1,True
China,United States,72222089,Stainless steel bars sections and wire,0.015,1412,1,True
United Kingdom,Netherlands,72071114,Semi-finished steel,0.015,2588,1,True
Australia,Austria,72085400,Hot-rolled flat products,0.015,7337,1,True
Unknown / not supplied,Italy,72230019,Stainless steel wire,0.015,178,3,True
Germany,Sweden,72201200,Stainless steel flat products under 600mm,0.015,1075,1,True
United States,United States,72072052,Semi-finished steel,0.015,1671,1,False
China,Germany,72189110,Stainless steel ingots and semi-finished,0.015,4676,2,True
Finland,Finland,72091500,Cold-rolled flat products,0.015,902,1,False
China,South Korea,72132000,Hot-rolled bars and rods,0.014,10296,1,True
KW,KW,72131000,Hot-rolled bars and rods,0.014,39063,1,False
United Kingdom,United States,72149110,Other bars and rods,0.014,2104,1,True
Lithuania,Lithuania,72209080,Stainless steel flat products under 600mm,0.014,1564,1,False
United States,Poland,72224010,Stainless steel bars sections and wire,0.014,8898,4,True
United Kingdom,United States,72169180,Angles shapes and sections,0.014,1529,1,True
Netherlands,Ireland,72202089,Stainless steel flat products under 600mm,0.014,13012,1,True
Finland,Finland,72109080,Coated or plated flat products,0.014,2418,1,False
France,Lithuania,72284010,Other alloy bars rods and sections,0.014,1377,1,True
United Arab Emirates,France,72101100,Coated or plated flat products,0.014,5360,2,True
United Kingdom,Belgium,72042190,Ferrous waste and scrap,0.014,5400,1,True
Italy,Italy,72026000,Ferro-alloys,0.014,9893,1,False
Denmark,Denmark,72149995,Other bars and rods,0.014,2904,1,False
Poland,Poland,72104100,Coated or plated flat products,0.014,2240,1,False
United States,United States,72299020,Alloy steel wire,0.014,5531,2,False
United States,Italy,72224090,Stainless steel bars sections and wire,0.013000000000000001,11922,3,True
United Kingdom,United States,72141000,Other bars and rods,0.013000000000000001,6821,2,True
China,Germany,72222021,Stainless steel bars sections and wire,0.013000000000000001,3704,3,True
United Kingdom,France,72159000,Other bars and rods,0.013000000000000001,2503,2,True
Germany,Czechia,72171090,Wire,0.013,874,1,True
Germany,Germany,72091610,Cold-rolled flat products,0.013,978,1,False
United Kingdom,United States,72221910,Stainless steel bars sections and wire,0.013,1235,1,True
Hong Kong,Hong Kong,72209020,Stainless steel flat products under 600mm,0.013,1870,1,False
Norway,Poland,72199080,Stainless steel flat products,0.013,2152,1,True
Norway,Norway,72071114,Semi-finished steel,0.013,917,1,False
Ireland,Ireland,72286020,Other alloy bars rods and sections,0.013,9389,1,False
Unknown / not supplied,Ireland,72125069,Coated flat products under 600mm,0.013,1302,3,True
Hungary,Germany,72155011,Other bars and rods,0.013,889,1,True
Bosnia and Herzegovina,Bosnia and Herzegovina,72099080,Cold-rolled flat products,0.013,2016,1,False
United States,Italy,72022100,Ferro-alloys,0.013,7596,1,True
Israel,Israel,72209080,Stainless steel flat products under 600mm,0.012,1300,1,False
China,United Arab Emirates,72283020,Other alloy bars rods and sections,0.012,4306,1,True
Netherlands,Netherlands,72288000,Other alloy bars rods and sections,0.012,6847,2,False
Netherlands,Netherlands,72249002,Alloy steel ingots and semi-finished,0.012,1052,1,False
Unknown / not supplied,France,72125090,Coated flat products under 600mm,0.012,247,2,True
Poland,Austria,72149910,Other bars and rods,0.012,2581,1,True
Switzerland,France,72165099,Angles shapes and sections,0.012,2807,1,True
Italy,Ireland,72222011,Stainless steel bars sections and wire,0.012,1797,1,True
United Kingdom,Germany,72169900,Angles shapes and sections,0.012,1385,1,True
United Kingdom,Germany,72189980,Stainless steel ingots and semi-finished,0.012,11497,2,True
Finland,Denmark,72072052,Semi-finished steel,0.012,2093,1,True
United Kingdom,Germany,72159000,Other bars and rods,0.012,2400,1,True
United States,Netherlands,72099020,Cold-rolled flat products,0.012,915,1,True
Italy,Albania,72179090,Wire,0.012,13997,1,True
Sweden,Sweden,72121090,Coated flat products under 600mm,0.012,1119,1,False
Israel,Israel,72111900,Flat products under 600mm,0.012,7060,1,False
Spain,Spain,72192190,Stainless steel flat products,0.012,3407,1,False
Poland,Netherlands,72099080,Cold-rolled flat products,0.011,1521,1,True
Denmark,Denmark,72286080,Other alloy bars rods and sections,0.011,6367,1,False
Unknown / not supplied,Ireland,72179090,Wire,0.011,48,11,True
Malaysia,Malaysia,72210090,Stainless steel bars and rods,0.011,1192,1,False
United States,United States,72125069,Coated flat products under 600mm,0.011,3739,1,False
Unknown / not supplied,Denmark,72299050,Alloy steel wire,0.011,324,8,True
China,China,72271000,Alloy bars and rods hot-rolled,0.011,1662,1,False
United Kingdom,South Korea,72279095,Alloy bars and rods hot-rolled,0.011,6814,1,True
India,Netherlands,72249090,Alloy steel ingots and semi-finished,0.011,959,1,True
China,Netherlands,72166190,Angles shapes and sections,0.011,8760,1,True
Italy,Austria,72230019,Stainless steel wire,0.011,3338,1,True
Italy,Italy,72039000,Direct reduced iron,0.011,2946,2,False
United Kingdom,Hungary,72071980,Semi-finished steel,0.011,1351,1,True
Malta,Malta,72230011,Stainless steel wire,0.011,2018,1,False
China,China,72045000,Ferrous waste and scrap,0.011,3537,1,False
Denmark,Denmark,72221181,Stainless steel bars sections and wire,0.011,1037,1,False
Germany,Sweden,72224090,Stainless steel bars sections and wire,0.011,946,1,True
Switzerland,Netherlands,72112380,Flat products under 600mm,0.011,2035,1,True
Germany,France,72149939,Other bars and rods,0.011,1216,1,True
Switzerland,Switzerland,72155019,Other bars and rods,0.011,9007,1,False
Finland,Belgium,72287090,Other alloy bars rods and sections,0.01,1430,1,True
Croatia,Croatia,72249090,Alloy steel ingots and semi-finished,0.01,4760,1,False
Austria,Austria,72224090,Stainless steel bars sections and wire,0.01,3638,1,False
Belgium,France,72173090,Wire,0.01,5282,2,True
Zimbabwe,Zimbabwe,72052900,Granules and powders,0.01,1233,1,False
Czechia,Austria,72189920,Stainless steel ingots and semi-finished,0.01,8081,4,True
Portugal,Germany,72224090,Stainless steel bars sections and wire,0.01,1979,2,True
Poland,Switzerland,72259900,Other alloy flat products,0.01,1895,1,True
Unknown / not supplied,Netherlands,72123000,Coated flat products under 600mm,0.01,258,1,True
Finland,Finland,72224090,Stainless steel bars sections and wire,0.01,7282,4,False
Thailand,Thailand,72139990,Hot-rolled bars and rods,0.01,1824,1,False
Poland,Netherlands,72209080,Stainless steel flat products under 600mm,0.01,1253,1,True
Hungary,Austria,72189110,Stainless steel ingots and semi-finished,0.01,3016,1,True
Sweden,Netherlands,72281090,Other alloy bars rods and sections,0.01,995,1,True
Denmark,Denmark,72202081,Stainless steel flat products under 600mm,0.01,1635,1,False
Germany,Sweden,72230091,Stainless steel wire,0.01,972,1,True
Poland,France,72224090,Stainless steel bars sections and wire,0.01,2100,1,True
Poland,Belgium,72259900,Other alloy flat products,0.01,1852,1,True
Italy,Germany,72165099,Angles shapes and sections,0.01,1871,1,True
Denmark,France,72109080,Coated or plated flat products,0.01,1685,1,True
Unknown / not supplied,Ireland,72209080,Stainless steel flat products under 600mm,0.01,3235,4,True
China,Hong Kong,72249090,Alloy steel ingots and semi-finished,0.01,950,1,True
Unknown / not supplied,Ireland,72299020,Alloy steel wire,0.01,1164,1,True
Italy,United States,72230019,Stainless steel wire,0.01,1148,1,True
France,Switzerland,72112900,Flat products under 600mm,0.01,5670,1,True
United Kingdom,Singapore,72224090,Stainless steel bars sections and wire,0.01,3465,1,True
India,Norway,72224090,Stainless steel bars sections and wire,0.01,9237,1,True
South Africa,Germany,72222039,Stainless steel bars sections and wire,0.01,939,1,True
Malaysia,Malaysia,72159000,Other bars and rods,0.009999999999999998,2079,2,False
China,Hong Kong,72052100,Granules and powders,0.009999999999999998,2083,2,True
United Kingdom,Ireland,72189919,Stainless steel ingots and semi-finished,0.009,888,1,True
United States,Netherlands,72104900,Coated or plated flat products,0.009,6138,1,True
Slovenia,Slovenia,72119080,Flat products under 600mm,0.009,4072,1,False
Unknown / not supplied,Germany,72104100,Coated or plated flat products,0.009,22882,1,True
Germany,Denmark,72149939,Other bars and rods,0.009,1757,1,True
Denmark,Denmark,72173049,Wire,0.009,8327,1,False
Italy,Finland,72166190,Angles shapes and sections,0.009,900,1,True
United Kingdom,Sweden,72044910,Ferrous waste and scrap,0.009,1086,1,True
Malaysia,Malaysia,72149995,Other bars and rods,0.009,1994,1,False
China,Hong Kong,72223097,Stainless steel bars sections and wire,0.009,3529,1,True
Germany,Ireland,72199020,Stainless steel flat products,0.009,1356,1,True
United Kingdom,India,72111900,Flat products under 600mm,0.009,925,1,True
Unknown / not supplied,Italy,72286020,Other alloy bars rods and sections,0.009,75,1,True
Italy,Italy,72283020,Other alloy bars rods and sections,0.009,2717,1,False
Italy,Italy,72024990,Ferro-alloys,0.009,953,1,False
Spain,Spain,72092500,Cold-rolled flat products,0.009,1314,1,False
Mexico,Mexico,72085198,Hot-rolled flat products,0.009,1638,1,False
Sweden,Netherlands,72111900,Flat products under 600mm,0.009,6351,1,True
Belgium,Belgium,72081000,Hot-rolled flat products,0.009,3038,1,False
Germany,Spain,72106100,Coated or plated flat products,0.009,30618,1,True
France,Tunisia,72230099,Stainless steel wire,0.009,3251,1,True
Ireland,Ireland,72210010,Stainless steel bars and rods,0.009,2177,1,False
Israel,Israel,72081000,Hot-rolled flat products,0.009,958,1,False
Turkey,Ireland,72131000,Hot-rolled bars and rods,0.009,6728,1,True
United Kingdom,India,72202081,Stainless steel flat products under 600mm,0.009,2965,1,True
France,Greece,72210090,Stainless steel bars and rods,0.009,2150,1,True
United Kingdom,Italy,72189911,Stainless steel ingots and semi-finished,0.008,1181,1,True
Brazil,United States,72181000,Stainless steel ingots and semi-finished,0.008,952,1,True
Austria,Lithuania,72209080,Stainless steel flat products under 600mm,0.008,6115,1,True
United Kingdom,Ireland,72139110,Hot-rolled bars and rods,0.008,6705,1,True
Taiwan,Taiwan,72052900,Granules and powders,0.008,4961,1,False
Germany,France,72125090,Coated flat products under 600mm,0.008,1166,1,True
United Kingdom,Tunisia,72230099,Stainless steel wire,0.008,2529,1,True
United Kingdom,Japan,72287090,Other alloy bars rods and sections,0.008,9135,1,True
China,United States,72165099,Angles shapes and sections,0.008,1002,1,True
United States,Germany,72201100,Stainless steel flat products under 600mm,0.008,2534,1,True
Denmark,Germany,72209080,Stainless steel flat products under 600mm,0.008,1577,1,True
Netherlands,Netherlands,72279095,Alloy bars and rods hot-rolled,0.008,1490,1,False
Italy,France,72209080,Stainless steel flat products under 600mm,0.008,1168,1,True
Netherlands,Belgium,72149110,Other bars and rods,0.008,2212,1,True
Mexico,United States,72230099,Stainless steel wire,0.008,2783,2,True
United Kingdom,Belgium,72193590,Stainless steel flat products,0.008,1094,1,True
Switzerland,Belgium,72223097,Stainless steel bars sections and wire,0.008,7983,3,True
China,Taiwan,72259900,Other alloy flat products,0.008,1025,1,True
Greece,Greece,72139990,Hot-rolled bars and rods,0.008,1283,1,False
United States,France,72209080,Stainless steel flat products under 600mm,0.008,16029,3,True
Germany,Germany,72101280,Coated or plated flat products,0.008,6209,2,False
Unknown / not supplied,Ireland,72125061,Coated flat products under 600mm,0.008,10192,7,True
Hungary,Belgium,72124080,Coated flat products under 600mm,0.008,2867,2,True
Switzerland,Belgium,72202041,Stainless steel flat products under 600mm,0.008,3816,2,True
Sweden,Germany,72222039,Stainless steel bars sections and wire,0.008,3510,2,True
United States,Switzerland,72171090,Wire,0.008,1341,1,True
Unknown / not supplied,Germany,72209080,Stainless steel flat products under 600mm,0.008,1350,1,True
Unknown / not supplied,Netherlands,72159000,Other bars and rods,0.008,299,8,True
United States,South Korea,72112380,Flat products under 600mm,0.008,8443,1,True
Sweden,Sweden,72111900,Flat products under 600mm,0.008,1105,1,False
Italy,Italy,72099080,Cold-rolled flat products,0.008,1018,1,False
Italy,Denmark,72224090,Stainless steel bars sections and wire,0.008,4271,2,True
Spain,United States,72285080,Other alloy bars rods and sections,0.008,2029,1,True
United Kingdom,India,72202089,Stainless steel flat products under 600mm,0.008,5192,1,True
Portugal,Portugal,72191390,Stainless steel flat products,0.008,1308,1,False
Austria,Ireland,72192110,Stainless steel flat products,0.008,5203,1,True
China,United States,72089080,Hot-rolled flat products,0.007,1979,1,True
Belgium,Belgium,72269199,Other alloy flat products under 600mm,0.007,1038,1,False
France,Romania,72285069,Other alloy bars rods and sections,0.007,1097,1,True
Singapore,Singapore,72230099,Stainless steel wire,0.007,4679,1,False
United Kingdom,France,72089080,Hot-rolled flat products,0.007,1120,1,True
Norway,Norway,72109080,Coated or plated flat products,0.007,1147,1,False
Mexico,Mexico,72221189,Stainless steel bars sections and wire,0.007,1192,1,False
United Kingdom,Italy,72029980,Ferro-alloys,0.007,1735,1,True
China,Hong Kong,72189911,Stainless steel ingots and semi-finished,0.007,917,1,True
United States,Italy,72230019,Stainless steel wire,0.007,1085,1,True
China,France,72209080,Stainless steel flat products under 600mm,0.007,885,1,True
Switzerland,Germany,72230099,Stainless steel wire,0.007,1625,1,True
Belgium,Belgium,72091710,Cold-rolled flat products,0.007,1018,1,False
Italy,Belgium,72165099,Angles shapes and sections,0.007,1982,2,True
United States,United States,72021180,Ferro-alloys,0.007,3734,2,False
Canada,Canada,72201100,Stainless steel flat products under 600mm,0.007,4478,1,False
United States,France,72193410,Stainless steel flat products,0.007,1223,1,True
Unknown / not supplied,Poland,72169110,Angles shapes and sections,0.007,130,2,True
Denmark,Denmark,72193390,Stainless steel flat products,0.007,1154,1,False
United Kingdom,United States,72149950,Other bars and rods,0.007,1275,1,True
France,France,72126000,Coated flat products under 600mm,0.007,1473,1,False
United States,Netherlands,72269200,Other alloy flat products under 600mm,0.007,1031,1,True
Switzerland,LI,72209080,Stainless steel flat products under 600mm,0.006,3162,1,True
United States,France,72169900,Angles shapes and sections,0.006,5162,2,True
Denmark,Denmark,72283020,Other alloy bars rods and sections,0.006,7164,5,False
Netherlands,Netherlands,72223091,Stainless steel bars sections and wire,0.006,2272,1,False
Unknown / not supplied,Ireland,72072080,Semi-finished steel,0.006,202,1,True
United Kingdom,United States,72241090,Alloy steel ingots and semi-finished,0.006,3642,1,True
Switzerland,Switzerland,72221181,Stainless steel bars sections and wire,0.006,1327,1,False
United Kingdom,Austria,72171090,Wire,0.006,4509,1,True
Switzerland,Switzerland,72193210,Stainless steel flat products,0.006,2304,1,False
Israel,Israel,72181000,Stainless steel ingots and semi-finished,0.006,15164,2,False
Austria,Austria,72139990,Hot-rolled bars and rods,0.006,5719,1,False
United Kingdom,Ireland,72222081,Stainless steel bars sections and wire,0.006,1070,1,True
Unknown / not supplied,Denmark,72092690,Cold-rolled flat products,0.006,61,1,True
Unknown / not supplied,France,72202041,Stainless steel flat products under 600mm,0.006,158,1,True
Portugal,Portugal,72189980,Stainless steel ingots and semi-finished,0.006,904,1,False
Unknown / not supplied,Italy,72179020,Wire,0.006,72,6,True
Croatia,Croatia,72224050,Stainless steel bars sections and wire,0.006,5822,1,False
Netherlands,Netherlands,72189110,Stainless steel ingots and semi-finished,0.006,1036,1,False
Turkey,Turkey,72042900,Ferrous waste and scrap,0.006,9889,1,False
NZ,Denmark,72072080,Semi-finished steel,0.006,2512,1,True
Spain,Czechia,72221181,Stainless steel bars sections and wire,0.006,1775,1,True
Canada,Canada,72224090,Stainless steel bars sections and wire,0.006,87644,6,False
Sweden,Sweden,72286020,Other alloy bars rods and sections,0.006,4102,1,False
France,Germany,72201200,Stainless steel flat products under 600mm,0.006,1041,1,True
United Kingdom,Spain,72224010,Stainless steel bars sections and wire,0.005,7573,1,True
India,Vietnam,72222031,Stainless steel bars sections and wire,0.005,12478,1,True
Slovakia,Germany,72230099,Stainless steel wire,0.005,1474,1,True
Unknown / not supplied,Czechia,72282099,Other alloy bars rods and sections,0.005,82,1,True
Unknown / not supplied,Denmark,72099080,Cold-rolled flat products,0.005,190,2,True
Unknown / not supplied,Spain,72171010,Wire,0.005,18,5,True
South Korea,Germany,72072080,Semi-finished steel,0.005,1023,1,True
Taiwan,Taiwan,72081000,Hot-rolled flat products,0.005,2391,1,False
United States,Spain,72179090,Wire,0.005,7014,1,True
Portugal,Portugal,72173049,Wire,0.005,2683,1,False
Unknown / not supplied,Poland,72193310,Stainless steel flat products,0.005,379,3,True
India,United States,72222011,Stainless steel bars sections and wire,0.005,1053,1,True
United Kingdom,Netherlands,72189980,Stainless steel ingots and semi-finished,0.005,13836,1,True
United States,United States,72251100,Other alloy flat products,0.005,1704,1,False
Unknown / not supplied,Poland,72159000,Other bars and rods,0.005,146,1,True
Ireland,Ireland,72119080,Flat products under 600mm,0.005,879,1,False
United Kingdom,United States,72166900,Angles shapes and sections,0.005,4622,3,True
United Kingdom,Austria,72224090,Stainless steel bars sections and wire,0.005,1151,1,True
Canada,Poland,72230099,Stainless steel wire,0.005,3077,1,True
Denmark,Netherlands,72223097,Stainless steel bars sections and wire,0.005,2847,2,True
France,France,72099080,Cold-rolled flat products,0.005,2283,2,False
Croatia,Croatia,72222089,Stainless steel bars sections and wire,0.005,4205,1,False
Croatia,Switzerland,72165099,Angles shapes and sections,0.005,2032,1,True
Germany,Ireland,72085120,Hot-rolled flat products,0.005,1417,1,True
Canada,Canada,72209020,Stainless steel flat products under 600mm,0.005,1037,1,False
United Kingdom,United States,72139910,Hot-rolled bars and rods,0.005,7022,1,True
Unknown / not supplied,Germany,72223051,Stainless steel bars sections and wire,0.005,698,1,True
Canada,Canada,72181000,Stainless steel ingots and semi-finished,0.005,2042,1,False
Czechia,Czechia,72189980,Stainless steel ingots and semi-finished,0.005,1593,1,False
United States,Switzerland,72112380,Flat products under 600mm,0.005,2923,1,True
Unknown / not supplied,Italy,72209080,Stainless steel flat products under 600mm,0.005,95,4,True
Japan,France,72288000,Other alloy bars rods and sections,0.005,3302,1,True
United States,Canada,72283089,Other alloy bars rods and sections,0.005,1616,1,True
Finland,Finland,72222031,Stainless steel bars sections and wire,0.005,1368,1,False
United States,Germany,72179090,Wire,0.005,1167,1,True
Poland,Italy,72222031,Stainless steel bars sections and wire,0.005,2028,1,True
Austria,Germany,72209080,Stainless steel flat products under 600mm,0.005,1618,1,True
Unknown / not supplied,Hungary,72169900,Angles shapes and sections,0.005,120,2,True
Japan,United States,72230019,Stainless steel wire,0.005,1213,1,True
Unknown / not supplied,Belgium,72142000,Other bars and rods,0.005,131,1,True
Malaysia,Poland,72259900,Other alloy flat products,0.005,3601,1,True
Spain,Spain,72179090,Wire,0.005,959,1,False
Italy,Switzerland,72165099,Angles shapes and sections,0.005,2472,1,True
China,Hong Kong,72119080,Flat products under 600mm,0.005,914,1,True
Unknown / not supplied,Ireland,72189980,Stainless steel ingots and semi-finished,0.005,3004,1,True
France,United States,72089080,Hot-rolled flat products,0.005,1771,1,True
Germany,Netherlands,72173049,Wire,0.005,1036,1,True
France,United States,72071111,Semi-finished steel,0.005,1438,1,True
Tunisia,Tunisia,72230099,Stainless steel wire,0.005,37639,1,False
Denmark,Denmark,72209080,Stainless steel flat products under 600mm,0.005,3069,2,False
Switzerland,France,72171090,Wire,0.005,1039,1,True
United Kingdom,Estonia,72223097,Stainless steel bars sections and wire,0.005,2007,1,True
Norway,Norway,72122000,Coated flat products under 600mm,0.005,1437,1,False
France,France,72191100,Stainless steel flat products,0.005,2616,1,False
China,Sweden,72169900,Angles shapes and sections,0.005,1363,1,True
United States,Netherlands,72123000,Coated flat products under 600mm,0.004,13818,1,True
Norway,Norway,72286080,Other alloy bars rods and sections,0.004,11054,2,False
Slovakia,Germany,72159000,Other bars and rods,0.004,1248,1,True
China,Italy,72223097,Stainless steel bars sections and wire,0.004,4195,1,True
Taiwan,United States,72189980,Stainless steel ingots and semi-finished,0.004,1121,1,True
Unknown / not supplied,Denmark,72151000,Other bars and rods,0.004,415,1,True
Italy,Norway,72223097,Stainless steel bars sections and wire,0.004,4502,1,True
NZ,NZ,72224090,Stainless steel bars sections and wire,0.004,3660,1,False
Unknown / not supplied,Belgium,72287090,Other alloy bars rods and sections,0.004,762,4,True
Malaysia,Malaysia,72191100,Stainless steel flat products,0.004,1364,1,False
United Kingdom,Canada,72223097,Stainless steel bars sections and wire,0.004,10588,1,True
Unknown / not supplied,Netherlands,72223097,Stainless steel bars sections and wire,0.004,503,2,True
United States,France,72149110,Other bars and rods,0.004,1608,1,True
United Kingdom,Switzerland,72193390,Stainless steel flat products,0.004,1145,1,True
Poland,Spain,72222029,Stainless steel bars sections and wire,0.004,10588,1,True
France,Belgium,72224090,Stainless steel bars sections and wire,0.004,1574,1,True
United Kingdom,United States,72269199,Other alloy flat products under 600mm,0.004,2884,1,True
Spain,Ireland,72224010,Stainless steel bars sections and wire,0.004,3806,1,True
Australia,Austria,72052100,Granules and powders,0.004,1177,1,True
China,Sweden,72166190,Angles shapes and sections,0.004,1130,1,True
China,Hong Kong,72193100,Stainless steel flat products,0.004,1734,1,True
Japan,Japan,72199080,Stainless steel flat products,0.004,1761,1,False
Germany,Switzerland,72230091,Stainless steel wire,0.004,1412,1,True
Spain,Germany,72072080,Semi-finished steel,0.004,1569,1,True
Belgium,Belgium,72191410,Stainless steel flat products,0.004,1623,1,False
Germany,Switzerland,72165099,Angles shapes and sections,0.004,5418,2,True
Czechia,Germany,72181000,Stainless steel ingots and semi-finished,0.004,7905,1,True
United Kingdom,Spain,72089080,Hot-rolled flat products,0.004,1257,1,True
Italy,Italy,72021900,Ferro-alloys,0.004,947,1,False
United Kingdom,Belgium,72189980,Stainless steel ingots and semi-finished,0.004,1564,1,True
United States,United States,72071210,Semi-finished steel,0.004,1966,1,False
China,Czechia,72193590,Stainless steel flat products,0.004,1786,1,True
Japan,Germany,72209080,Stainless steel flat products under 600mm,0.004,3230,1,True
Turkey,Turkey,72288000,Other alloy bars rods and sections,0.004,1493,1,False
Unknown / not supplied,France,72179020,Wire,0.004,48,3,True
Italy,Belgium,72221181,Stainless steel bars sections and wire,0.004,34683,1,True
Spain,Belgium,72169900,Angles shapes and sections,0.003,7534,3,True
Croatia,France,72165099,Angles shapes and sections,0.003,990,1,True
Thailand,Thailand,72230011,Stainless steel wire,0.003,3776,1,False
Czechia,Germany,72222039,Stainless steel bars sections and wire,0.003,1227,1,True
India,India,72192110,Stainless steel flat products,0.003,1160,1,False
Japan,Germany,72249090,Alloy steel ingots and semi-finished,0.003,2695,1,True
Malaysia,Malaysia,72189180,Stainless steel ingots and semi-finished,0.003,8513,1,False
Italy,Italy,72202029,Stainless steel flat products under 600mm,0.003,1809,1,False
United States,Lithuania,72224090,Stainless steel bars sections and wire,0.003,3086,2,True
Unknown / not supplied,Germany,72230019,Stainless steel wire,0.003,435,2,True
Unknown / not supplied,Germany,72155019,Other bars and rods,0.003,179,2,True
United Kingdom,United States,72209080,Stainless steel flat products under 600mm,0.003,8954,3,True
Sweden,Denmark,72283020,Other alloy bars rods and sections,0.003,4712,2,True
United States,Israel,72089080,Hot-rolled flat products,0.003,8386,1,True
Unknown / not supplied,Lithuania,72209080,Stainless steel flat products under 600mm,0.003,1761,2,True
United Kingdom,France,72210010,Stainless steel bars and rods,0.003,5895,1,True
Morocco,Morocco,72193310,Stainless steel flat products,0.003,1517,1,False
Denmark,Ireland,72284090,Other alloy bars rods and sections,0.003,1308,1,True
Norway,Denmark,72209020,Stainless steel flat products under 600mm,0.003,1000,1,True
China,Switzerland,72169900,Angles shapes and sections,0.003,3358,1,True
Denmark,Denmark,72071290,Semi-finished steel,0.003,995,1,False
United Kingdom,Malaysia,72039000,Direct reduced iron,0.003,907,1,True
United Kingdom,Israel,72015090,Pig iron,0.003,4250,1,True
Switzerland,Switzerland,72029100,Ferro-alloys,0.003,2288,1,False
Spain,Spain,72092890,Cold-rolled flat products,0.003,2541,1,False
Slovenia,Slovenia,72189980,Stainless steel ingots and semi-finished,0.003,1206,1,False
Canada,Canada,72223091,Stainless steel bars sections and wire,0.003,4919,1,False
United Kingdom,BH,72191100,Stainless steel flat products,0.003,2000,1,True
France,Spain,72299090,Alloy steel wire,0.003,919,1,True
United Kingdom,Germany,72223097,Stainless steel bars sections and wire,0.003,2922,2,True
Denmark,Germany,72269200,Other alloy flat products under 600mm,0.003,1817,1,True
United Kingdom,United States,72132000,Hot-rolled bars and rods,0.003,945,1,True
Israel,Israel,72249002,Alloy steel ingots and semi-finished,0.003,5502,1,False
United States,United States,72083700,Hot-rolled flat products,0.002,1328,1,False
United States,Ireland,72224090,Stainless steel bars sections and wire,0.002,2607,1,True
Belgium,Belgium,72022910,Ferro-alloys,0.002,1000,1,False
Denmark,Denmark,72249090,Alloy steel ingots and semi-finished,0.002,2040,1,False
Hungary,Germany,72169900,Angles shapes and sections,0.002,1711,1,True
Denmark,Denmark,72281090,Other alloy bars rods and sections,0.002,1802,1,False
France,Switzerland,72126000,Coated flat products under 600mm,0.002,1216,1,True
Denmark,Denmark,72022100,Ferro-alloys,0.002,4822,1,False
Czechia,Belgium,72224090,Stainless steel bars sections and wire,0.002,908,1,True
Taiwan,Taiwan,72287010,Other alloy bars rods and sections,0.002,4659,2,False
Serbia and Montenegro aggregate,Serbia and Montenegro aggregate,72223097,Stainless steel bars sections and wire,0.002,2814,2,False
Serbia and Montenegro aggregate,Serbia and Montenegro aggregate,72209080,Stainless steel flat products under 600mm,0.002,1536,1,False
Israel,Israel,72085198,Hot-rolled flat products,0.002,3581,1,False
Bulgaria,Bulgaria,72149110,Other bars and rods,0.002,6281,2,False
Germany,Germany,72029100,Ferro-alloys,0.002,1001,1,False
Unknown / not supplied,Spain,72223097,Stainless steel bars sections and wire,0.002,27,2,True
United States,Norway,72149995,Other bars and rods,0.002,1070,1,True
Hungary,Belgium,72169900,Angles shapes and sections,0.002,1388,1,True
Unknown / not supplied,Spain,72085400,Hot-rolled flat products,0.002,13,1,True
United Kingdom,Singapore,72045000,Ferrous waste and scrap,0.002,3244,1,True
United States,Poland,72230099,Stainless steel wire,0.002,1163,1,True
France,France,72021900,Ferro-alloys,0.002,1166,1,False
Unknown / not supplied,Belgium,72224090,Stainless steel bars sections and wire,0.002,268,1,True
United States,Ireland,72189980,Stainless steel ingots and semi-finished,0.002,1922,1,True
Denmark,Denmark,72102000,Coated or plated flat products,0.002,1522,1,False
Germany,Austria,72189920,Stainless steel ingots and semi-finished,0.002,3029,2,True
United States,Japan,72224090,Stainless steel bars sections and wire,0.002,1634,1,True
Unknown / not supplied,Ireland,72189110,Stainless steel ingots and semi-finished,0.002,88,1,True
United Kingdom,Germany,72292000,Alloy steel wire,0.002,898,1,True
Unknown / not supplied,Italy,72179090,Wire,0.002,4,2,True
Denmark,France,72149110,Other bars and rods,0.002,1140,1,True
France,France,72249003,Alloy steel ingots and semi-finished,0.002,1636,1,False
United States,Switzerland,72071980,Semi-finished steel,0.002,4370,1,True
Unknown / not supplied,Ireland,72092500,Cold-rolled flat products,0.002,184,2,True
France,United States,72199080,Stainless steel flat products,0.002,2057,1,True
France,Germany,72224010,Stainless steel bars sections and wire,0.002,8668,1,True
United Kingdom,Switzerland,72112900,Flat products under 600mm,0.002,1437,1,True
Canada,Canada,72121010,Coated flat products under 600mm,0.002,1412,1,False
Philippines,Denmark,72285080,Other alloy bars rods and sections,0.002,4685,1,True
Hungary,Germany,72223097,Stainless steel bars sections and wire,0.002,1393,1,True
Unknown / not supplied,Germany,72223097,Stainless steel bars sections and wire,0.002,354,2,True
France,Switzerland,72209080,Stainless steel flat products under 600mm,0.002,4688,1,True
United States,Germany,72039000,Direct reduced iron,0.002,1215,1,True
Japan,Japan,72124080,Coated flat products under 600mm,0.002,4614,1,False
United Kingdom,Germany,72042190,Ferrous waste and scrap,0.002,11567,2,True
United States,Canada,72143000,Other bars and rods,0.002,1200,1,True
Unknown / not supplied,Germany,72221189,Stainless steel bars sections and wire,0.002,340,1,True
Germany,Germany,72092890,Cold-rolled flat products,0.002,1706,1,False
Vietnam,United States,72171090,Wire,0.002,1520,1,True
Unknown / not supplied,France,72189980,Stainless steel ingots and semi-finished,0.002,39700,1,True
Vietnam,Denmark,72279095,Alloy bars and rods hot-rolled,0.002,892,1,True
China,United States,72099080,Cold-rolled flat products,0.002,2775,1,True
Vietnam,Germany,72224050,Stainless steel bars sections and wire,0.002,1010,1,True
India,India,72042900,Ferrous waste and scrap,0.002,1778,1,False
Australia,Australia,72052900,Granules and powders,0.002,1153,1,False
China,United Arab Emirates,72283069,Other alloy bars rods and sections,0.002,3916,1,True
Italy,Belgium,72221910,Stainless steel bars sections and wire,0.002,8541,1,True
Germany,Germany,72044990,Ferrous waste and scrap,0.001,2142,1,False
United States,France,72201200,Stainless steel flat products under 600mm,0.001,1061,1,True
United States,France,72224010,Stainless steel bars sections and wire,0.001,1633,1,True
China,Switzerland,72287090,Other alloy bars rods and sections,0.001,1028,1,True
United Arab Emirates,United Arab Emirates,72285080,Other alloy bars rods and sections,0.001,1934,1,False
United Kingdom,AO,72224090,Stainless steel bars sections and wire,0.001,1329,1,True
Canada,Canada,72286080,Other alloy bars rods and sections,0.001,1009,1,False
Germany,France,72099080,Cold-rolled flat products,0.001,3204,1,True
Switzerland,Italy,72029980,Ferro-alloys,0.001,1706,1,True
Germany,Norway,72223097,Stainless steel bars sections and wire,0.001,3465,1,True
Unknown / not supplied,France,72179090,Wire,0.001,4,1,True
Australia,Italy,72149995,Other bars and rods,0.001,7762,1,True
Czechia,Germany,72224050,Stainless steel bars sections and wire,0.001,880,1,True
Belgium,Belgium,72159000,Other bars and rods,0.001,1191,1,False
Japan,Germany,72223097,Stainless steel bars sections and wire,0.001,1529,1,True
Unknown / not supplied,Ireland,72283020,Other alloy bars rods and sections,0.001,5,1,True
United States,Germany,72051000,Granules and powders,0.001,946,1,True
Unknown / not supplied,Ireland,72259200,Other alloy flat products,0.001,4284,1,True
United Kingdom,GA,72299090,Alloy steel wire,0.001,975,1,True
United States,United States,72282099,Other alloy bars rods and sections,0.001,1791,1,False
Germany,Switzerland,72202029,Stainless steel flat products under 600mm,0.001,5823,1,True
Japan,Japan,72149971,Other bars and rods,0.001,905,1,False
Netherlands,Netherlands,72286020,Other alloy bars rods and sections,0.001,2401,1,False
Unknown / not supplied,Germany,72286080,Other alloy bars rods and sections,0.001,16,1,True
Netherlands,Norway,72224090,Stainless steel bars sections and wire,0.001,1250,1,True
Switzerland,United States,72224010,Stainless steel bars sections and wire,0.001,1263,1,True
Estonia,Germany,72101100,Coated or plated flat products,0.001,4029,1,True
Netherlands,Netherlands,72284010,Other alloy bars rods and sections,0.001,1711,1,False
Hungary,Switzerland,72169900,Angles shapes and sections,0.001,971,1,True
China,Hong Kong,72191100,Stainless steel flat products,0.001,1409,1,True
Unknown / not supplied,Germany,72230099,Stainless steel wire,0.001,16,1,True
Spain,United States,72224090,Stainless steel bars sections and wire,0.001,3362,2,True
France,Belgium,72124080,Coated flat products under 600mm,0.001,1251,1,True
Italy,Italy,72125030,Coated flat products under 600mm,0.001,1715,1,False
Turkey,Netherlands,72089080,Hot-rolled flat products,0.001,1200,1,True
Canada,Canada,72223097,Stainless steel bars sections and wire,0.001,10603,1,False
Sweden,Sweden,72089080,Hot-rolled flat products,0.001,1993,1,False
Japan,Japan,72089080,Hot-rolled flat products,0.001,3888,1,False
Unknown / not supplied,Italy,72201200,Stainless steel flat products under 600mm,0.001,23,1,True
Unknown / not supplied,Italy,72172030,Wire,0.001,11,1,True
United Kingdom,Germany,72287090,Other alloy bars rods and sections,0.001,8101,1,True
Austria,United States,72099080,Cold-rolled flat products,0.001,5265,1,True
Unknown / not supplied,Italy,72171010,Wire,0.001,3,1,True
Unknown / not supplied,Italy,72166190,Angles shapes and sections,0.001,95,1,True
Taiwan,Czechia,72169900,Angles shapes and sections,0.001,3899,1,True
Poland,Germany,72222021,Stainless steel bars sections and wire,0.001,1288,1,True
Poland,Germany,72202041,Stainless steel flat products under 600mm,0.001,1014,1,True
United Kingdom,Poland,72221181,Stainless steel bars sections and wire,0.001,1314,1,True
Unknown / not supplied,Ireland,72202021,Stainless steel flat products under 600mm,0.001,89,1,True
China,Hong Kong,72119020,Flat products under 600mm,0.001,1970,1,True
United States,Netherlands,72099080,Cold-rolled flat products,0.001,1300,1,True
Malaysia,Italy,72139990,Hot-rolled bars and rods,0.001,1266,1,True
Switzerland,Switzerland,72261910,Other alloy flat products under 600mm,0.001,943,1,False
Malaysia,Malaysia,72089080,Hot-rolled flat products,0.001,2324,1,False
Poland,Poland,72201200,Stainless steel flat products under 600mm,0.001,1934,1,False
Germany,Belgium,72165099,Angles shapes and sections,0.001,1004,1,True
Poland,Poland,72221189,Stainless steel bars sections and wire,0.001,1576,1,False
Italy,Germany,72179020,Wire,0.001,1087,1,True
Germany,Latvia,72209020,Stainless steel flat products under 600mm,0.001,1151,1,True
Finland,Netherlands,72189980,Stainless steel ingots and semi-finished,0.001,1156,1,True
France,Germany,72224090,Stainless steel bars sections and wire,0.001,883,1,True
Germany,Austria,72279095,Alloy bars and rods hot-rolled,0.001,2881,1,True
Switzerland,Switzerland,72169110,Angles shapes and sections,0.001,1502,1,False
Italy,France,72230099,Stainless steel wire,0.001,4700,1,True
Unknown / not supplied,Ireland,72164090,Angles shapes and sections,0.001,54,1,True
Unknown / not supplied,Italy,72210010,Stainless steel bars and rods,0.001,3277,1,True
Sweden,Sweden,72141000,Other bars and rods,0.001,1451,1,False
United States,Czechia,72112380,Flat products under 600mm,0.001,1344,1,True
United States,Canada,72286080,Other alloy bars rods and sections,0.001,912,1,True
Italy,Italy,72104100,Coated or plated flat products,0.001,1187,1,False
Hong Kong,Hong Kong,72171090,Wire,0.001,1172,1,False
China,Philippines,72085198,Hot-rolled flat products,0.001,1334,1,True
Slovenia,Slovenia,72299090,Alloy steel wire,0.001,995,1,False
Switzerland,Switzerland,72099080,Cold-rolled flat products,0.001,1667,1,False
United Kingdom,Ireland,72222089,Stainless steel bars sections and wire,0.001,4310,1,True
United States,Norway,72099080,Cold-rolled flat products,0.001,2107,2,True
Taiwan,Taiwan,72149995,Other bars and rods,0.001,873,1,False
United Kingdom,Switzerland,72224090,Stainless steel bars sections and wire,0.001,1712,1,True
France,France,72112330,Flat products under 600mm,0.001,3068,2,False
United Kingdom,Denmark,72287090,Other alloy bars rods and sections,0.001,2411,1,True
Greece,Greece,72109080,Coated or plated flat products,0.001,13560,1,False
France,France,72109080,Coated or plated flat products,0.001,1677,1,False
India,United States,72230099,Stainless steel wire,0.001,990,1,True
Singapore,Singapore,72089080,Hot-rolled flat products,0.001,2444,1,False
United Kingdom,Taiwan,72109080,Coated or plated flat products,0.001,948,1,True
Switzerland,Switzerland,72192400,Stainless steel flat products,0.001,966,1,False
Unknown / not supplied,France,72103000,Coated or plated flat products,0.001,89,1,True
Switzerland,Switzerland,72072080,Semi-finished steel,0.001,22899,1,False
Germany,Netherlands,72069000,Ingots and primary forms,0.001,907,1,True
Switzerland,Switzerland,72249090,Alloy steel ingots and semi-finished,0.001,1244,1,False
United Kingdom,United States,72102000,Coated or plated flat products,0.001,1297,1,True
United Kingdom,United Arab Emirates,72299090,Alloy steel wire,0.001,1172,1,True
Unknown / not supplied,Germany,72193390,Stainless steel flat products,0.001,450,1,True
United Kingdom,France,72024950,Ferro-alloys,0.001,1940,1,True
Unknown / not supplied,Germany,72179020,Wire,0.001,1,1,True
Italy,Belgium,72223051,Stainless steel bars sections and wire,0.001,3933,1,True
Croatia,Switzerland,72126000,Coated flat products under 600mm,0.001,1220,1,True
Czechia,Czechia,72029980,Ferro-alloys,0.001,1142,1,False
Unknown / not supplied,Netherlands,72071912,Semi-finished steel,0.001,184,1,True
Unknown / not supplied,Italy,72286080,Other alloy bars rods and sections,0.001,71,1,True
Germany,Sweden,72222031,Stainless steel bars sections and wire,0.001,1622,1,True
Unknown / not supplied,Austria,72092890,Cold-rolled flat products,0.001,10,1,True
United Kingdom,Czechia,72112380,Flat products under 600mm,0.001,1455,1,True
United Kingdom,Saudi Arabia,72209080,Stainless steel flat products under 600mm,0.001,996,1,True
Canada,United States,72230099,Stainless steel wire,0.001,2361,1,True
Denmark,Norway,72071290,Semi-finished steel,0.001,6839,1,True
Norway,Norway,72230019,Stainless steel wire,0.001,1193,1,False
India,India,72259900,Other alloy flat products,0.001,1574,1,False
United Kingdom,France,72125030,Coated flat products under 600mm,0.001,1000,1,True
BD,NZ,72155080,Other bars and rods,0.001,3690,1,True
France,France,72039000,Direct reduced iron,0.001,1801,1,False
Ireland,Ireland,72112900,Flat products under 600mm,0.001,3524,1,False
Unknown / not supplied,Germany,72199020,Stainless steel flat products,0.001,12,1,True
Unknown / not supplied,Germany,72202081,Stainless steel flat products under 600mm,0.001,126,1,True
Canada,United States,72230091,Stainless steel wire,0.001,976,1,True
Unknown / not supplied,Belgium,72159000,Other bars and rods,0.001,230,1,True
Switzerland,Switzerland,72123000,Coated flat products under 600mm,0.001,2872,1,False
Hungary,Denmark,72051000,Granules and powders,0.001,1068,1,True
United States,Spain,72230019,Stainless steel wire,0.001,1144,1,True
Unknown / not supplied,Poland,72179090,Wire,0.001,4,1,True
Unknown / not supplied,Germany,72011011,Pig iron,0.001,115,1,True
United States,Spain,72224010,Stainless steel bars sections and wire,0.001,1597,1,True
Hungary,France,72159000,Other bars and rods,0.001,2332,1,True
United States,France,72125020,Coated flat products under 600mm,0.001,4742,2,True
France,France,72071190,Semi-finished steel,0.001,909,1,False
Austria,Austria,72230011,Stainless steel wire,0.001,1405,1,False
Finland,Netherlands,72092500,Cold-rolled flat products,0.001,1314,1,True
United States,France,72071980,Semi-finished steel,0.001,3647,1,True
Denmark,Denmark,72155080,Other bars and rods,0.001,2649,1,False
Croatia,France,72124080,Coated flat products under 600mm,0.001,1560,1,True
United Kingdom,Netherlands,72189911,Stainless steel ingots and semi-finished,0.001,1450,1,True
Germany,Czechia,72283061,Other alloy bars rods and sections,0.001,1270,1,True
Greece,Greece,72199080,Stainless steel flat products,0.001,2598,1,False
United Kingdom,Czechia,72222081,Stainless steel bars sections and wire,0.001,974,1,True
Unknown / not supplied,France,72119020,Flat products under 600mm,0.001,464,1,True
United States,Germany,72224090,Stainless steel bars sections and wire,0.001,1033,1,True
Unknown / not supplied,France,72123000,Coated flat products under 600mm,0.001,41,1,True
Brazil,France,72286080,Other alloy bars rods and sections,0.001,1485,1,True
Unknown / not supplied,Czechia,72159000,Other bars and rods,0.001,13,1,True
Sweden,Italy,72189980,Stainless steel ingots and semi-finished,0.001,1575,1,True
Switzerland,Switzerland,72202021,Stainless steel flat products under 600mm,0.001,1780,1,False
United States,United States,72126000,Coated flat products under 600mm,0.001,1212,1,False
Germany,Sweden,72121090,Coated flat products under 600mm,0.001,2001,1,True
Romania,Romania,72284090,Other alloy bars rods and sections,0.001,4974,1,False
Taiwan,United States,72171039,Wire,0.001,1271,1,True
Unknown / not supplied,Belgium,72162100,Angles shapes and sections,0.001,281,1,True
Romania,United States,72209080,Stainless steel flat products under 600mm,0.001,1705,1,True
Unknown / not supplied,Finland,72189980,Stainless steel ingots and semi-finished,0.001,49,1,True
Romania,Norway,72288000,Other alloy bars rods and sections,0.001,983,1,True
Japan,Japan,72109080,Coated or plated flat products,0.0,971,1,False
United States,Germany,72202089,Stainless steel flat products under 600mm,0.0,1066,1,True
United Kingdom,Spain,72230099,Stainless steel wire,0.0,11907,2,True
Canada,Germany,72230019,Stainless steel wire,0.0,1401,1,True
Canada,United States,72169900,Angles shapes and sections,0.0,2405,1,True
United States,Lithuania,72224010,Stainless steel bars sections and wire,0.0,922,1,True
Sweden,Sweden,72292000,Alloy steel wire,0.0,3762,1,False
Germany,Italy,72224090,Stainless steel bars sections and wire,0.0,2298,1,True
United Kingdom,Poland,72286020,Other alloy bars rods and sections,0.0,3713,1,True
United Kingdom,Canada,72287090,Other alloy bars rods and sections,0.0,16915,1,True
United Kingdom,United States,72210010,Stainless steel bars and rods,0.0,8728,1,True
Australia,Australia,72069000,Ingots and primary forms,0.0,8382,1,False
Japan,Germany,72224090,Stainless steel bars sections and wire,0.0,969,1,True
United States,United States,72044199,Ferrous waste and scrap,0.0,2551,2,False
China,Canada,72230011,Stainless steel wire,0.0,1154,1,True
Japan,United States,72224010,Stainless steel bars sections and wire,0.0,992,1,True
United States,United States,72039000,Direct reduced iron,0.0,4856,1,False
United States,Sweden,72202029,Stainless steel flat products under 600mm,0.0,1199,1,True
United Kingdom,France,72169900,Angles shapes and sections,0.0,1038,1,True
United Kingdom,France,72209080,Stainless steel flat products under 600mm,0.0,13533,1,True
France,France,72149995,Other bars and rods,0.0,1619,1,False
Canada,United States,72166900,Angles shapes and sections,0.0,1225,1,True
Lithuania,Lithuania,72210090,Stainless steel bars and rods,0.0,3900,1,False
Finland,Switzerland,72201100,Stainless steel flat products under 600mm,0.0,1353,1,True
France,Canada,72299090,Alloy steel wire,0.0,2649,1,True
France,Switzerland,72169900,Angles shapes and sections,0.0,920,1,True
Turkey,Romania,72072080,Semi-finished steel,0.0,5943,1,True
United Kingdom,United States,72112330,Flat products under 600mm,0.0,1515,1,True
Germany,Belgium,72162100,Angles shapes and sections,0.0,1065,1,True
United Kingdom,United States,72112380,Flat products under 600mm,0.0,960,1,True
United Kingdom,Spain,72179090,Wire,0.0,1207,1,True
Switzerland,Switzerland,72285080,Other alloy bars rods and sections,0.0,882,1,False
Switzerland,Switzerland,72221990,Stainless steel bars sections and wire,0.0,2038,1,False
Taiwan,Taiwan,72102000,Coated or plated flat products,0.0,3000,1,False
Taiwan,Netherlands,72072080,Semi-finished steel,0.0,1011,1,True
Germany,Switzerland,72224010,Stainless steel bars sections and wire,0.0,1194,1,True
Italy,Portugal,72224090,Stainless steel bars sections and wire,0.0,1132,1,True
Germany,Spain,72255020,Other alloy flat products,0.0,18578,2,True
Portugal,Portugal,72125090,Coated flat products under 600mm,0.0,1145,1,False
Hong Kong,China,72069000,Ingots and primary forms,0.0,946,1,True
Belgium,France,72107080,Coated or plated flat products,0.0,899,1,True
Switzerland,Switzerland,72191390,Stainless steel flat products,0.0,11099,2,False
China,Germany,72221189,Stainless steel bars sections and wire,0.0,3204,1,True
Bulgaria,Bulgaria,72089080,Hot-rolled flat products,0.0,908,1,False
United Kingdom,Switzerland,72221189,Stainless steel bars sections and wire,0.0,2082,2,True
India,Turkey,72230099,Stainless steel wire,0.0,991,1,True
India,Portugal,72069000,Ingots and primary forms,0.0,1125,1,True
France,Hungary,72139990,Hot-rolled bars and rods,0.0,1125,1,True
Switzerland,Switzerland,72109080,Coated or plated flat products,0.0,1158,1,False
